fabricante,modelo,codigo_modelo,url_modelo,href_original,texto_link,params
Adamo,CRX,CRX,https://www.carrosnaweb.com.br/catalogomodelo.asp?fabricante=Adamo&modelo=CRX,catalogomodelo.asp?fabricante=Adamo&modelo=CRX,CRX,"{'fabricante': ['Adamo'], 'modelo': ['CRX']}"
Adamo,GTL,GTL,https://www.carrosnaweb.com.br/catalogomodelo.asp?fabricante=Adamo&modelo=GTL,catalogomodelo.asp?fabricante=Adamo&modelo=GTL,GTL,"{'fabricante': ['Adamo'], 'modelo': ['GTL']}"
Adamo,GTM,GTM,https://www.carrosnaweb.com.br/catalogomodelo.asp?fabricante=Adamo&modelo=GTM,catalogomodelo.asp?fabricante=Adamo&modelo=GTM,GTM,"{'fabricante': ['Adamo'], 'modelo': ['GTM']}"
Agrale,Marruá,Marruá,https://www.carrosnaweb.com.br/catalogomodelo.asp?fabricante=Agrale&modelo=Marruá,catalogomodelo.asp?fabricante=Agrale&modelo=Marruá,Marruá,"{'fabricante': ['Agrale'], 'modelo': ['Marruá']}"
Alfa Romeo,145,145,https://www.carrosnaweb.com.br/catalogomodelo.asp?fabricante=Alfa Romeo&modelo=145,catalogomodelo.asp?fabricante=Alfa Romeo&modelo=145,145,"{'fabricante': ['Alfa Romeo'], 'modelo': ['145']}"
Alfa Romeo,147,147,https://www.carrosnaweb.com.br/catalogomodelo.asp?fabricante=Alfa Romeo&modelo=147,catalogomodelo.asp?fabricante=Alfa Romeo&modelo=147,147,"{'fabricante': ['Alfa Romeo'], 'modelo': ['147']}"
Alfa Romeo,155,155,https://www.carrosnaweb.com.br/catalogomodelo.asp?fabricante=Alfa Romeo&modelo=155,catalogomodelo.asp?fabricante=Alfa Romeo&modelo=155,155,"{'fabricante': ['Alfa Romeo'], 'modelo': ['155']}"
Alfa Romeo,156,156,https://www.carrosnaweb.com.br/catalogomodelo.asp?fabricante=Alfa Romeo&modelo=156,catalogomodelo.asp?fabricante=Alfa Romeo&modelo=156,156,"{'fabricante': ['Alfa Romeo'], 'modelo': ['156']}"
Alfa Romeo,156 Sportwagon,156 Sportwagon,https://www.carrosnaweb.com.br/catalogomodelo.asp?fabricante=Alfa Romeo&modelo=156 Sportwagon,catalogomodelo.asp?fabricante=Alfa Romeo&modelo=156 Sportwagon,156 Sportwagon,"{'fabricante': ['Alfa Romeo'], 'modelo': ['156 Sportwagon']}"
Alfa Romeo,164,164,https://www.carrosnaweb.com.br/catalogomodelo.asp?fabricante=Alfa Romeo&modelo=164,catalogomodelo.asp?fabricante=Alfa Romeo&modelo=164,164,"{'fabricante': ['Alfa Romeo'], 'modelo': ['164']}"
Alfa Romeo,166,166,https://www.carrosnaweb.com.br/catalogomodelo.asp?fabricante=Alfa Romeo&modelo=166,catalogomodelo.asp?fabricante=Alfa Romeo&modelo=166,166,"{'fabricante': ['Alfa Romeo'], 'modelo': ['166']}"
Alfa Romeo,2300,2300,https://www.carrosnaweb.com.br/catalogomodelo.asp?fabricante=Alfa Romeo&modelo=2300,catalogomodelo.asp?fabricante=Alfa Romeo&modelo=2300,2300,"{'fabricante': ['Alfa Romeo'], 'modelo': ['2300']}"
Alfa Romeo,Spider,Spider,https://www.carrosnaweb.com.br/catalogomodelo.asp?fabricante=Alfa Romeo&modelo=Spider,catalogomodelo.asp?fabricante=Alfa Romeo&modelo=Spider,Spider,"{'fabricante': ['Alfa Romeo'], 'modelo': ['Spider']}"
Ariel,Atom,Atom,https://www.carrosnaweb.com.br/catalogomodelo.asp?fabricante=Ariel&modelo=Atom,catalogomodelo.asp?fabricante=Ariel&modelo=Atom,Atom,"{'fabricante': ['Ariel'], 'modelo': ['Atom']}"
Asia,Rocsta,Rocsta,https://www.carrosnaweb.com.br/catalogomodelo.asp?fabricante=Asia&modelo=Rocsta,catalogomodelo.asp?fabricante=Asia&modelo=Rocsta,Rocsta,"{'fabricante': ['Asia'], 'modelo': ['Rocsta']}"
Asia,Topic,Topic,https://www.carrosnaweb.com.br/catalogomodelo.asp?fabricante=Asia&modelo=Topic,catalogomodelo.asp?fabricante=Asia&modelo=Topic,Topic,"{'fabricante': ['Asia'], 'modelo': ['Topic']}"
Asia,Towner,Towner,https://www.carrosnaweb.com.br/catalogomodelo.asp?fabricante=Asia&modelo=Towner,catalogomodelo.asp?fabricante=Asia&modelo=Towner,Towner,"{'fabricante': ['Asia'], 'modelo': ['Towner']}"
Aston Martin,DB11,DB11,https://www.carrosnaweb.com.br/catalogomodelo.asp?fabricante=Aston Martin&modelo=DB11,catalogomodelo.asp?fabricante=Aston Martin&modelo=DB11,DB11,"{'fabricante': ['Aston Martin'], 'modelo': ['DB11']}"
Aston Martin,DB12,DB12,https://www.carrosnaweb.com.br/catalogomodelo.asp?fabricante=Aston Martin&modelo=DB12,catalogomodelo.asp?fabricante=Aston Martin&modelo=DB12,DB12,"{'fabricante': ['Aston Martin'], 'modelo': ['DB12']}"
Aston Martin,DB7,DB7,https://www.carrosnaweb.com.br/catalogomodelo.asp?fabricante=Aston Martin&modelo=DB7,catalogomodelo.asp?fabricante=Aston Martin&modelo=DB7,DB7,"{'fabricante': ['Aston Martin'], 'modelo': ['DB7']}"
Aston Martin,DB9,DB9,https://www.carrosnaweb.com.br/catalogomodelo.asp?fabricante=Aston Martin&modelo=DB9,catalogomodelo.asp?fabricante=Aston Martin&modelo=DB9,DB9,"{'fabricante': ['Aston Martin'], 'modelo': ['DB9']}"
Aston Martin,DBS,DBS,https://www.carrosnaweb.com.br/catalogomodelo.asp?fabricante=Aston Martin&modelo=DBS,catalogomodelo.asp?fabricante=Aston Martin&modelo=DBS,DBS,"{'fabricante': ['Aston Martin'], 'modelo': ['DBS']}"
Aston Martin,DBX,DBX,https://www.carrosnaweb.com.br/catalogomodelo.asp?fabricante=Aston Martin&modelo=DBX,catalogomodelo.asp?fabricante=Aston Martin&modelo=DBX,DBX,"{'fabricante': ['Aston Martin'], 'modelo': ['DBX']}"
Aston Martin,Rapide,Rapide,https://www.carrosnaweb.com.br/catalogomodelo.asp?fabricante=Aston Martin&modelo=Rapide,catalogomodelo.asp?fabricante=Aston Martin&modelo=Rapide,Rapide,"{'fabricante': ['Aston Martin'], 'modelo': ['Rapide']}"
Aston Martin,Valhalla,Valhalla,https://www.carrosnaweb.com.br/catalogomodelo.asp?fabricante=Aston Martin&modelo=Valhalla,catalogomodelo.asp?fabricante=Aston Martin&modelo=Valhalla,Valhalla,"{'fabricante': ['Aston Martin'], 'modelo': ['Valhalla']}"
Aston Martin,Valkyrie,Valkyrie,https://www.carrosnaweb.com.br/catalogomodelo.asp?fabricante=Aston Martin&modelo=Valkyrie,catalogomodelo.asp?fabricante=Aston Martin&modelo=Valkyrie,Valkyrie,"{'fabricante': ['Aston Martin'], 'modelo': ['Valkyrie']}"
Aston Martin,Valour,Valour,https://www.carrosnaweb.com.br/catalogomodelo.asp?fabricante=Aston Martin&modelo=Valour,catalogomodelo.asp?fabricante=Aston Martin&modelo=Valour,Valour,"{'fabricante': ['Aston Martin'], 'modelo': ['Valour']}"
Aston Martin,Vanquish,Vanquish,https://www.carrosnaweb.com.br/catalogomodelo.asp?fabricante=Aston Martin&modelo=Vanquish,catalogomodelo.asp?fabricante=Aston Martin&modelo=Vanquish,Vanquish,"{'fabricante': ['Aston Martin'], 'modelo': ['Vanquish']}"
Aston Martin,Vantage,Vantage,https://www.carrosnaweb.com.br/catalogomodelo.asp?fabricante=Aston Martin&modelo=Vantage,catalogomodelo.asp?fabricante=Aston Martin&modelo=Vantage,Vantage,"{'fabricante': ['Aston Martin'], 'modelo': ['Vantage']}"
Aston Martin,Virage,Virage,https://www.carrosnaweb.com.br/catalogomodelo.asp?fabricante=Aston Martin&modelo=Virage,catalogomodelo.asp?fabricante=Aston Martin&modelo=Virage,Virage,"{'fabricante': ['Aston Martin'], 'modelo': ['Virage']}"
Audi,100,100,https://www.carrosnaweb.com.br/catalogomodelo.asp?fabricante=Audi&modelo=100,catalogomodelo.asp?fabricante=Audi&modelo=100,100,"{'fabricante': ['Audi'], 'modelo': ['100']}"
Audi,100 Avant,100 Avant,https://www.carrosnaweb.com.br/catalogomodelo.asp?fabricante=Audi&modelo=100 Avant,catalogomodelo.asp?fabricante=Audi&modelo=100 Avant,100 Avant,"{'fabricante': ['Audi'], 'modelo': ['100 Avant']}"
Audi,80,80,https://www.carrosnaweb.com.br/catalogomodelo.asp?fabricante=Audi&modelo=80,catalogomodelo.asp?fabricante=Audi&modelo=80,80,"{'fabricante': ['Audi'], 'modelo': ['80']}"
Audi,80 Avant,80 Avant,https://www.carrosnaweb.com.br/catalogomodelo.asp?fabricante=Audi&modelo=80 Avant,catalogomodelo.asp?fabricante=Audi&modelo=80 Avant,80 Avant,"{'fabricante': ['Audi'], 'modelo': ['80 Avant']}"
Audi,80 Cabriolet,80 Cabriolet,https://www.carrosnaweb.com.br/catalogomodelo.asp?fabricante=Audi&modelo=80 Cabriolet,catalogomodelo.asp?fabricante=Audi&modelo=80 Cabriolet,80 Cabriolet,"{'fabricante': ['Audi'], 'modelo': ['80 Cabriolet']}"
Audi,A1,A1,https://www.carrosnaweb.com.br/catalogomodelo.asp?fabricante=Audi&modelo=A1,catalogomodelo.asp?fabricante=Audi&modelo=A1,A1,"{'fabricante': ['Audi'], 'modelo': ['A1']}"
Audi,A3,A3,https://www.carrosnaweb.com.br/catalogomodelo.asp?fabricante=Audi&modelo=A3,catalogomodelo.asp?fabricante=Audi&modelo=A3,A3,"{'fabricante': ['Audi'], 'modelo': ['A3']}"
Audi,A3 Cabriolet,A3 Cabriolet,https://www.carrosnaweb.com.br/catalogomodelo.asp?fabricante=Audi&modelo=A3 Cabriolet,catalogomodelo.asp?fabricante=Audi&modelo=A3 Cabriolet,A3 Cabriolet,"{'fabricante': ['Audi'], 'modelo': ['A3 Cabriolet']}"
Audi,A3 Sedan,A3 Sedan,https://www.carrosnaweb.com.br/catalogomodelo.asp?fabricante=Audi&modelo=A3 Sedan,catalogomodelo.asp?fabricante=Audi&modelo=A3 Sedan,A3 Sedan,"{'fabricante': ['Audi'], 'modelo': ['A3 Sedan']}"
Audi,A4,A4,https://www.carrosnaweb.com.br/catalogomodelo.asp?fabricante=Audi&modelo=A4,catalogomodelo.asp?fabricante=Audi&modelo=A4,A4,"{'fabricante': ['Audi'], 'modelo': ['A4']}"
Audi,A4 Avant,A4 Avant,https://www.carrosnaweb.com.br/catalogomodelo.asp?fabricante=Audi&modelo=A4 Avant,catalogomodelo.asp?fabricante=Audi&modelo=A4 Avant,A4 Avant,"{'fabricante': ['Audi'], 'modelo': ['A4 Avant']}"
Audi,A4 Cabriolet,A4 Cabriolet,https://www.carrosnaweb.com.br/catalogomodelo.asp?fabricante=Audi&modelo=A4 Cabriolet,catalogomodelo.asp?fabricante=Audi&modelo=A4 Cabriolet,A4 Cabriolet,"{'fabricante': ['Audi'], 'modelo': ['A4 Cabriolet']}"
Audi,A5,A5,https://www.carrosnaweb.com.br/catalogomodelo.asp?fabricante=Audi&modelo=A5,catalogomodelo.asp?fabricante=Audi&modelo=A5,A5,"{'fabricante': ['Audi'], 'modelo': ['A5']}"
Audi,A5 Cabriolet,A5 Cabriolet,https://www.carrosnaweb.com.br/catalogomodelo.asp?fabricante=Audi&modelo=A5 Cabriolet,catalogomodelo.asp?fabricante=Audi&modelo=A5 Cabriolet,A5 Cabriolet,"{'fabricante': ['Audi'], 'modelo': ['A5 Cabriolet']}"
Audi,A5 Coupe,A5 Coupe,https://www.carrosnaweb.com.br/catalogomodelo.asp?fabricante=Audi&modelo=A5 Coupe,catalogomodelo.asp?fabricante=Audi&modelo=A5 Coupe,A5 Coupe,"{'fabricante': ['Audi'], 'modelo': ['A5 Coupe']}"
Audi,A6,A6,https://www.carrosnaweb.com.br/catalogomodelo.asp?fabricante=Audi&modelo=A6,catalogomodelo.asp?fabricante=Audi&modelo=A6,A6,"{'fabricante': ['Audi'], 'modelo': ['A6']}"
Audi,A6 Avant,A6 Avant,https://www.carrosnaweb.com.br/catalogomodelo.asp?fabricante=Audi&modelo=A6 Avant,catalogomodelo.asp?fabricante=Audi&modelo=A6 Avant,A6 Avant,"{'fabricante': ['Audi'], 'modelo': ['A6 Avant']}"
Audi,A6 E-tron,A6 E-tron,https://www.carrosnaweb.com.br/catalogomodelo.asp?fabricante=Audi&modelo=A6 E-tron,catalogomodelo.asp?fabricante=Audi&modelo=A6 E-tron,A6 E-tron,"{'fabricante': ['Audi'], 'modelo': ['A6 E-tron']}"
Audi,A7,A7,https://www.carrosnaweb.com.br/catalogomodelo.asp?fabricante=Audi&modelo=A7,catalogomodelo.asp?fabricante=Audi&modelo=A7,A7,"{'fabricante': ['Audi'], 'modelo': ['A7']}"
Audi,A8,A8,https://www.carrosnaweb.com.br/catalogomodelo.asp?fabricante=Audi&modelo=A8,catalogomodelo.asp?fabricante=Audi&modelo=A8,A8,"{'fabricante': ['Audi'], 'modelo': ['A8']}"
Audi,E-tron,E-tron,https://www.carrosnaweb.com.br/catalogomodelo.asp?fabricante=Audi&modelo=E-tron,catalogomodelo.asp?fabricante=Audi&modelo=E-tron,E-tron,"{'fabricante': ['Audi'], 'modelo': ['E-tron']}"
Audi,E-tron GT,E-tron GT,https://www.carrosnaweb.com.br/catalogomodelo.asp?fabricante=Audi&modelo=E-tron GT,catalogomodelo.asp?fabricante=Audi&modelo=E-tron GT,E-tron GT,"{'fabricante': ['Audi'], 'modelo': ['E-tron GT']}"
Audi,E-tron Sportback,E-tron Sportback,https://www.carrosnaweb.com.br/catalogomodelo.asp?fabricante=Audi&modelo=E-tron Sportback,catalogomodelo.asp?fabricante=Audi&modelo=E-tron Sportback,E-tron Sportback,"{'fabricante': ['Audi'], 'modelo': ['E-tron Sportback']}"
Audi,Q3,Q3,https://www.carrosnaweb.com.br/catalogomodelo.asp?fabricante=Audi&modelo=Q3,catalogomodelo.asp?fabricante=Audi&modelo=Q3,Q3,"{'fabricante': ['Audi'], 'modelo': ['Q3']}"
Audi,Q3 Sportback,Q3 Sportback,https://www.carrosnaweb.com.br/catalogomodelo.asp?fabricante=Audi&modelo=Q3 Sportback,catalogomodelo.asp?fabricante=Audi&modelo=Q3 Sportback,Q3 Sportback,"{'fabricante': ['Audi'], 'modelo': ['Q3 Sportback']}"
Audi,Q5,Q5,https://www.carrosnaweb.com.br/catalogomodelo.asp?fabricante=Audi&modelo=Q5,catalogomodelo.asp?fabricante=Audi&modelo=Q5,Q5,"{'fabricante': ['Audi'], 'modelo': ['Q5']}"
Audi,Q5 Sportback,Q5 Sportback,https://www.carrosnaweb.com.br/catalogomodelo.asp?fabricante=Audi&modelo=Q5 Sportback,catalogomodelo.asp?fabricante=Audi&modelo=Q5 Sportback,Q5 Sportback,"{'fabricante': ['Audi'], 'modelo': ['Q5 Sportback']}"
Audi,Q6 E-tron,Q6 E-tron,https://www.carrosnaweb.com.br/catalogomodelo.asp?fabricante=Audi&modelo=Q6 E-tron,catalogomodelo.asp?fabricante=Audi&modelo=Q6 E-tron,Q6 E-tron,"{'fabricante': ['Audi'], 'modelo': ['Q6 E-tron']}"
Audi,Q6 Sportback E-tron,Q6 Sportback E-tron,https://www.carrosnaweb.com.br/catalogomodelo.asp?fabricante=Audi&modelo=Q6 Sportback E-tron,catalogomodelo.asp?fabricante=Audi&modelo=Q6 Sportback E-tron,Q6 Sportback E-tron,"{'fabricante': ['Audi'], 'modelo': ['Q6 Sportback E-tron']}"
Audi,Q7,Q7,https://www.carrosnaweb.com.br/catalogomodelo.asp?fabricante=Audi&modelo=Q7,catalogomodelo.asp?fabricante=Audi&modelo=Q7,Q7,"{'fabricante': ['Audi'], 'modelo': ['Q7']}"
Audi,Q8,Q8,https://www.carrosnaweb.com.br/catalogomodelo.asp?fabricante=Audi&modelo=Q8,catalogomodelo.asp?fabricante=Audi&modelo=Q8,Q8,"{'fabricante': ['Audi'], 'modelo': ['Q8']}"
Audi,Q8 E-tron,Q8 E-tron,https://www.carrosnaweb.com.br/catalogomodelo.asp?fabricante=Audi&modelo=Q8 E-tron,catalogomodelo.asp?fabricante=Audi&modelo=Q8 E-tron,Q8 E-tron,"{'fabricante': ['Audi'], 'modelo': ['Q8 E-tron']}"
Audi,Q8 E-tron Sportback,Q8 E-tron Sportback,https://www.carrosnaweb.com.br/catalogomodelo.asp?fabricante=Audi&modelo=Q8 E-tron Sportback,catalogomodelo.asp?fabricante=Audi&modelo=Q8 E-tron Sportback,Q8 E-tron Sportback,"{'fabricante': ['Audi'], 'modelo': ['Q8 E-tron Sportback']}"
Audi,R8,R8,https://www.carrosnaweb.com.br/catalogomodelo.asp?fabricante=Audi&modelo=R8,catalogomodelo.asp?fabricante=Audi&modelo=R8,R8,"{'fabricante': ['Audi'], 'modelo': ['R8']}"
Audi,R8 Spyder,R8 Spyder,https://www.carrosnaweb.com.br/catalogomodelo.asp?fabricante=Audi&modelo=R8 Spyder,catalogomodelo.asp?fabricante=Audi&modelo=R8 Spyder,R8 Spyder,"{'fabricante': ['Audi'], 'modelo': ['R8 Spyder']}"
Audi,RS 2 Avant,RS 2 Avant,https://www.carrosnaweb.com.br/catalogomodelo.asp?fabricante=Audi&modelo=RS 2 Avant,catalogomodelo.asp?fabricante=Audi&modelo=RS 2 Avant,RS 2 Avant,"{'fabricante': ['Audi'], 'modelo': ['RS 2 Avant']}"
Audi,RS 3,RS 3,https://www.carrosnaweb.com.br/catalogomodelo.asp?fabricante=Audi&modelo=RS 3,catalogomodelo.asp?fabricante=Audi&modelo=RS 3,RS 3,"{'fabricante': ['Audi'], 'modelo': ['RS 3']}"
Audi,RS 3 Sedan,RS 3 Sedan,https://www.carrosnaweb.com.br/catalogomodelo.asp?fabricante=Audi&modelo=RS 3 Sedan,catalogomodelo.asp?fabricante=Audi&modelo=RS 3 Sedan,RS 3 Sedan,"{'fabricante': ['Audi'], 'modelo': ['RS 3 Sedan']}"
Audi,RS 4 Avant,RS 4 Avant,https://www.carrosnaweb.com.br/catalogomodelo.asp?fabricante=Audi&modelo=RS 4 Avant,catalogomodelo.asp?fabricante=Audi&modelo=RS 4 Avant,RS 4 Avant,"{'fabricante': ['Audi'], 'modelo': ['RS 4 Avant']}"
Audi,RS 5,RS 5,https://www.carrosnaweb.com.br/catalogomodelo.asp?fabricante=Audi&modelo=RS 5,catalogomodelo.asp?fabricante=Audi&modelo=RS 5,RS 5,"{'fabricante': ['Audi'], 'modelo': ['RS 5']}"
Audi,RS 5 Sportback,RS 5 Sportback,https://www.carrosnaweb.com.br/catalogomodelo.asp?fabricante=Audi&modelo=RS 5 Sportback,catalogomodelo.asp?fabricante=Audi&modelo=RS 5 Sportback,RS 5 Sportback,"{'fabricante': ['Audi'], 'modelo': ['RS 5 Sportback']}"
Audi,RS 6,RS 6,https://www.carrosnaweb.com.br/catalogomodelo.asp?fabricante=Audi&modelo=RS 6,catalogomodelo.asp?fabricante=Audi&modelo=RS 6,RS 6,"{'fabricante': ['Audi'], 'modelo': ['RS 6']}"
Audi,RS 6 Avant,RS 6 Avant,https://www.carrosnaweb.com.br/catalogomodelo.asp?fabricante=Audi&modelo=RS 6 Avant,catalogomodelo.asp?fabricante=Audi&modelo=RS 6 Avant,RS 6 Avant,"{'fabricante': ['Audi'], 'modelo': ['RS 6 Avant']}"
Audi,RS 7,RS 7,https://www.carrosnaweb.com.br/catalogomodelo.asp?fabricante=Audi&modelo=RS 7,catalogomodelo.asp?fabricante=Audi&modelo=RS 7,RS 7,"{'fabricante': ['Audi'], 'modelo': ['RS 7']}"
Audi,RS Q3,RS Q3,https://www.carrosnaweb.com.br/catalogomodelo.asp?fabricante=Audi&modelo=RS Q3,catalogomodelo.asp?fabricante=Audi&modelo=RS Q3,RS Q3,"{'fabricante': ['Audi'], 'modelo': ['RS Q3']}"
Audi,RS Q3 Sportback,RS Q3 Sportback,https://www.carrosnaweb.com.br/catalogomodelo.asp?fabricante=Audi&modelo=RS Q3 Sportback,catalogomodelo.asp?fabricante=Audi&modelo=RS Q3 Sportback,RS Q3 Sportback,"{'fabricante': ['Audi'], 'modelo': ['RS Q3 Sportback']}"
Audi,RS Q8,RS Q8,https://www.carrosnaweb.com.br/catalogomodelo.asp?fabricante=Audi&modelo=RS Q8,catalogomodelo.asp?fabricante=Audi&modelo=RS Q8,RS Q8,"{'fabricante': ['Audi'], 'modelo': ['RS Q8']}"
Audi,S2,S2,https://www.carrosnaweb.com.br/catalogomodelo.asp?fabricante=Audi&modelo=S2,catalogomodelo.asp?fabricante=Audi&modelo=S2,S2,"{'fabricante': ['Audi'], 'modelo': ['S2']}"
Audi,S2 Avant,S2 Avant,https://www.carrosnaweb.com.br/catalogomodelo.asp?fabricante=Audi&modelo=S2 Avant,catalogomodelo.asp?fabricante=Audi&modelo=S2 Avant,S2 Avant,"{'fabricante': ['Audi'], 'modelo': ['S2 Avant']}"
Audi,S2 Coupe,S2 Coupe,https://www.carrosnaweb.com.br/catalogomodelo.asp?fabricante=Audi&modelo=S2 Coupe,catalogomodelo.asp?fabricante=Audi&modelo=S2 Coupe,S2 Coupe,"{'fabricante': ['Audi'], 'modelo': ['S2 Coupe']}"
Audi,S3,S3,https://www.carrosnaweb.com.br/catalogomodelo.asp?fabricante=Audi&modelo=S3,catalogomodelo.asp?fabricante=Audi&modelo=S3,S3,"{'fabricante': ['Audi'], 'modelo': ['S3']}"
Audi,S3 Sedan,S3 Sedan,https://www.carrosnaweb.com.br/catalogomodelo.asp?fabricante=Audi&modelo=S3 Sedan,catalogomodelo.asp?fabricante=Audi&modelo=S3 Sedan,S3 Sedan,"{'fabricante': ['Audi'], 'modelo': ['S3 Sedan']}"
Audi,S4,S4,https://www.carrosnaweb.com.br/catalogomodelo.asp?fabricante=Audi&modelo=S4,catalogomodelo.asp?fabricante=Audi&modelo=S4,S4,"{'fabricante': ['Audi'], 'modelo': ['S4']}"
Audi,S4 Avant,S4 Avant,https://www.carrosnaweb.com.br/catalogomodelo.asp?fabricante=Audi&modelo=S4 Avant,catalogomodelo.asp?fabricante=Audi&modelo=S4 Avant,S4 Avant,"{'fabricante': ['Audi'], 'modelo': ['S4 Avant']}"
Audi,S5,S5,https://www.carrosnaweb.com.br/catalogomodelo.asp?fabricante=Audi&modelo=S5,catalogomodelo.asp?fabricante=Audi&modelo=S5,S5,"{'fabricante': ['Audi'], 'modelo': ['S5']}"
Audi,S5 Cabriolet,S5 Cabriolet,https://www.carrosnaweb.com.br/catalogomodelo.asp?fabricante=Audi&modelo=S5 Cabriolet,catalogomodelo.asp?fabricante=Audi&modelo=S5 Cabriolet,S5 Cabriolet,"{'fabricante': ['Audi'], 'modelo': ['S5 Cabriolet']}"
Audi,S5 Coupe,S5 Coupe,https://www.carrosnaweb.com.br/catalogomodelo.asp?fabricante=Audi&modelo=S5 Coupe,catalogomodelo.asp?fabricante=Audi&modelo=S5 Coupe,S5 Coupe,"{'fabricante': ['Audi'], 'modelo': ['S5 Coupe']}"
Audi,S6,S6,https://www.carrosnaweb.com.br/catalogomodelo.asp?fabricante=Audi&modelo=S6,catalogomodelo.asp?fabricante=Audi&modelo=S6,S6,"{'fabricante': ['Audi'], 'modelo': ['S6']}"
Audi,S6 Avant,S6 Avant,https://www.carrosnaweb.com.br/catalogomodelo.asp?fabricante=Audi&modelo=S6 Avant,catalogomodelo.asp?fabricante=Audi&modelo=S6 Avant,S6 Avant,"{'fabricante': ['Audi'], 'modelo': ['S6 Avant']}"
Audi,S7,S7,https://www.carrosnaweb.com.br/catalogomodelo.asp?fabricante=Audi&modelo=S7,catalogomodelo.asp?fabricante=Audi&modelo=S7,S7,"{'fabricante': ['Audi'], 'modelo': ['S7']}"
Audi,S8,S8,https://www.carrosnaweb.com.br/catalogomodelo.asp?fabricante=Audi&modelo=S8,catalogomodelo.asp?fabricante=Audi&modelo=S8,S8,"{'fabricante': ['Audi'], 'modelo': ['S8']}"
Audi,SQ5,SQ5,https://www.carrosnaweb.com.br/catalogomodelo.asp?fabricante=Audi&modelo=SQ5,catalogomodelo.asp?fabricante=Audi&modelo=SQ5,SQ5,"{'fabricante': ['Audi'], 'modelo': ['SQ5']}"
Audi,SQ5 Sportback,SQ5 Sportback,https://www.carrosnaweb.com.br/catalogomodelo.asp?fabricante=Audi&modelo=SQ5 Sportback,catalogomodelo.asp?fabricante=Audi&modelo=SQ5 Sportback,SQ5 Sportback,"{'fabricante': ['Audi'], 'modelo': ['SQ5 Sportback']}"
Audi,SQ6 Sportback E-tron,SQ6 Sportback E-tron,https://www.carrosnaweb.com.br/catalogomodelo.asp?fabricante=Audi&modelo=SQ6 Sportback E-tron,catalogomodelo.asp?fabricante=Audi&modelo=SQ6 Sportback E-tron,SQ6 Sportback E-tron,"{'fabricante': ['Audi'], 'modelo': ['SQ6 Sportback E-tron']}"
Audi,SQ8 E-tron,SQ8 E-tron,https://www.carrosnaweb.com.br/catalogomodelo.asp?fabricante=Audi&modelo=SQ8 E-tron,catalogomodelo.asp?fabricante=Audi&modelo=SQ8 E-tron,SQ8 E-tron,"{'fabricante': ['Audi'], 'modelo': ['SQ8 E-tron']}"
Audi,TT,TT,https://www.carrosnaweb.com.br/catalogomodelo.asp?fabricante=Audi&modelo=TT,catalogomodelo.asp?fabricante=Audi&modelo=TT,TT,"{'fabricante': ['Audi'], 'modelo': ['TT']}"
Audi,TT RS,TT RS,https://www.carrosnaweb.com.br/catalogomodelo.asp?fabricante=Audi&modelo=TT RS,catalogomodelo.asp?fabricante=Audi&modelo=TT RS,TT RS,"{'fabricante': ['Audi'], 'modelo': ['TT RS']}"
Audi,TT Roadster,TT Roadster,https://www.carrosnaweb.com.br/catalogomodelo.asp?fabricante=Audi&modelo=TT Roadster,catalogomodelo.asp?fabricante=Audi&modelo=TT Roadster,TT Roadster,"{'fabricante': ['Audi'], 'modelo': ['TT Roadster']}"
Audi,TTS,TTS,https://www.carrosnaweb.com.br/catalogomodelo.asp?fabricante=Audi&modelo=TTS,catalogomodelo.asp?fabricante=Audi&modelo=TTS,TTS,"{'fabricante': ['Audi'], 'modelo': ['TTS']}"
Avallone,TF,TF,https://www.carrosnaweb.com.br/catalogomodelo.asp?fabricante=Avallone&modelo=TF,catalogomodelo.asp?fabricante=Avallone&modelo=TF,TF,"{'fabricante': ['Avallone'], 'modelo': ['TF']}"
BAIC,Arcfox T1,Arcfox T1,https://www.carrosnaweb.com.br/catalogomodelo.asp?fabricante=BAIC&modelo=Arcfox T1,catalogomodelo.asp?fabricante=BAIC&modelo=Arcfox T1,Arcfox T1,"{'fabricante': ['BAIC'], 'modelo': ['Arcfox T1']}"
BMW,116i,116i,https://www.carrosnaweb.com.br/catalogomodelo.asp?fabricante=BMW&modelo=116i,catalogomodelo.asp?fabricante=BMW&modelo=116i,116i,"{'fabricante': ['BMW'], 'modelo': ['116i']}"
BMW,118i,118i,https://www.carrosnaweb.com.br/catalogomodelo.asp?fabricante=BMW&modelo=118i,catalogomodelo.asp?fabricante=BMW&modelo=118i,118i,"{'fabricante': ['BMW'], 'modelo': ['118i']}"
BMW,120i,120i,https://www.carrosnaweb.com.br/catalogomodelo.asp?fabricante=BMW&modelo=120i,catalogomodelo.asp?fabricante=BMW&modelo=120i,120i,"{'fabricante': ['BMW'], 'modelo': ['120i']}"
BMW,120i Cabriolet,120i Cabriolet,https://www.carrosnaweb.com.br/catalogomodelo.asp?fabricante=BMW&modelo=120i Cabriolet,catalogomodelo.asp?fabricante=BMW&modelo=120i Cabriolet,120i Cabriolet,"{'fabricante': ['BMW'], 'modelo': ['120i Cabriolet']}"
BMW,125i,125i,https://www.carrosnaweb.com.br/catalogomodelo.asp?fabricante=BMW&modelo=125i,catalogomodelo.asp?fabricante=BMW&modelo=125i,125i,"{'fabricante': ['BMW'], 'modelo': ['125i']}"
BMW,130i,130i,https://www.carrosnaweb.com.br/catalogomodelo.asp?fabricante=BMW&modelo=130i,catalogomodelo.asp?fabricante=BMW&modelo=130i,130i,"{'fabricante': ['BMW'], 'modelo': ['130i']}"
BMW,135i Coupe,135i Coupe,https://www.carrosnaweb.com.br/catalogomodelo.asp?fabricante=BMW&modelo=135i Coupe,catalogomodelo.asp?fabricante=BMW&modelo=135i Coupe,135i Coupe,"{'fabricante': ['BMW'], 'modelo': ['135i Coupe']}"
BMW,218i,218i,https://www.carrosnaweb.com.br/catalogomodelo.asp?fabricante=BMW&modelo=218i,catalogomodelo.asp?fabricante=BMW&modelo=218i,218i,"{'fabricante': ['BMW'], 'modelo': ['218i']}"
BMW,220,220,https://www.carrosnaweb.com.br/catalogomodelo.asp?fabricante=BMW&modelo=220,catalogomodelo.asp?fabricante=BMW&modelo=220,220,"{'fabricante': ['BMW'], 'modelo': ['220']}"
BMW,220i Active Tourer,220i Active Tourer,https://www.carrosnaweb.com.br/catalogomodelo.asp?fabricante=BMW&modelo=220i Active Tourer,catalogomodelo.asp?fabricante=BMW&modelo=220i Active Tourer,220i Active Tourer,"{'fabricante': ['BMW'], 'modelo': ['220i Active Tourer']}"
BMW,225i Active Tourer,225i Active Tourer,https://www.carrosnaweb.com.br/catalogomodelo.asp?fabricante=BMW&modelo=225i Active Tourer,catalogomodelo.asp?fabricante=BMW&modelo=225i Active Tourer,225i Active Tourer,"{'fabricante': ['BMW'], 'modelo': ['225i Active Tourer']}"
BMW,235i Coupe,235i Coupe,https://www.carrosnaweb.com.br/catalogomodelo.asp?fabricante=BMW&modelo=235i Coupe,catalogomodelo.asp?fabricante=BMW&modelo=235i Coupe,235i Coupe,"{'fabricante': ['BMW'], 'modelo': ['235i Coupe']}"
BMW,316i,316i,https://www.carrosnaweb.com.br/catalogomodelo.asp?fabricante=BMW&modelo=316i,catalogomodelo.asp?fabricante=BMW&modelo=316i,316i,"{'fabricante': ['BMW'], 'modelo': ['316i']}"
BMW,318Ti,318Ti,https://www.carrosnaweb.com.br/catalogomodelo.asp?fabricante=BMW&modelo=318Ti,catalogomodelo.asp?fabricante=BMW&modelo=318Ti,318Ti,"{'fabricante': ['BMW'], 'modelo': ['318Ti']}"
BMW,318i,318i,https://www.carrosnaweb.com.br/catalogomodelo.asp?fabricante=BMW&modelo=318i,catalogomodelo.asp?fabricante=BMW&modelo=318i,318i,"{'fabricante': ['BMW'], 'modelo': ['318i']}"
BMW,318i Cabriolet,318i Cabriolet,https://www.carrosnaweb.com.br/catalogomodelo.asp?fabricante=BMW&modelo=318i Cabriolet,catalogomodelo.asp?fabricante=BMW&modelo=318i Cabriolet,318i Cabriolet,"{'fabricante': ['BMW'], 'modelo': ['318i Cabriolet']}"
BMW,320i,320i,https://www.carrosnaweb.com.br/catalogomodelo.asp?fabricante=BMW&modelo=320i,catalogomodelo.asp?fabricante=BMW&modelo=320i,320i,"{'fabricante': ['BMW'], 'modelo': ['320i']}"
BMW,320i GT,320i GT,https://www.carrosnaweb.com.br/catalogomodelo.asp?fabricante=BMW&modelo=320i GT,catalogomodelo.asp?fabricante=BMW&modelo=320i GT,320i GT,"{'fabricante': ['BMW'], 'modelo': ['320i GT']}"
BMW,323Ti,323Ti,https://www.carrosnaweb.com.br/catalogomodelo.asp?fabricante=BMW&modelo=323Ti,catalogomodelo.asp?fabricante=BMW&modelo=323Ti,323Ti,"{'fabricante': ['BMW'], 'modelo': ['323Ti']}"
BMW,323i,323i,https://www.carrosnaweb.com.br/catalogomodelo.asp?fabricante=BMW&modelo=323i,catalogomodelo.asp?fabricante=BMW&modelo=323i,323i,"{'fabricante': ['BMW'], 'modelo': ['323i']}"
BMW,323i Coupe,323i Coupe,https://www.carrosnaweb.com.br/catalogomodelo.asp?fabricante=BMW&modelo=323i Coupe,catalogomodelo.asp?fabricante=BMW&modelo=323i Coupe,323i Coupe,"{'fabricante': ['BMW'], 'modelo': ['323i Coupe']}"
BMW,323i Touring,323i Touring,https://www.carrosnaweb.com.br/catalogomodelo.asp?fabricante=BMW&modelo=323i Touring,catalogomodelo.asp?fabricante=BMW&modelo=323i Touring,323i Touring,"{'fabricante': ['BMW'], 'modelo': ['323i Touring']}"
BMW,325i,325i,https://www.carrosnaweb.com.br/catalogomodelo.asp?fabricante=BMW&modelo=325i,catalogomodelo.asp?fabricante=BMW&modelo=325i,325i,"{'fabricante': ['BMW'], 'modelo': ['325i']}"
BMW,325i Cabriolet,325i Cabriolet,https://www.carrosnaweb.com.br/catalogomodelo.asp?fabricante=BMW&modelo=325i Cabriolet,catalogomodelo.asp?fabricante=BMW&modelo=325i Cabriolet,325i Cabriolet,"{'fabricante': ['BMW'], 'modelo': ['325i Cabriolet']}"
BMW,325i Coupe,325i Coupe,https://www.carrosnaweb.com.br/catalogomodelo.asp?fabricante=BMW&modelo=325i Coupe,catalogomodelo.asp?fabricante=BMW&modelo=325i Coupe,325i Coupe,"{'fabricante': ['BMW'], 'modelo': ['325i Coupe']}"
BMW,325i Touring,325i Touring,https://www.carrosnaweb.com.br/catalogomodelo.asp?fabricante=BMW&modelo=325i Touring,catalogomodelo.asp?fabricante=BMW&modelo=325i Touring,325i Touring,"{'fabricante': ['BMW'], 'modelo': ['325i Touring']}"
BMW,328i,328i,https://www.carrosnaweb.com.br/catalogomodelo.asp?fabricante=BMW&modelo=328i,catalogomodelo.asp?fabricante=BMW&modelo=328i,328i,"{'fabricante': ['BMW'], 'modelo': ['328i']}"
BMW,328i Cabriolet,328i Cabriolet,https://www.carrosnaweb.com.br/catalogomodelo.asp?fabricante=BMW&modelo=328i Cabriolet,catalogomodelo.asp?fabricante=BMW&modelo=328i Cabriolet,328i Cabriolet,"{'fabricante': ['BMW'], 'modelo': ['328i Cabriolet']}"
BMW,328i GT,328i GT,https://www.carrosnaweb.com.br/catalogomodelo.asp?fabricante=BMW&modelo=328i GT,catalogomodelo.asp?fabricante=BMW&modelo=328i GT,328i GT,"{'fabricante': ['BMW'], 'modelo': ['328i GT']}"
BMW,328i Touring,328i Touring,https://www.carrosnaweb.com.br/catalogomodelo.asp?fabricante=BMW&modelo=328i Touring,catalogomodelo.asp?fabricante=BMW&modelo=328i Touring,328i Touring,"{'fabricante': ['BMW'], 'modelo': ['328i Touring']}"
BMW,330e,330e,https://www.carrosnaweb.com.br/catalogomodelo.asp?fabricante=BMW&modelo=330e,catalogomodelo.asp?fabricante=BMW&modelo=330e,330e,"{'fabricante': ['BMW'], 'modelo': ['330e']}"
BMW,330i,330i,https://www.carrosnaweb.com.br/catalogomodelo.asp?fabricante=BMW&modelo=330i,catalogomodelo.asp?fabricante=BMW&modelo=330i,330i,"{'fabricante': ['BMW'], 'modelo': ['330i']}"
BMW,330i Cabriolet,330i Cabriolet,https://www.carrosnaweb.com.br/catalogomodelo.asp?fabricante=BMW&modelo=330i Cabriolet,catalogomodelo.asp?fabricante=BMW&modelo=330i Cabriolet,330i Cabriolet,"{'fabricante': ['BMW'], 'modelo': ['330i Cabriolet']}"
BMW,335i,335i,https://www.carrosnaweb.com.br/catalogomodelo.asp?fabricante=BMW&modelo=335i,catalogomodelo.asp?fabricante=BMW&modelo=335i,335i,"{'fabricante': ['BMW'], 'modelo': ['335i']}"
BMW,335i Cabriolet,335i Cabriolet,https://www.carrosnaweb.com.br/catalogomodelo.asp?fabricante=BMW&modelo=335i Cabriolet,catalogomodelo.asp?fabricante=BMW&modelo=335i Cabriolet,335i Cabriolet,"{'fabricante': ['BMW'], 'modelo': ['335i Cabriolet']}"
BMW,420i Cabriolet,420i Cabriolet,https://www.carrosnaweb.com.br/catalogomodelo.asp?fabricante=BMW&modelo=420i Cabriolet,catalogomodelo.asp?fabricante=BMW&modelo=420i Cabriolet,420i Cabriolet,"{'fabricante': ['BMW'], 'modelo': ['420i Cabriolet']}"
BMW,428i,428i,https://www.carrosnaweb.com.br/catalogomodelo.asp?fabricante=BMW&modelo=428i,catalogomodelo.asp?fabricante=BMW&modelo=428i,428i,"{'fabricante': ['BMW'], 'modelo': ['428i']}"
BMW,428i Cabriolet,428i Cabriolet,https://www.carrosnaweb.com.br/catalogomodelo.asp?fabricante=BMW&modelo=428i Cabriolet,catalogomodelo.asp?fabricante=BMW&modelo=428i Cabriolet,428i Cabriolet,"{'fabricante': ['BMW'], 'modelo': ['428i Cabriolet']}"
BMW,430i,430i,https://www.carrosnaweb.com.br/catalogomodelo.asp?fabricante=BMW&modelo=430i,catalogomodelo.asp?fabricante=BMW&modelo=430i,430i,"{'fabricante': ['BMW'], 'modelo': ['430i']}"
BMW,430i Cabriolet,430i Cabriolet,https://www.carrosnaweb.com.br/catalogomodelo.asp?fabricante=BMW&modelo=430i Cabriolet,catalogomodelo.asp?fabricante=BMW&modelo=430i Cabriolet,430i Cabriolet,"{'fabricante': ['BMW'], 'modelo': ['430i Cabriolet']}"
BMW,435i,435i,https://www.carrosnaweb.com.br/catalogomodelo.asp?fabricante=BMW&modelo=435i,catalogomodelo.asp?fabricante=BMW&modelo=435i,435i,"{'fabricante': ['BMW'], 'modelo': ['435i']}"
BMW,520i,520i,https://www.carrosnaweb.com.br/catalogomodelo.asp?fabricante=BMW&modelo=520i,catalogomodelo.asp?fabricante=BMW&modelo=520i,520i,"{'fabricante': ['BMW'], 'modelo': ['520i']}"
BMW,525i,525i,https://www.carrosnaweb.com.br/catalogomodelo.asp?fabricante=BMW&modelo=525i,catalogomodelo.asp?fabricante=BMW&modelo=525i,525i,"{'fabricante': ['BMW'], 'modelo': ['525i']}"
BMW,525i Touring,525i Touring,https://www.carrosnaweb.com.br/catalogomodelo.asp?fabricante=BMW&modelo=525i Touring,catalogomodelo.asp?fabricante=BMW&modelo=525i Touring,525i Touring,"{'fabricante': ['BMW'], 'modelo': ['525i Touring']}"
BMW,528i,528i,https://www.carrosnaweb.com.br/catalogomodelo.asp?fabricante=BMW&modelo=528i,catalogomodelo.asp?fabricante=BMW&modelo=528i,528i,"{'fabricante': ['BMW'], 'modelo': ['528i']}"
BMW,528i Touring,528i Touring,https://www.carrosnaweb.com.br/catalogomodelo.asp?fabricante=BMW&modelo=528i Touring,catalogomodelo.asp?fabricante=BMW&modelo=528i Touring,528i Touring,"{'fabricante': ['BMW'], 'modelo': ['528i Touring']}"
BMW,530e,530e,https://www.carrosnaweb.com.br/catalogomodelo.asp?fabricante=BMW&modelo=530e,catalogomodelo.asp?fabricante=BMW&modelo=530e,530e,"{'fabricante': ['BMW'], 'modelo': ['530e']}"
BMW,530i,530i,https://www.carrosnaweb.com.br/catalogomodelo.asp?fabricante=BMW&modelo=530i,catalogomodelo.asp?fabricante=BMW&modelo=530i,530i,"{'fabricante': ['BMW'], 'modelo': ['530i']}"
BMW,530i Touring,530i Touring,https://www.carrosnaweb.com.br/catalogomodelo.asp?fabricante=BMW&modelo=530i Touring,catalogomodelo.asp?fabricante=BMW&modelo=530i Touring,530i Touring,"{'fabricante': ['BMW'], 'modelo': ['530i Touring']}"
BMW,535i,535i,https://www.carrosnaweb.com.br/catalogomodelo.asp?fabricante=BMW&modelo=535i,catalogomodelo.asp?fabricante=BMW&modelo=535i,535i,"{'fabricante': ['BMW'], 'modelo': ['535i']}"
BMW,535i GT,535i GT,https://www.carrosnaweb.com.br/catalogomodelo.asp?fabricante=BMW&modelo=535i GT,catalogomodelo.asp?fabricante=BMW&modelo=535i GT,535i GT,"{'fabricante': ['BMW'], 'modelo': ['535i GT']}"
BMW,540i,540i,https://www.carrosnaweb.com.br/catalogomodelo.asp?fabricante=BMW&modelo=540i,catalogomodelo.asp?fabricante=BMW&modelo=540i,540i,"{'fabricante': ['BMW'], 'modelo': ['540i']}"
BMW,540i Touring,540i Touring,https://www.carrosnaweb.com.br/catalogomodelo.asp?fabricante=BMW&modelo=540i Touring,catalogomodelo.asp?fabricante=BMW&modelo=540i Touring,540i Touring,"{'fabricante': ['BMW'], 'modelo': ['540i Touring']}"
BMW,545i,545i,https://www.carrosnaweb.com.br/catalogomodelo.asp?fabricante=BMW&modelo=545i,catalogomodelo.asp?fabricante=BMW&modelo=545i,545i,"{'fabricante': ['BMW'], 'modelo': ['545i']}"
BMW,550i,550i,https://www.carrosnaweb.com.br/catalogomodelo.asp?fabricante=BMW&modelo=550i,catalogomodelo.asp?fabricante=BMW&modelo=550i,550i,"{'fabricante': ['BMW'], 'modelo': ['550i']}"
BMW,640i,640i,https://www.carrosnaweb.com.br/catalogomodelo.asp?fabricante=BMW&modelo=640i,catalogomodelo.asp?fabricante=BMW&modelo=640i,640i,"{'fabricante': ['BMW'], 'modelo': ['640i']}"
BMW,645Ci,645Ci,https://www.carrosnaweb.com.br/catalogomodelo.asp?fabricante=BMW&modelo=645Ci,catalogomodelo.asp?fabricante=BMW&modelo=645Ci,645Ci,"{'fabricante': ['BMW'], 'modelo': ['645Ci']}"
BMW,645Ci Cabriolet,645Ci Cabriolet,https://www.carrosnaweb.com.br/catalogomodelo.asp?fabricante=BMW&modelo=645Ci Cabriolet,catalogomodelo.asp?fabricante=BMW&modelo=645Ci Cabriolet,645Ci Cabriolet,"{'fabricante': ['BMW'], 'modelo': ['645Ci Cabriolet']}"
BMW,650i,650i,https://www.carrosnaweb.com.br/catalogomodelo.asp?fabricante=BMW&modelo=650i,catalogomodelo.asp?fabricante=BMW&modelo=650i,650i,"{'fabricante': ['BMW'], 'modelo': ['650i']}"
BMW,650i Cabriolet,650i Cabriolet,https://www.carrosnaweb.com.br/catalogomodelo.asp?fabricante=BMW&modelo=650i Cabriolet,catalogomodelo.asp?fabricante=BMW&modelo=650i Cabriolet,650i Cabriolet,"{'fabricante': ['BMW'], 'modelo': ['650i Cabriolet']}"
BMW,650i Coupe,650i Coupe,https://www.carrosnaweb.com.br/catalogomodelo.asp?fabricante=BMW&modelo=650i Coupe,catalogomodelo.asp?fabricante=BMW&modelo=650i Coupe,650i Coupe,"{'fabricante': ['BMW'], 'modelo': ['650i Coupe']}"
BMW,735i,735i,https://www.carrosnaweb.com.br/catalogomodelo.asp?fabricante=BMW&modelo=735i,catalogomodelo.asp?fabricante=BMW&modelo=735i,735i,"{'fabricante': ['BMW'], 'modelo': ['735i']}"
BMW,740i,740i,https://www.carrosnaweb.com.br/catalogomodelo.asp?fabricante=BMW&modelo=740i,catalogomodelo.asp?fabricante=BMW&modelo=740i,740i,"{'fabricante': ['BMW'], 'modelo': ['740i']}"
BMW,745e,745e,https://www.carrosnaweb.com.br/catalogomodelo.asp?fabricante=BMW&modelo=745e,catalogomodelo.asp?fabricante=BMW&modelo=745e,745e,"{'fabricante': ['BMW'], 'modelo': ['745e']}"
BMW,745i,745i,https://www.carrosnaweb.com.br/catalogomodelo.asp?fabricante=BMW&modelo=745i,catalogomodelo.asp?fabricante=BMW&modelo=745i,745i,"{'fabricante': ['BMW'], 'modelo': ['745i']}"
BMW,750i,750i,https://www.carrosnaweb.com.br/catalogomodelo.asp?fabricante=BMW&modelo=750i,catalogomodelo.asp?fabricante=BMW&modelo=750i,750i,"{'fabricante': ['BMW'], 'modelo': ['750i']}"
BMW,760i,760i,https://www.carrosnaweb.com.br/catalogomodelo.asp?fabricante=BMW&modelo=760i,catalogomodelo.asp?fabricante=BMW&modelo=760i,760i,"{'fabricante': ['BMW'], 'modelo': ['760i']}"
BMW,840Ci,840Ci,https://www.carrosnaweb.com.br/catalogomodelo.asp?fabricante=BMW&modelo=840Ci,catalogomodelo.asp?fabricante=BMW&modelo=840Ci,840Ci,"{'fabricante': ['BMW'], 'modelo': ['840Ci']}"
BMW,850CSi,850CSi,https://www.carrosnaweb.com.br/catalogomodelo.asp?fabricante=BMW&modelo=850CSi,catalogomodelo.asp?fabricante=BMW&modelo=850CSi,850CSi,"{'fabricante': ['BMW'], 'modelo': ['850CSi']}"
BMW,850Ci,850Ci,https://www.carrosnaweb.com.br/catalogomodelo.asp?fabricante=BMW&modelo=850Ci,catalogomodelo.asp?fabricante=BMW&modelo=850Ci,850Ci,"{'fabricante': ['BMW'], 'modelo': ['850Ci']}"
BMW,850i,850i,https://www.carrosnaweb.com.br/catalogomodelo.asp?fabricante=BMW&modelo=850i,catalogomodelo.asp?fabricante=BMW&modelo=850i,850i,"{'fabricante': ['BMW'], 'modelo': ['850i']}"
BMW,M1,M1,https://www.carrosnaweb.com.br/catalogomodelo.asp?fabricante=BMW&modelo=M1,catalogomodelo.asp?fabricante=BMW&modelo=M1,M1,"{'fabricante': ['BMW'], 'modelo': ['M1']}"
BMW,M135,M135,https://www.carrosnaweb.com.br/catalogomodelo.asp?fabricante=BMW&modelo=M135,catalogomodelo.asp?fabricante=BMW&modelo=M135,M135,"{'fabricante': ['BMW'], 'modelo': ['M135']}"
BMW,M140,M140,https://www.carrosnaweb.com.br/catalogomodelo.asp?fabricante=BMW&modelo=M140,catalogomodelo.asp?fabricante=BMW&modelo=M140,M140,"{'fabricante': ['BMW'], 'modelo': ['M140']}"
BMW,M2,M2,https://www.carrosnaweb.com.br/catalogomodelo.asp?fabricante=BMW&modelo=M2,catalogomodelo.asp?fabricante=BMW&modelo=M2,M2,"{'fabricante': ['BMW'], 'modelo': ['M2']}"
BMW,M235,M235,https://www.carrosnaweb.com.br/catalogomodelo.asp?fabricante=BMW&modelo=M235,catalogomodelo.asp?fabricante=BMW&modelo=M235,M235,"{'fabricante': ['BMW'], 'modelo': ['M235']}"
BMW,M240,M240,https://www.carrosnaweb.com.br/catalogomodelo.asp?fabricante=BMW&modelo=M240,catalogomodelo.asp?fabricante=BMW&modelo=M240,M240,"{'fabricante': ['BMW'], 'modelo': ['M240']}"
BMW,M3,M3,https://www.carrosnaweb.com.br/catalogomodelo.asp?fabricante=BMW&modelo=M3,catalogomodelo.asp?fabricante=BMW&modelo=M3,M3,"{'fabricante': ['BMW'], 'modelo': ['M3']}"
BMW,M3 Cabriolet,M3 Cabriolet,https://www.carrosnaweb.com.br/catalogomodelo.asp?fabricante=BMW&modelo=M3 Cabriolet,catalogomodelo.asp?fabricante=BMW&modelo=M3 Cabriolet,M3 Cabriolet,"{'fabricante': ['BMW'], 'modelo': ['M3 Cabriolet']}"
BMW,M340,M340,https://www.carrosnaweb.com.br/catalogomodelo.asp?fabricante=BMW&modelo=M340,catalogomodelo.asp?fabricante=BMW&modelo=M340,M340,"{'fabricante': ['BMW'], 'modelo': ['M340']}"
BMW,M4,M4,https://www.carrosnaweb.com.br/catalogomodelo.asp?fabricante=BMW&modelo=M4,catalogomodelo.asp?fabricante=BMW&modelo=M4,M4,"{'fabricante': ['BMW'], 'modelo': ['M4']}"
BMW,M4 Cabriolet,M4 Cabriolet,https://www.carrosnaweb.com.br/catalogomodelo.asp?fabricante=BMW&modelo=M4 Cabriolet,catalogomodelo.asp?fabricante=BMW&modelo=M4 Cabriolet,M4 Cabriolet,"{'fabricante': ['BMW'], 'modelo': ['M4 Cabriolet']}"
BMW,M440,M440,https://www.carrosnaweb.com.br/catalogomodelo.asp?fabricante=BMW&modelo=M440,catalogomodelo.asp?fabricante=BMW&modelo=M440,M440,"{'fabricante': ['BMW'], 'modelo': ['M440']}"
BMW,M5,M5,https://www.carrosnaweb.com.br/catalogomodelo.asp?fabricante=BMW&modelo=M5,catalogomodelo.asp?fabricante=BMW&modelo=M5,M5,"{'fabricante': ['BMW'], 'modelo': ['M5']}"
BMW,M6,M6,https://www.carrosnaweb.com.br/catalogomodelo.asp?fabricante=BMW&modelo=M6,catalogomodelo.asp?fabricante=BMW&modelo=M6,M6,"{'fabricante': ['BMW'], 'modelo': ['M6']}"
BMW,M6 Coupe,M6 Coupe,https://www.carrosnaweb.com.br/catalogomodelo.asp?fabricante=BMW&modelo=M6 Coupe,catalogomodelo.asp?fabricante=BMW&modelo=M6 Coupe,M6 Coupe,"{'fabricante': ['BMW'], 'modelo': ['M6 Coupe']}"
BMW,M8,M8,https://www.carrosnaweb.com.br/catalogomodelo.asp?fabricante=BMW&modelo=M8,catalogomodelo.asp?fabricante=BMW&modelo=M8,M8,"{'fabricante': ['BMW'], 'modelo': ['M8']}"
BMW,X1,X1,https://www.carrosnaweb.com.br/catalogomodelo.asp?fabricante=BMW&modelo=X1,catalogomodelo.asp?fabricante=BMW&modelo=X1,X1,"{'fabricante': ['BMW'], 'modelo': ['X1']}"
BMW,X2,X2,https://www.carrosnaweb.com.br/catalogomodelo.asp?fabricante=BMW&modelo=X2,catalogomodelo.asp?fabricante=BMW&modelo=X2,X2,"{'fabricante': ['BMW'], 'modelo': ['X2']}"
BMW,X3,X3,https://www.carrosnaweb.com.br/catalogomodelo.asp?fabricante=BMW&modelo=X3,catalogomodelo.asp?fabricante=BMW&modelo=X3,X3,"{'fabricante': ['BMW'], 'modelo': ['X3']}"
BMW,X4,X4,https://www.carrosnaweb.com.br/catalogomodelo.asp?fabricante=BMW&modelo=X4,catalogomodelo.asp?fabricante=BMW&modelo=X4,X4,"{'fabricante': ['BMW'], 'modelo': ['X4']}"
BMW,X5,X5,https://www.carrosnaweb.com.br/catalogomodelo.asp?fabricante=BMW&modelo=X5,catalogomodelo.asp?fabricante=BMW&modelo=X5,X5,"{'fabricante': ['BMW'], 'modelo': ['X5']}"
BMW,X6,X6,https://www.carrosnaweb.com.br/catalogomodelo.asp?fabricante=BMW&modelo=X6,catalogomodelo.asp?fabricante=BMW&modelo=X6,X6,"{'fabricante': ['BMW'], 'modelo': ['X6']}"
BMW,X7,X7,https://www.carrosnaweb.com.br/catalogomodelo.asp?fabricante=BMW&modelo=X7,catalogomodelo.asp?fabricante=BMW&modelo=X7,X7,"{'fabricante': ['BMW'], 'modelo': ['X7']}"
BMW,Z1,Z1,https://www.carrosnaweb.com.br/catalogomodelo.asp?fabricante=BMW&modelo=Z1,catalogomodelo.asp?fabricante=BMW&modelo=Z1,Z1,"{'fabricante': ['BMW'], 'modelo': ['Z1']}"
BMW,Z3,Z3,https://www.carrosnaweb.com.br/catalogomodelo.asp?fabricante=BMW&modelo=Z3,catalogomodelo.asp?fabricante=BMW&modelo=Z3,Z3,"{'fabricante': ['BMW'], 'modelo': ['Z3']}"
BMW,Z4,Z4,https://www.carrosnaweb.com.br/catalogomodelo.asp?fabricante=BMW&modelo=Z4,catalogomodelo.asp?fabricante=BMW&modelo=Z4,Z4,"{'fabricante': ['BMW'], 'modelo': ['Z4']}"
BMW,Z8,Z8,https://www.carrosnaweb.com.br/catalogomodelo.asp?fabricante=BMW&modelo=Z8,catalogomodelo.asp?fabricante=BMW&modelo=Z8,Z8,"{'fabricante': ['BMW'], 'modelo': ['Z8']}"
BMW,i3,i3,https://www.carrosnaweb.com.br/catalogomodelo.asp?fabricante=BMW&modelo=i3,catalogomodelo.asp?fabricante=BMW&modelo=i3,i3,"{'fabricante': ['BMW'], 'modelo': ['i3']}"
BMW,i4,i4,https://www.carrosnaweb.com.br/catalogomodelo.asp?fabricante=BMW&modelo=i4,catalogomodelo.asp?fabricante=BMW&modelo=i4,i4,"{'fabricante': ['BMW'], 'modelo': ['i4']}"
BMW,i5,i5,https://www.carrosnaweb.com.br/catalogomodelo.asp?fabricante=BMW&modelo=i5,catalogomodelo.asp?fabricante=BMW&modelo=i5,i5,"{'fabricante': ['BMW'], 'modelo': ['i5']}"
BMW,i7,i7,https://www.carrosnaweb.com.br/catalogomodelo.asp?fabricante=BMW&modelo=i7,catalogomodelo.asp?fabricante=BMW&modelo=i7,i7,"{'fabricante': ['BMW'], 'modelo': ['i7']}"
BMW,i8,i8,https://www.carrosnaweb.com.br/catalogomodelo.asp?fabricante=BMW&modelo=i8,catalogomodelo.asp?fabricante=BMW&modelo=i8,i8,"{'fabricante': ['BMW'], 'modelo': ['i8']}"
BMW,iX,iX,https://www.carrosnaweb.com.br/catalogomodelo.asp?fabricante=BMW&modelo=iX,catalogomodelo.asp?fabricante=BMW&modelo=iX,iX,"{'fabricante': ['BMW'], 'modelo': ['iX']}"
BMW,iX1,iX1,https://www.carrosnaweb.com.br/catalogomodelo.asp?fabricante=BMW&modelo=iX1,catalogomodelo.asp?fabricante=BMW&modelo=iX1,iX1,"{'fabricante': ['BMW'], 'modelo': ['iX1']}"
BMW,iX2,iX2,https://www.carrosnaweb.com.br/catalogomodelo.asp?fabricante=BMW&modelo=iX2,catalogomodelo.asp?fabricante=BMW&modelo=iX2,iX2,"{'fabricante': ['BMW'], 'modelo': ['iX2']}"
BMW,iX3,iX3,https://www.carrosnaweb.com.br/catalogomodelo.asp?fabricante=BMW&modelo=iX3,catalogomodelo.asp?fabricante=BMW&modelo=iX3,iX3,"{'fabricante': ['BMW'], 'modelo': ['iX3']}"
BRM,M-11,M-11,https://www.carrosnaweb.com.br/catalogomodelo.asp?fabricante=BRM&modelo=M-11,catalogomodelo.asp?fabricante=BRM&modelo=M-11,M-11,"{'fabricante': ['BRM'], 'modelo': ['M-11']}"
BYD,Atto 8,Atto 8,https://www.carrosnaweb.com.br/catalogomodelo.asp?fabricante=BYD&modelo=Atto 8,catalogomodelo.asp?fabricante=BYD&modelo=Atto 8,Atto 8,"{'fabricante': ['BYD'], 'modelo': ['Atto 8']}"
BYD,D1,D1,https://www.carrosnaweb.com.br/catalogomodelo.asp?fabricante=BYD&modelo=D1,catalogomodelo.asp?fabricante=BYD&modelo=D1,D1,"{'fabricante': ['BYD'], 'modelo': ['D1']}"
BYD,Dolphin,Dolphin,https://www.carrosnaweb.com.br/catalogomodelo.asp?fabricante=BYD&modelo=Dolphin,catalogomodelo.asp?fabricante=BYD&modelo=Dolphin,Dolphin,"{'fabricante': ['BYD'], 'modelo': ['Dolphin']}"
BYD,Dolphin Mini,Dolphin Mini,https://www.carrosnaweb.com.br/catalogomodelo.asp?fabricante=BYD&modelo=Dolphin Mini,catalogomodelo.asp?fabricante=BYD&modelo=Dolphin Mini,Dolphin Mini,"{'fabricante': ['BYD'], 'modelo': ['Dolphin Mini']}"
BYD,Han,Han,https://www.carrosnaweb.com.br/catalogomodelo.asp?fabricante=BYD&modelo=Han,catalogomodelo.asp?fabricante=BYD&modelo=Han,Han,"{'fabricante': ['BYD'], 'modelo': ['Han']}"
BYD,King,King,https://www.carrosnaweb.com.br/catalogomodelo.asp?fabricante=BYD&modelo=King,catalogomodelo.asp?fabricante=BYD&modelo=King,King,"{'fabricante': ['BYD'], 'modelo': ['King']}"
BYD,Mako,Mako,https://www.carrosnaweb.com.br/catalogomodelo.asp?fabricante=BYD&modelo=Mako,catalogomodelo.asp?fabricante=BYD&modelo=Mako,Mako,"{'fabricante': ['BYD'], 'modelo': ['Mako']}"
BYD,Seal,Seal,https://www.carrosnaweb.com.br/catalogomodelo.asp?fabricante=BYD&modelo=Seal,catalogomodelo.asp?fabricante=BYD&modelo=Seal,Seal,"{'fabricante': ['BYD'], 'modelo': ['Seal']}"
BYD,Sealion 7,Sealion 7,https://www.carrosnaweb.com.br/catalogomodelo.asp?fabricante=BYD&modelo=Sealion 7,catalogomodelo.asp?fabricante=BYD&modelo=Sealion 7,Sealion 7,"{'fabricante': ['BYD'], 'modelo': ['Sealion 7']}"
BYD,Shark,Shark,https://www.carrosnaweb.com.br/catalogomodelo.asp?fabricante=BYD&modelo=Shark,catalogomodelo.asp?fabricante=BYD&modelo=Shark,Shark,"{'fabricante': ['BYD'], 'modelo': ['Shark']}"
BYD,Song Plus,Song Plus,https://www.carrosnaweb.com.br/catalogomodelo.asp?fabricante=BYD&modelo=Song Plus,catalogomodelo.asp?fabricante=BYD&modelo=Song Plus,Song Plus,"{'fabricante': ['BYD'], 'modelo': ['Song Plus']}"
BYD,Song Pro,Song Pro,https://www.carrosnaweb.com.br/catalogomodelo.asp?fabricante=BYD&modelo=Song Pro,catalogomodelo.asp?fabricante=BYD&modelo=Song Pro,Song Pro,"{'fabricante': ['BYD'], 'modelo': ['Song Pro']}"
BYD,Tan,Tan,https://www.carrosnaweb.com.br/catalogomodelo.asp?fabricante=BYD&modelo=Tan,catalogomodelo.asp?fabricante=BYD&modelo=Tan,Tan,"{'fabricante': ['BYD'], 'modelo': ['Tan']}"
BYD,U9,U9,https://www.carrosnaweb.com.br/catalogomodelo.asp?fabricante=BYD&modelo=U9,catalogomodelo.asp?fabricante=BYD&modelo=U9,U9,"{'fabricante': ['BYD'], 'modelo': ['U9']}"
BYD,Yuan Plus,Yuan Plus,https://www.carrosnaweb.com.br/catalogomodelo.asp?fabricante=BYD&modelo=Yuan Plus,catalogomodelo.asp?fabricante=BYD&modelo=Yuan Plus,Yuan Plus,"{'fabricante': ['BYD'], 'modelo': ['Yuan Plus']}"
BYD,Yuan Pro,Yuan Pro,https://www.carrosnaweb.com.br/catalogomodelo.asp?fabricante=BYD&modelo=Yuan Pro,catalogomodelo.asp?fabricante=BYD&modelo=Yuan Pro,Yuan Pro,"{'fabricante': ['BYD'], 'modelo': ['Yuan Pro']}"
BYD,eT3,eT3,https://www.carrosnaweb.com.br/catalogomodelo.asp?fabricante=BYD&modelo=eT3,catalogomodelo.asp?fabricante=BYD&modelo=eT3,eT3,"{'fabricante': ['BYD'], 'modelo': ['eT3']}"
Bentley,Bentayga,Bentayga,https://www.carrosnaweb.com.br/catalogomodelo.asp?fabricante=Bentley&modelo=Bentayga,catalogomodelo.asp?fabricante=Bentley&modelo=Bentayga,Bentayga,"{'fabricante': ['Bentley'], 'modelo': ['Bentayga']}"
Bentley,Continental,Continental,https://www.carrosnaweb.com.br/catalogomodelo.asp?fabricante=Bentley&modelo=Continental,catalogomodelo.asp?fabricante=Bentley&modelo=Continental,Continental,"{'fabricante': ['Bentley'], 'modelo': ['Continental']}"
Bentley,Flying Spur,Flying Spur,https://www.carrosnaweb.com.br/catalogomodelo.asp?fabricante=Bentley&modelo=Flying Spur,catalogomodelo.asp?fabricante=Bentley&modelo=Flying Spur,Flying Spur,"{'fabricante': ['Bentley'], 'modelo': ['Flying Spur']}"
Bentley,Mulsanne,Mulsanne,https://www.carrosnaweb.com.br/catalogomodelo.asp?fabricante=Bentley&modelo=Mulsanne,catalogomodelo.asp?fabricante=Bentley&modelo=Mulsanne,Mulsanne,"{'fabricante': ['Bentley'], 'modelo': ['Mulsanne']}"
Bianco,S,S,https://www.carrosnaweb.com.br/catalogomodelo.asp?fabricante=Bianco&modelo=S,catalogomodelo.asp?fabricante=Bianco&modelo=S,S,"{'fabricante': ['Bianco'], 'modelo': ['S']}"
Bianco,Tarpan,Tarpan,https://www.carrosnaweb.com.br/catalogomodelo.asp?fabricante=Bianco&modelo=Tarpan,catalogomodelo.asp?fabricante=Bianco&modelo=Tarpan,Tarpan,"{'fabricante': ['Bianco'], 'modelo': ['Tarpan']}"
Bugatti,Centodieci,Centodieci,https://www.carrosnaweb.com.br/catalogomodelo.asp?fabricante=Bugatti&modelo=Centodieci,catalogomodelo.asp?fabricante=Bugatti&modelo=Centodieci,Centodieci,"{'fabricante': ['Bugatti'], 'modelo': ['Centodieci']}"
Bugatti,Chiron,Chiron,https://www.carrosnaweb.com.br/catalogomodelo.asp?fabricante=Bugatti&modelo=Chiron,catalogomodelo.asp?fabricante=Bugatti&modelo=Chiron,Chiron,"{'fabricante': ['Bugatti'], 'modelo': ['Chiron']}"
Bugatti,Divo,Divo,https://www.carrosnaweb.com.br/catalogomodelo.asp?fabricante=Bugatti&modelo=Divo,catalogomodelo.asp?fabricante=Bugatti&modelo=Divo,Divo,"{'fabricante': ['Bugatti'], 'modelo': ['Divo']}"
Bugatti,EB 110,EB 110,https://www.carrosnaweb.com.br/catalogomodelo.asp?fabricante=Bugatti&modelo=EB 110,catalogomodelo.asp?fabricante=Bugatti&modelo=EB 110,EB 110,"{'fabricante': ['Bugatti'], 'modelo': ['EB 110']}"
Bugatti,Mistral,Mistral,https://www.carrosnaweb.com.br/catalogomodelo.asp?fabricante=Bugatti&modelo=Mistral,catalogomodelo.asp?fabricante=Bugatti&modelo=Mistral,Mistral,"{'fabricante': ['Bugatti'], 'modelo': ['Mistral']}"
Bugatti,Tourbillon,Tourbillon,https://www.carrosnaweb.com.br/catalogomodelo.asp?fabricante=Bugatti&modelo=Tourbillon,catalogomodelo.asp?fabricante=Bugatti&modelo=Tourbillon,Tourbillon,"{'fabricante': ['Bugatti'], 'modelo': ['Tourbillon']}"
Bugatti,Veyron,Veyron,https://www.carrosnaweb.com.br/catalogomodelo.asp?fabricante=Bugatti&modelo=Veyron,catalogomodelo.asp?fabricante=Bugatti&modelo=Veyron,Veyron,"{'fabricante': ['Bugatti'], 'modelo': ['Veyron']}"
CBT,Javali,Javali,https://www.carrosnaweb.com.br/catalogomodelo.asp?fabricante=CBT&modelo=Javali,catalogomodelo.asp?fabricante=CBT&modelo=Javali,Javali,"{'fabricante': ['CBT'], 'modelo': ['Javali']}"
Cadillac,ATS,ATS,https://www.carrosnaweb.com.br/catalogomodelo.asp?fabricante=Cadillac&modelo=ATS,catalogomodelo.asp?fabricante=Cadillac&modelo=ATS,ATS,"{'fabricante': ['Cadillac'], 'modelo': ['ATS']}"
Cadillac,CTS,CTS,https://www.carrosnaweb.com.br/catalogomodelo.asp?fabricante=Cadillac&modelo=CTS,catalogomodelo.asp?fabricante=Cadillac&modelo=CTS,CTS,"{'fabricante': ['Cadillac'], 'modelo': ['CTS']}"
Cadillac,Escalade,Escalade,https://www.carrosnaweb.com.br/catalogomodelo.asp?fabricante=Cadillac&modelo=Escalade,catalogomodelo.asp?fabricante=Cadillac&modelo=Escalade,Escalade,"{'fabricante': ['Cadillac'], 'modelo': ['Escalade']}"
Cadillac,Lyriq,Lyriq,https://www.carrosnaweb.com.br/catalogomodelo.asp?fabricante=Cadillac&modelo=Lyriq,catalogomodelo.asp?fabricante=Cadillac&modelo=Lyriq,Lyriq,"{'fabricante': ['Cadillac'], 'modelo': ['Lyriq']}"
Cadillac,Optiq,Optiq,https://www.carrosnaweb.com.br/catalogomodelo.asp?fabricante=Cadillac&modelo=Optiq,catalogomodelo.asp?fabricante=Cadillac&modelo=Optiq,Optiq,"{'fabricante': ['Cadillac'], 'modelo': ['Optiq']}"
Cadillac,SRX,SRX,https://www.carrosnaweb.com.br/catalogomodelo.asp?fabricante=Cadillac&modelo=SRX,catalogomodelo.asp?fabricante=Cadillac&modelo=SRX,SRX,"{'fabricante': ['Cadillac'], 'modelo': ['SRX']}"
Cadillac,Vistiq,Vistiq,https://www.carrosnaweb.com.br/catalogomodelo.asp?fabricante=Cadillac&modelo=Vistiq,catalogomodelo.asp?fabricante=Cadillac&modelo=Vistiq,Vistiq,"{'fabricante': ['Cadillac'], 'modelo': ['Vistiq']}"
Caterham,Seven,Seven,https://www.carrosnaweb.com.br/catalogomodelo.asp?fabricante=Caterham&modelo=Seven,catalogomodelo.asp?fabricante=Caterham&modelo=Seven,Seven,"{'fabricante': ['Caterham'], 'modelo': ['Seven']}"
Chamonix,356,356,https://www.carrosnaweb.com.br/catalogomodelo.asp?fabricante=Chamonix&modelo=356,catalogomodelo.asp?fabricante=Chamonix&modelo=356,356,"{'fabricante': ['Chamonix'], 'modelo': ['356']}"
Chamonix,550,550,https://www.carrosnaweb.com.br/catalogomodelo.asp?fabricante=Chamonix&modelo=550,catalogomodelo.asp?fabricante=Chamonix&modelo=550,550,"{'fabricante': ['Chamonix'], 'modelo': ['550']}"
Chana,Cargo,Cargo,https://www.carrosnaweb.com.br/catalogomodelo.asp?fabricante=Chana&modelo=Cargo,catalogomodelo.asp?fabricante=Chana&modelo=Cargo,Cargo,"{'fabricante': ['Chana'], 'modelo': ['Cargo']}"
Chana,Family,Family,https://www.carrosnaweb.com.br/catalogomodelo.asp?fabricante=Chana&modelo=Family,catalogomodelo.asp?fabricante=Chana&modelo=Family,Family,"{'fabricante': ['Chana'], 'modelo': ['Family']}"
Changan,Avatr 11,Avatr 11,https://www.carrosnaweb.com.br/catalogomodelo.asp?fabricante=Changan&modelo=Avatr 11,catalogomodelo.asp?fabricante=Changan&modelo=Avatr 11,Avatr 11,"{'fabricante': ['Changan'], 'modelo': ['Avatr 11']}"
Changan,CS55,CS55,https://www.carrosnaweb.com.br/catalogomodelo.asp?fabricante=Changan&modelo=CS55,catalogomodelo.asp?fabricante=Changan&modelo=CS55,CS55,"{'fabricante': ['Changan'], 'modelo': ['CS55']}"
Changan,CS75,CS75,https://www.carrosnaweb.com.br/catalogomodelo.asp?fabricante=Changan&modelo=CS75,catalogomodelo.asp?fabricante=Changan&modelo=CS75,CS75,"{'fabricante': ['Changan'], 'modelo': ['CS75']}"
Changan,MiniStar,MiniStar,https://www.carrosnaweb.com.br/catalogomodelo.asp?fabricante=Changan&modelo=MiniStar,catalogomodelo.asp?fabricante=Changan&modelo=MiniStar,MiniStar,"{'fabricante': ['Changan'], 'modelo': ['MiniStar']}"
Changan,Uni-T,Uni-T,https://www.carrosnaweb.com.br/catalogomodelo.asp?fabricante=Changan&modelo=Uni-T,catalogomodelo.asp?fabricante=Changan&modelo=Uni-T,Uni-T,"{'fabricante': ['Changan'], 'modelo': ['Uni-T']}"
Chery,Arrizo 5,Arrizo 5,https://www.carrosnaweb.com.br/catalogomodelo.asp?fabricante=Chery&modelo=Arrizo 5,catalogomodelo.asp?fabricante=Chery&modelo=Arrizo 5,Arrizo 5,"{'fabricante': ['Chery'], 'modelo': ['Arrizo 5']}"
Chery,Arrizo 5e,Arrizo 5e,https://www.carrosnaweb.com.br/catalogomodelo.asp?fabricante=Chery&modelo=Arrizo 5e,catalogomodelo.asp?fabricante=Chery&modelo=Arrizo 5e,Arrizo 5e,"{'fabricante': ['Chery'], 'modelo': ['Arrizo 5e']}"
Chery,Arrizo 6,Arrizo 6,https://www.carrosnaweb.com.br/catalogomodelo.asp?fabricante=Chery&modelo=Arrizo 6,catalogomodelo.asp?fabricante=Chery&modelo=Arrizo 6,Arrizo 6,"{'fabricante': ['Chery'], 'modelo': ['Arrizo 6']}"
Chery,Arrizo 8,Arrizo 8,https://www.carrosnaweb.com.br/catalogomodelo.asp?fabricante=Chery&modelo=Arrizo 8,catalogomodelo.asp?fabricante=Chery&modelo=Arrizo 8,Arrizo 8,"{'fabricante': ['Chery'], 'modelo': ['Arrizo 8']}"
Chery,Celer,Celer,https://www.carrosnaweb.com.br/catalogomodelo.asp?fabricante=Chery&modelo=Celer,catalogomodelo.asp?fabricante=Chery&modelo=Celer,Celer,"{'fabricante': ['Chery'], 'modelo': ['Celer']}"
Chery,Celer Sedan,Celer Sedan,https://www.carrosnaweb.com.br/catalogomodelo.asp?fabricante=Chery&modelo=Celer Sedan,catalogomodelo.asp?fabricante=Chery&modelo=Celer Sedan,Celer Sedan,"{'fabricante': ['Chery'], 'modelo': ['Celer Sedan']}"
Chery,Cielo,Cielo,https://www.carrosnaweb.com.br/catalogomodelo.asp?fabricante=Chery&modelo=Cielo,catalogomodelo.asp?fabricante=Chery&modelo=Cielo,Cielo,"{'fabricante': ['Chery'], 'modelo': ['Cielo']}"
Chery,Cielo Sedan,Cielo Sedan,https://www.carrosnaweb.com.br/catalogomodelo.asp?fabricante=Chery&modelo=Cielo Sedan,catalogomodelo.asp?fabricante=Chery&modelo=Cielo Sedan,Cielo Sedan,"{'fabricante': ['Chery'], 'modelo': ['Cielo Sedan']}"
Chery,Face,Face,https://www.carrosnaweb.com.br/catalogomodelo.asp?fabricante=Chery&modelo=Face,catalogomodelo.asp?fabricante=Chery&modelo=Face,Face,"{'fabricante': ['Chery'], 'modelo': ['Face']}"
Chery,Himla,Himla,https://www.carrosnaweb.com.br/catalogomodelo.asp?fabricante=Chery&modelo=Himla,catalogomodelo.asp?fabricante=Chery&modelo=Himla,Himla,"{'fabricante': ['Chery'], 'modelo': ['Himla']}"
Chery,QQ,QQ,https://www.carrosnaweb.com.br/catalogomodelo.asp?fabricante=Chery&modelo=QQ,catalogomodelo.asp?fabricante=Chery&modelo=QQ,QQ,"{'fabricante': ['Chery'], 'modelo': ['QQ']}"
Chery,S18,S18,https://www.carrosnaweb.com.br/catalogomodelo.asp?fabricante=Chery&modelo=S18,catalogomodelo.asp?fabricante=Chery&modelo=S18,S18,"{'fabricante': ['Chery'], 'modelo': ['S18']}"
Chery,Tiggo,Tiggo,https://www.carrosnaweb.com.br/catalogomodelo.asp?fabricante=Chery&modelo=Tiggo,catalogomodelo.asp?fabricante=Chery&modelo=Tiggo,Tiggo,"{'fabricante': ['Chery'], 'modelo': ['Tiggo']}"
Chery,Tiggo 2,Tiggo 2,https://www.carrosnaweb.com.br/catalogomodelo.asp?fabricante=Chery&modelo=Tiggo 2,catalogomodelo.asp?fabricante=Chery&modelo=Tiggo 2,Tiggo 2,"{'fabricante': ['Chery'], 'modelo': ['Tiggo 2']}"
Chery,Tiggo 3x,Tiggo 3x,https://www.carrosnaweb.com.br/catalogomodelo.asp?fabricante=Chery&modelo=Tiggo 3x,catalogomodelo.asp?fabricante=Chery&modelo=Tiggo 3x,Tiggo 3x,"{'fabricante': ['Chery'], 'modelo': ['Tiggo 3x']}"
Chery,Tiggo 5x,Tiggo 5x,https://www.carrosnaweb.com.br/catalogomodelo.asp?fabricante=Chery&modelo=Tiggo 5x,catalogomodelo.asp?fabricante=Chery&modelo=Tiggo 5x,Tiggo 5x,"{'fabricante': ['Chery'], 'modelo': ['Tiggo 5x']}"
Chery,Tiggo 7,Tiggo 7,https://www.carrosnaweb.com.br/catalogomodelo.asp?fabricante=Chery&modelo=Tiggo 7,catalogomodelo.asp?fabricante=Chery&modelo=Tiggo 7,Tiggo 7,"{'fabricante': ['Chery'], 'modelo': ['Tiggo 7']}"
Chery,Tiggo 8,Tiggo 8,https://www.carrosnaweb.com.br/catalogomodelo.asp?fabricante=Chery&modelo=Tiggo 8,catalogomodelo.asp?fabricante=Chery&modelo=Tiggo 8,Tiggo 8,"{'fabricante': ['Chery'], 'modelo': ['Tiggo 8']}"
Chery,Tiggo 9,Tiggo 9,https://www.carrosnaweb.com.br/catalogomodelo.asp?fabricante=Chery&modelo=Tiggo 9,catalogomodelo.asp?fabricante=Chery&modelo=Tiggo 9,Tiggo 9,"{'fabricante': ['Chery'], 'modelo': ['Tiggo 9']}"
Chery,iCar,iCar,https://www.carrosnaweb.com.br/catalogomodelo.asp?fabricante=Chery&modelo=iCar,catalogomodelo.asp?fabricante=Chery&modelo=iCar,iCar,"{'fabricante': ['Chery'], 'modelo': ['iCar']}"
Chevrolet,A-10,A-10,https://www.carrosnaweb.com.br/catalogomodelo.asp?fabricante=Chevrolet&modelo=A-10,catalogomodelo.asp?fabricante=Chevrolet&modelo=A-10,A-10,"{'fabricante': ['Chevrolet'], 'modelo': ['A-10']}"
Chevrolet,A-20,A-20,https://www.carrosnaweb.com.br/catalogomodelo.asp?fabricante=Chevrolet&modelo=A-20,catalogomodelo.asp?fabricante=Chevrolet&modelo=A-20,A-20,"{'fabricante': ['Chevrolet'], 'modelo': ['A-20']}"
Chevrolet,Agile,Agile,https://www.carrosnaweb.com.br/catalogomodelo.asp?fabricante=Chevrolet&modelo=Agile,catalogomodelo.asp?fabricante=Chevrolet&modelo=Agile,Agile,"{'fabricante': ['Chevrolet'], 'modelo': ['Agile']}"
Chevrolet,Astra,Astra,https://www.carrosnaweb.com.br/catalogomodelo.asp?fabricante=Chevrolet&modelo=Astra,catalogomodelo.asp?fabricante=Chevrolet&modelo=Astra,Astra,"{'fabricante': ['Chevrolet'], 'modelo': ['Astra']}"
Chevrolet,Astra Sedan,Astra Sedan,https://www.carrosnaweb.com.br/catalogomodelo.asp?fabricante=Chevrolet&modelo=Astra Sedan,catalogomodelo.asp?fabricante=Chevrolet&modelo=Astra Sedan,Astra Sedan,"{'fabricante': ['Chevrolet'], 'modelo': ['Astra Sedan']}"
Chevrolet,Astra Wagon,Astra Wagon,https://www.carrosnaweb.com.br/catalogomodelo.asp?fabricante=Chevrolet&modelo=Astra Wagon,catalogomodelo.asp?fabricante=Chevrolet&modelo=Astra Wagon,Astra Wagon,"{'fabricante': ['Chevrolet'], 'modelo': ['Astra Wagon']}"
Chevrolet,Bingo,Bingo,https://www.carrosnaweb.com.br/catalogomodelo.asp?fabricante=Chevrolet&modelo=Bingo,catalogomodelo.asp?fabricante=Chevrolet&modelo=Bingo,Bingo,"{'fabricante': ['Chevrolet'], 'modelo': ['Bingo']}"
Chevrolet,Blazer,Blazer,https://www.carrosnaweb.com.br/catalogomodelo.asp?fabricante=Chevrolet&modelo=Blazer,catalogomodelo.asp?fabricante=Chevrolet&modelo=Blazer,Blazer,"{'fabricante': ['Chevrolet'], 'modelo': ['Blazer']}"
Chevrolet,Blazer EV,Blazer EV,https://www.carrosnaweb.com.br/catalogomodelo.asp?fabricante=Chevrolet&modelo=Blazer EV,catalogomodelo.asp?fabricante=Chevrolet&modelo=Blazer EV,Blazer EV,"{'fabricante': ['Chevrolet'], 'modelo': ['Blazer EV']}"
Chevrolet,Bolt,Bolt,https://www.carrosnaweb.com.br/catalogomodelo.asp?fabricante=Chevrolet&modelo=Bolt,catalogomodelo.asp?fabricante=Chevrolet&modelo=Bolt,Bolt,"{'fabricante': ['Chevrolet'], 'modelo': ['Bolt']}"
Chevrolet,Bolt EUV,Bolt EUV,https://www.carrosnaweb.com.br/catalogomodelo.asp?fabricante=Chevrolet&modelo=Bolt EUV,catalogomodelo.asp?fabricante=Chevrolet&modelo=Bolt EUV,Bolt EUV,"{'fabricante': ['Chevrolet'], 'modelo': ['Bolt EUV']}"
Chevrolet,Bonanza,Bonanza,https://www.carrosnaweb.com.br/catalogomodelo.asp?fabricante=Chevrolet&modelo=Bonanza,catalogomodelo.asp?fabricante=Chevrolet&modelo=Bonanza,Bonanza,"{'fabricante': ['Chevrolet'], 'modelo': ['Bonanza']}"
Chevrolet,C-10,C-10,https://www.carrosnaweb.com.br/catalogomodelo.asp?fabricante=Chevrolet&modelo=C-10,catalogomodelo.asp?fabricante=Chevrolet&modelo=C-10,C-10,"{'fabricante': ['Chevrolet'], 'modelo': ['C-10']}"
Chevrolet,C-14,C-14,https://www.carrosnaweb.com.br/catalogomodelo.asp?fabricante=Chevrolet&modelo=C-14,catalogomodelo.asp?fabricante=Chevrolet&modelo=C-14,C-14,"{'fabricante': ['Chevrolet'], 'modelo': ['C-14']}"
Chevrolet,C-20,C-20,https://www.carrosnaweb.com.br/catalogomodelo.asp?fabricante=Chevrolet&modelo=C-20,catalogomodelo.asp?fabricante=Chevrolet&modelo=C-20,C-20,"{'fabricante': ['Chevrolet'], 'modelo': ['C-20']}"
Chevrolet,Calibra,Calibra,https://www.carrosnaweb.com.br/catalogomodelo.asp?fabricante=Chevrolet&modelo=Calibra,catalogomodelo.asp?fabricante=Chevrolet&modelo=Calibra,Calibra,"{'fabricante': ['Chevrolet'], 'modelo': ['Calibra']}"
Chevrolet,Camaro,Camaro,https://www.carrosnaweb.com.br/catalogomodelo.asp?fabricante=Chevrolet&modelo=Camaro,catalogomodelo.asp?fabricante=Chevrolet&modelo=Camaro,Camaro,"{'fabricante': ['Chevrolet'], 'modelo': ['Camaro']}"
Chevrolet,Camaro Conversível,Camaro Conversível,https://www.carrosnaweb.com.br/catalogomodelo.asp?fabricante=Chevrolet&modelo=Camaro Conversível,catalogomodelo.asp?fabricante=Chevrolet&modelo=Camaro Conversível,Camaro Conversível,"{'fabricante': ['Chevrolet'], 'modelo': ['Camaro Conversível']}"
Chevrolet,Caprice,Caprice,https://www.carrosnaweb.com.br/catalogomodelo.asp?fabricante=Chevrolet&modelo=Caprice,catalogomodelo.asp?fabricante=Chevrolet&modelo=Caprice,Caprice,"{'fabricante': ['Chevrolet'], 'modelo': ['Caprice']}"
Chevrolet,Captiva,Captiva,https://www.carrosnaweb.com.br/catalogomodelo.asp?fabricante=Chevrolet&modelo=Captiva,catalogomodelo.asp?fabricante=Chevrolet&modelo=Captiva,Captiva,"{'fabricante': ['Chevrolet'], 'modelo': ['Captiva']}"
Chevrolet,Captiva EV,Captiva EV,https://www.carrosnaweb.com.br/catalogomodelo.asp?fabricante=Chevrolet&modelo=Captiva EV,catalogomodelo.asp?fabricante=Chevrolet&modelo=Captiva EV,Captiva EV,"{'fabricante': ['Chevrolet'], 'modelo': ['Captiva EV']}"
Chevrolet,Caravan,Caravan,https://www.carrosnaweb.com.br/catalogomodelo.asp?fabricante=Chevrolet&modelo=Caravan,catalogomodelo.asp?fabricante=Chevrolet&modelo=Caravan,Caravan,"{'fabricante': ['Chevrolet'], 'modelo': ['Caravan']}"
Chevrolet,Celta,Celta,https://www.carrosnaweb.com.br/catalogomodelo.asp?fabricante=Chevrolet&modelo=Celta,catalogomodelo.asp?fabricante=Chevrolet&modelo=Celta,Celta,"{'fabricante': ['Chevrolet'], 'modelo': ['Celta']}"
Chevrolet,Chevette,Chevette,https://www.carrosnaweb.com.br/catalogomodelo.asp?fabricante=Chevrolet&modelo=Chevette,catalogomodelo.asp?fabricante=Chevrolet&modelo=Chevette,Chevette,"{'fabricante': ['Chevrolet'], 'modelo': ['Chevette']}"
Chevrolet,Chevette Hatch,Chevette Hatch,https://www.carrosnaweb.com.br/catalogomodelo.asp?fabricante=Chevrolet&modelo=Chevette Hatch,catalogomodelo.asp?fabricante=Chevrolet&modelo=Chevette Hatch,Chevette Hatch,"{'fabricante': ['Chevrolet'], 'modelo': ['Chevette Hatch']}"
Chevrolet,Chevy 500,Chevy 500,https://www.carrosnaweb.com.br/catalogomodelo.asp?fabricante=Chevrolet&modelo=Chevy 500,catalogomodelo.asp?fabricante=Chevrolet&modelo=Chevy 500,Chevy 500,"{'fabricante': ['Chevrolet'], 'modelo': ['Chevy 500']}"
Chevrolet,Classic,Classic,https://www.carrosnaweb.com.br/catalogomodelo.asp?fabricante=Chevrolet&modelo=Classic,catalogomodelo.asp?fabricante=Chevrolet&modelo=Classic,Classic,"{'fabricante': ['Chevrolet'], 'modelo': ['Classic']}"
Chevrolet,Cobalt,Cobalt,https://www.carrosnaweb.com.br/catalogomodelo.asp?fabricante=Chevrolet&modelo=Cobalt,catalogomodelo.asp?fabricante=Chevrolet&modelo=Cobalt,Cobalt,"{'fabricante': ['Chevrolet'], 'modelo': ['Cobalt']}"
Chevrolet,Corsa,Corsa,https://www.carrosnaweb.com.br/catalogomodelo.asp?fabricante=Chevrolet&modelo=Corsa,catalogomodelo.asp?fabricante=Chevrolet&modelo=Corsa,Corsa,"{'fabricante': ['Chevrolet'], 'modelo': ['Corsa']}"
Chevrolet,Corsa Picape,Corsa Picape,https://www.carrosnaweb.com.br/catalogomodelo.asp?fabricante=Chevrolet&modelo=Corsa Picape,catalogomodelo.asp?fabricante=Chevrolet&modelo=Corsa Picape,Corsa Picape,"{'fabricante': ['Chevrolet'], 'modelo': ['Corsa Picape']}"
Chevrolet,Corsa Sedan,Corsa Sedan,https://www.carrosnaweb.com.br/catalogomodelo.asp?fabricante=Chevrolet&modelo=Corsa Sedan,catalogomodelo.asp?fabricante=Chevrolet&modelo=Corsa Sedan,Corsa Sedan,"{'fabricante': ['Chevrolet'], 'modelo': ['Corsa Sedan']}"
Chevrolet,Corsa Wagon,Corsa Wagon,https://www.carrosnaweb.com.br/catalogomodelo.asp?fabricante=Chevrolet&modelo=Corsa Wagon,catalogomodelo.asp?fabricante=Chevrolet&modelo=Corsa Wagon,Corsa Wagon,"{'fabricante': ['Chevrolet'], 'modelo': ['Corsa Wagon']}"
Chevrolet,Corvette,Corvette,https://www.carrosnaweb.com.br/catalogomodelo.asp?fabricante=Chevrolet&modelo=Corvette,catalogomodelo.asp?fabricante=Chevrolet&modelo=Corvette,Corvette,"{'fabricante': ['Chevrolet'], 'modelo': ['Corvette']}"
Chevrolet,Cruze,Cruze,https://www.carrosnaweb.com.br/catalogomodelo.asp?fabricante=Chevrolet&modelo=Cruze,catalogomodelo.asp?fabricante=Chevrolet&modelo=Cruze,Cruze,"{'fabricante': ['Chevrolet'], 'modelo': ['Cruze']}"
Chevrolet,Cruze Hatch,Cruze Hatch,https://www.carrosnaweb.com.br/catalogomodelo.asp?fabricante=Chevrolet&modelo=Cruze Hatch,catalogomodelo.asp?fabricante=Chevrolet&modelo=Cruze Hatch,Cruze Hatch,"{'fabricante': ['Chevrolet'], 'modelo': ['Cruze Hatch']}"
Chevrolet,D-10,D-10,https://www.carrosnaweb.com.br/catalogomodelo.asp?fabricante=Chevrolet&modelo=D-10,catalogomodelo.asp?fabricante=Chevrolet&modelo=D-10,D-10,"{'fabricante': ['Chevrolet'], 'modelo': ['D-10']}"
Chevrolet,D-20,D-20,https://www.carrosnaweb.com.br/catalogomodelo.asp?fabricante=Chevrolet&modelo=D-20,catalogomodelo.asp?fabricante=Chevrolet&modelo=D-20,D-20,"{'fabricante': ['Chevrolet'], 'modelo': ['D-20']}"
Chevrolet,Equinox,Equinox,https://www.carrosnaweb.com.br/catalogomodelo.asp?fabricante=Chevrolet&modelo=Equinox,catalogomodelo.asp?fabricante=Chevrolet&modelo=Equinox,Equinox,"{'fabricante': ['Chevrolet'], 'modelo': ['Equinox']}"
Chevrolet,Equinox EV,Equinox EV,https://www.carrosnaweb.com.br/catalogomodelo.asp?fabricante=Chevrolet&modelo=Equinox EV,catalogomodelo.asp?fabricante=Chevrolet&modelo=Equinox EV,Equinox EV,"{'fabricante': ['Chevrolet'], 'modelo': ['Equinox EV']}"
Chevrolet,Grand Blazer,Grand Blazer,https://www.carrosnaweb.com.br/catalogomodelo.asp?fabricante=Chevrolet&modelo=Grand Blazer,catalogomodelo.asp?fabricante=Chevrolet&modelo=Grand Blazer,Grand Blazer,"{'fabricante': ['Chevrolet'], 'modelo': ['Grand Blazer']}"
Chevrolet,Impala,Impala,https://www.carrosnaweb.com.br/catalogomodelo.asp?fabricante=Chevrolet&modelo=Impala,catalogomodelo.asp?fabricante=Chevrolet&modelo=Impala,Impala,"{'fabricante': ['Chevrolet'], 'modelo': ['Impala']}"
Chevrolet,Ipanema,Ipanema,https://www.carrosnaweb.com.br/catalogomodelo.asp?fabricante=Chevrolet&modelo=Ipanema,catalogomodelo.asp?fabricante=Chevrolet&modelo=Ipanema,Ipanema,"{'fabricante': ['Chevrolet'], 'modelo': ['Ipanema']}"
Chevrolet,Joy,Joy,https://www.carrosnaweb.com.br/catalogomodelo.asp?fabricante=Chevrolet&modelo=Joy,catalogomodelo.asp?fabricante=Chevrolet&modelo=Joy,Joy,"{'fabricante': ['Chevrolet'], 'modelo': ['Joy']}"
Chevrolet,Joy Sedan,Joy Sedan,https://www.carrosnaweb.com.br/catalogomodelo.asp?fabricante=Chevrolet&modelo=Joy Sedan,catalogomodelo.asp?fabricante=Chevrolet&modelo=Joy Sedan,Joy Sedan,"{'fabricante': ['Chevrolet'], 'modelo': ['Joy Sedan']}"
Chevrolet,Kadett,Kadett,https://www.carrosnaweb.com.br/catalogomodelo.asp?fabricante=Chevrolet&modelo=Kadett,catalogomodelo.asp?fabricante=Chevrolet&modelo=Kadett,Kadett,"{'fabricante': ['Chevrolet'], 'modelo': ['Kadett']}"
Chevrolet,Kadett Conversível,Kadett Conversível,https://www.carrosnaweb.com.br/catalogomodelo.asp?fabricante=Chevrolet&modelo=Kadett Conversível,catalogomodelo.asp?fabricante=Chevrolet&modelo=Kadett Conversível,Kadett Conversível,"{'fabricante': ['Chevrolet'], 'modelo': ['Kadett Conversível']}"
Chevrolet,Lumina,Lumina,https://www.carrosnaweb.com.br/catalogomodelo.asp?fabricante=Chevrolet&modelo=Lumina,catalogomodelo.asp?fabricante=Chevrolet&modelo=Lumina,Lumina,"{'fabricante': ['Chevrolet'], 'modelo': ['Lumina']}"
Chevrolet,Malibu,Malibu,https://www.carrosnaweb.com.br/catalogomodelo.asp?fabricante=Chevrolet&modelo=Malibu,catalogomodelo.asp?fabricante=Chevrolet&modelo=Malibu,Malibu,"{'fabricante': ['Chevrolet'], 'modelo': ['Malibu']}"
Chevrolet,Marajó,Marajó,https://www.carrosnaweb.com.br/catalogomodelo.asp?fabricante=Chevrolet&modelo=Marajó,catalogomodelo.asp?fabricante=Chevrolet&modelo=Marajó,Marajó,"{'fabricante': ['Chevrolet'], 'modelo': ['Marajó']}"
Chevrolet,Meriva,Meriva,https://www.carrosnaweb.com.br/catalogomodelo.asp?fabricante=Chevrolet&modelo=Meriva,catalogomodelo.asp?fabricante=Chevrolet&modelo=Meriva,Meriva,"{'fabricante': ['Chevrolet'], 'modelo': ['Meriva']}"
Chevrolet,Montana,Montana,https://www.carrosnaweb.com.br/catalogomodelo.asp?fabricante=Chevrolet&modelo=Montana,catalogomodelo.asp?fabricante=Chevrolet&modelo=Montana,Montana,"{'fabricante': ['Chevrolet'], 'modelo': ['Montana']}"
Chevrolet,Monza,Monza,https://www.carrosnaweb.com.br/catalogomodelo.asp?fabricante=Chevrolet&modelo=Monza,catalogomodelo.asp?fabricante=Chevrolet&modelo=Monza,Monza,"{'fabricante': ['Chevrolet'], 'modelo': ['Monza']}"
Chevrolet,Monza Hatch,Monza Hatch,https://www.carrosnaweb.com.br/catalogomodelo.asp?fabricante=Chevrolet&modelo=Monza Hatch,catalogomodelo.asp?fabricante=Chevrolet&modelo=Monza Hatch,Monza Hatch,"{'fabricante': ['Chevrolet'], 'modelo': ['Monza Hatch']}"
Chevrolet,Omega,Omega,https://www.carrosnaweb.com.br/catalogomodelo.asp?fabricante=Chevrolet&modelo=Omega,catalogomodelo.asp?fabricante=Chevrolet&modelo=Omega,Omega,"{'fabricante': ['Chevrolet'], 'modelo': ['Omega']}"
Chevrolet,Onix,Onix,https://www.carrosnaweb.com.br/catalogomodelo.asp?fabricante=Chevrolet&modelo=Onix,catalogomodelo.asp?fabricante=Chevrolet&modelo=Onix,Onix,"{'fabricante': ['Chevrolet'], 'modelo': ['Onix']}"
Chevrolet,Onix Sedan,Onix Sedan,https://www.carrosnaweb.com.br/catalogomodelo.asp?fabricante=Chevrolet&modelo=Onix Sedan,catalogomodelo.asp?fabricante=Chevrolet&modelo=Onix Sedan,Onix Sedan,"{'fabricante': ['Chevrolet'], 'modelo': ['Onix Sedan']}"
Chevrolet,Opala,Opala,https://www.carrosnaweb.com.br/catalogomodelo.asp?fabricante=Chevrolet&modelo=Opala,catalogomodelo.asp?fabricante=Chevrolet&modelo=Opala,Opala,"{'fabricante': ['Chevrolet'], 'modelo': ['Opala']}"
Chevrolet,Opala Cupê,Opala Cupê,https://www.carrosnaweb.com.br/catalogomodelo.asp?fabricante=Chevrolet&modelo=Opala Cupê,catalogomodelo.asp?fabricante=Chevrolet&modelo=Opala Cupê,Opala Cupê,"{'fabricante': ['Chevrolet'], 'modelo': ['Opala Cupê']}"
Chevrolet,Prisma,Prisma,https://www.carrosnaweb.com.br/catalogomodelo.asp?fabricante=Chevrolet&modelo=Prisma,catalogomodelo.asp?fabricante=Chevrolet&modelo=Prisma,Prisma,"{'fabricante': ['Chevrolet'], 'modelo': ['Prisma']}"
Chevrolet,S10,S10,https://www.carrosnaweb.com.br/catalogomodelo.asp?fabricante=Chevrolet&modelo=S10,catalogomodelo.asp?fabricante=Chevrolet&modelo=S10,S10,"{'fabricante': ['Chevrolet'], 'modelo': ['S10']}"
Chevrolet,Silverado,Silverado,https://www.carrosnaweb.com.br/catalogomodelo.asp?fabricante=Chevrolet&modelo=Silverado,catalogomodelo.asp?fabricante=Chevrolet&modelo=Silverado,Silverado,"{'fabricante': ['Chevrolet'], 'modelo': ['Silverado']}"
Chevrolet,Sonic,Sonic,https://www.carrosnaweb.com.br/catalogomodelo.asp?fabricante=Chevrolet&modelo=Sonic,catalogomodelo.asp?fabricante=Chevrolet&modelo=Sonic,Sonic,"{'fabricante': ['Chevrolet'], 'modelo': ['Sonic']}"
Chevrolet,Sonic Sedan,Sonic Sedan,https://www.carrosnaweb.com.br/catalogomodelo.asp?fabricante=Chevrolet&modelo=Sonic Sedan,catalogomodelo.asp?fabricante=Chevrolet&modelo=Sonic Sedan,Sonic Sedan,"{'fabricante': ['Chevrolet'], 'modelo': ['Sonic Sedan']}"
Chevrolet,Space Van,Space Van,https://www.carrosnaweb.com.br/catalogomodelo.asp?fabricante=Chevrolet&modelo=Space Van,catalogomodelo.asp?fabricante=Chevrolet&modelo=Space Van,Space Van,"{'fabricante': ['Chevrolet'], 'modelo': ['Space Van']}"
Chevrolet,Spark EUV,Spark EUV,https://www.carrosnaweb.com.br/catalogomodelo.asp?fabricante=Chevrolet&modelo=Spark EUV,catalogomodelo.asp?fabricante=Chevrolet&modelo=Spark EUV,Spark EUV,"{'fabricante': ['Chevrolet'], 'modelo': ['Spark EUV']}"
Chevrolet,Spin,Spin,https://www.carrosnaweb.com.br/catalogomodelo.asp?fabricante=Chevrolet&modelo=Spin,catalogomodelo.asp?fabricante=Chevrolet&modelo=Spin,Spin,"{'fabricante': ['Chevrolet'], 'modelo': ['Spin']}"
Chevrolet,Suburban,Suburban,https://www.carrosnaweb.com.br/catalogomodelo.asp?fabricante=Chevrolet&modelo=Suburban,catalogomodelo.asp?fabricante=Chevrolet&modelo=Suburban,Suburban,"{'fabricante': ['Chevrolet'], 'modelo': ['Suburban']}"
Chevrolet,Suprema,Suprema,https://www.carrosnaweb.com.br/catalogomodelo.asp?fabricante=Chevrolet&modelo=Suprema,catalogomodelo.asp?fabricante=Chevrolet&modelo=Suprema,Suprema,"{'fabricante': ['Chevrolet'], 'modelo': ['Suprema']}"
Chevrolet,Tahoe,Tahoe,https://www.carrosnaweb.com.br/catalogomodelo.asp?fabricante=Chevrolet&modelo=Tahoe,catalogomodelo.asp?fabricante=Chevrolet&modelo=Tahoe,Tahoe,"{'fabricante': ['Chevrolet'], 'modelo': ['Tahoe']}"
Chevrolet,Tigra,Tigra,https://www.carrosnaweb.com.br/catalogomodelo.asp?fabricante=Chevrolet&modelo=Tigra,catalogomodelo.asp?fabricante=Chevrolet&modelo=Tigra,Tigra,"{'fabricante': ['Chevrolet'], 'modelo': ['Tigra']}"
Chevrolet,Tracker,Tracker,https://www.carrosnaweb.com.br/catalogomodelo.asp?fabricante=Chevrolet&modelo=Tracker,catalogomodelo.asp?fabricante=Chevrolet&modelo=Tracker,Tracker,"{'fabricante': ['Chevrolet'], 'modelo': ['Tracker']}"
Chevrolet,Trafic,Trafic,https://www.carrosnaweb.com.br/catalogomodelo.asp?fabricante=Chevrolet&modelo=Trafic,catalogomodelo.asp?fabricante=Chevrolet&modelo=Trafic,Trafic,"{'fabricante': ['Chevrolet'], 'modelo': ['Trafic']}"
Chevrolet,Trailblazer,Trailblazer,https://www.carrosnaweb.com.br/catalogomodelo.asp?fabricante=Chevrolet&modelo=Trailblazer,catalogomodelo.asp?fabricante=Chevrolet&modelo=Trailblazer,Trailblazer,"{'fabricante': ['Chevrolet'], 'modelo': ['Trailblazer']}"
Chevrolet,Vectra,Vectra,https://www.carrosnaweb.com.br/catalogomodelo.asp?fabricante=Chevrolet&modelo=Vectra,catalogomodelo.asp?fabricante=Chevrolet&modelo=Vectra,Vectra,"{'fabricante': ['Chevrolet'], 'modelo': ['Vectra']}"
Chevrolet,Vectra Hatch,Vectra Hatch,https://www.carrosnaweb.com.br/catalogomodelo.asp?fabricante=Chevrolet&modelo=Vectra Hatch,catalogomodelo.asp?fabricante=Chevrolet&modelo=Vectra Hatch,Vectra Hatch,"{'fabricante': ['Chevrolet'], 'modelo': ['Vectra Hatch']}"
Chevrolet,Veraneio,Veraneio,https://www.carrosnaweb.com.br/catalogomodelo.asp?fabricante=Chevrolet&modelo=Veraneio,catalogomodelo.asp?fabricante=Chevrolet&modelo=Veraneio,Veraneio,"{'fabricante': ['Chevrolet'], 'modelo': ['Veraneio']}"
Chevrolet,Zafira,Zafira,https://www.carrosnaweb.com.br/catalogomodelo.asp?fabricante=Chevrolet&modelo=Zafira,catalogomodelo.asp?fabricante=Chevrolet&modelo=Zafira,Zafira,"{'fabricante': ['Chevrolet'], 'modelo': ['Zafira']}"
Chrysler,300C,300C,https://www.carrosnaweb.com.br/catalogomodelo.asp?fabricante=Chrysler&modelo=300C,catalogomodelo.asp?fabricante=Chrysler&modelo=300C,300C,"{'fabricante': ['Chrysler'], 'modelo': ['300C']}"
Chrysler,300C Touring,300C Touring,https://www.carrosnaweb.com.br/catalogomodelo.asp?fabricante=Chrysler&modelo=300C Touring,catalogomodelo.asp?fabricante=Chrysler&modelo=300C Touring,300C Touring,"{'fabricante': ['Chrysler'], 'modelo': ['300C Touring']}"
Chrysler,300M,300M,https://www.carrosnaweb.com.br/catalogomodelo.asp?fabricante=Chrysler&modelo=300M,catalogomodelo.asp?fabricante=Chrysler&modelo=300M,300M,"{'fabricante': ['Chrysler'], 'modelo': ['300M']}"
Chrysler,Caravan,Caravan,https://www.carrosnaweb.com.br/catalogomodelo.asp?fabricante=Chrysler&modelo=Caravan,catalogomodelo.asp?fabricante=Chrysler&modelo=Caravan,Caravan,"{'fabricante': ['Chrysler'], 'modelo': ['Caravan']}"
Chrysler,Crossfire,Crossfire,https://www.carrosnaweb.com.br/catalogomodelo.asp?fabricante=Chrysler&modelo=Crossfire,catalogomodelo.asp?fabricante=Chrysler&modelo=Crossfire,Crossfire,"{'fabricante': ['Chrysler'], 'modelo': ['Crossfire']}"
Chrysler,Grand Caravan,Grand Caravan,https://www.carrosnaweb.com.br/catalogomodelo.asp?fabricante=Chrysler&modelo=Grand Caravan,catalogomodelo.asp?fabricante=Chrysler&modelo=Grand Caravan,Grand Caravan,"{'fabricante': ['Chrysler'], 'modelo': ['Grand Caravan']}"
Chrysler,Neon,Neon,https://www.carrosnaweb.com.br/catalogomodelo.asp?fabricante=Chrysler&modelo=Neon,catalogomodelo.asp?fabricante=Chrysler&modelo=Neon,Neon,"{'fabricante': ['Chrysler'], 'modelo': ['Neon']}"
Chrysler,PT Cruiser,PT Cruiser,https://www.carrosnaweb.com.br/catalogomodelo.asp?fabricante=Chrysler&modelo=PT Cruiser,catalogomodelo.asp?fabricante=Chrysler&modelo=PT Cruiser,PT Cruiser,"{'fabricante': ['Chrysler'], 'modelo': ['PT Cruiser']}"
Chrysler,PT Cruiser Cabriolet,PT Cruiser Cabriolet,https://www.carrosnaweb.com.br/catalogomodelo.asp?fabricante=Chrysler&modelo=PT Cruiser Cabriolet,catalogomodelo.asp?fabricante=Chrysler&modelo=PT Cruiser Cabriolet,PT Cruiser Cabriolet,"{'fabricante': ['Chrysler'], 'modelo': ['PT Cruiser Cabriolet']}"
Chrysler,Pacifica,Pacifica,https://www.carrosnaweb.com.br/catalogomodelo.asp?fabricante=Chrysler&modelo=Pacifica,catalogomodelo.asp?fabricante=Chrysler&modelo=Pacifica,Pacifica,"{'fabricante': ['Chrysler'], 'modelo': ['Pacifica']}"
Chrysler,Sebring,Sebring,https://www.carrosnaweb.com.br/catalogomodelo.asp?fabricante=Chrysler&modelo=Sebring,catalogomodelo.asp?fabricante=Chrysler&modelo=Sebring,Sebring,"{'fabricante': ['Chrysler'], 'modelo': ['Sebring']}"
Chrysler,Stratus,Stratus,https://www.carrosnaweb.com.br/catalogomodelo.asp?fabricante=Chrysler&modelo=Stratus,catalogomodelo.asp?fabricante=Chrysler&modelo=Stratus,Stratus,"{'fabricante': ['Chrysler'], 'modelo': ['Stratus']}"
Chrysler,Stratus Cabriolet,Stratus Cabriolet,https://www.carrosnaweb.com.br/catalogomodelo.asp?fabricante=Chrysler&modelo=Stratus Cabriolet,catalogomodelo.asp?fabricante=Chrysler&modelo=Stratus Cabriolet,Stratus Cabriolet,"{'fabricante': ['Chrysler'], 'modelo': ['Stratus Cabriolet']}"
Chrysler,Town Country,Town Country,https://www.carrosnaweb.com.br/catalogomodelo.asp?fabricante=Chrysler&modelo=Town Country,catalogomodelo.asp?fabricante=Chrysler&modelo=Town Country,Town Country,"{'fabricante': ['Chrysler'], 'modelo': ['Town Country']}"
Chrysler,Vision,Vision,https://www.carrosnaweb.com.br/catalogomodelo.asp?fabricante=Chrysler&modelo=Vision,catalogomodelo.asp?fabricante=Chrysler&modelo=Vision,Vision,"{'fabricante': ['Chrysler'], 'modelo': ['Vision']}"
Citroen,AX,AX,https://www.carrosnaweb.com.br/catalogomodelo.asp?fabricante=Citroen&modelo=AX,catalogomodelo.asp?fabricante=Citroen&modelo=AX,AX,"{'fabricante': ['Citroen'], 'modelo': ['AX']}"
Citroen,Aircross,Aircross,https://www.carrosnaweb.com.br/catalogomodelo.asp?fabricante=Citroen&modelo=Aircross,catalogomodelo.asp?fabricante=Citroen&modelo=Aircross,Aircross,"{'fabricante': ['Citroen'], 'modelo': ['Aircross']}"
Citroen,BX,BX,https://www.carrosnaweb.com.br/catalogomodelo.asp?fabricante=Citroen&modelo=BX,catalogomodelo.asp?fabricante=Citroen&modelo=BX,BX,"{'fabricante': ['Citroen'], 'modelo': ['BX']}"
Citroen,Basalt,Basalt,https://www.carrosnaweb.com.br/catalogomodelo.asp?fabricante=Citroen&modelo=Basalt,catalogomodelo.asp?fabricante=Citroen&modelo=Basalt,Basalt,"{'fabricante': ['Citroen'], 'modelo': ['Basalt']}"
Citroen,Berlingo,Berlingo,https://www.carrosnaweb.com.br/catalogomodelo.asp?fabricante=Citroen&modelo=Berlingo,catalogomodelo.asp?fabricante=Citroen&modelo=Berlingo,Berlingo,"{'fabricante': ['Citroen'], 'modelo': ['Berlingo']}"
Citroen,C3,C3,https://www.carrosnaweb.com.br/catalogomodelo.asp?fabricante=Citroen&modelo=C3,catalogomodelo.asp?fabricante=Citroen&modelo=C3,C3,"{'fabricante': ['Citroen'], 'modelo': ['C3']}"
Citroen,C3 Aircross,C3 Aircross,https://www.carrosnaweb.com.br/catalogomodelo.asp?fabricante=Citroen&modelo=C3 Aircross,catalogomodelo.asp?fabricante=Citroen&modelo=C3 Aircross,C3 Aircross,"{'fabricante': ['Citroen'], 'modelo': ['C3 Aircross']}"
Citroen,C3 Picasso,C3 Picasso,https://www.carrosnaweb.com.br/catalogomodelo.asp?fabricante=Citroen&modelo=C3 Picasso,catalogomodelo.asp?fabricante=Citroen&modelo=C3 Picasso,C3 Picasso,"{'fabricante': ['Citroen'], 'modelo': ['C3 Picasso']}"
Citroen,C4,C4,https://www.carrosnaweb.com.br/catalogomodelo.asp?fabricante=Citroen&modelo=C4,catalogomodelo.asp?fabricante=Citroen&modelo=C4,C4,"{'fabricante': ['Citroen'], 'modelo': ['C4']}"
Citroen,C4 Cactus,C4 Cactus,https://www.carrosnaweb.com.br/catalogomodelo.asp?fabricante=Citroen&modelo=C4 Cactus,catalogomodelo.asp?fabricante=Citroen&modelo=C4 Cactus,C4 Cactus,"{'fabricante': ['Citroen'], 'modelo': ['C4 Cactus']}"
Citroen,C4 Coupe,C4 Coupe,https://www.carrosnaweb.com.br/catalogomodelo.asp?fabricante=Citroen&modelo=C4 Coupe,catalogomodelo.asp?fabricante=Citroen&modelo=C4 Coupe,C4 Coupe,"{'fabricante': ['Citroen'], 'modelo': ['C4 Coupe']}"
Citroen,C4 Lounge,C4 Lounge,https://www.carrosnaweb.com.br/catalogomodelo.asp?fabricante=Citroen&modelo=C4 Lounge,catalogomodelo.asp?fabricante=Citroen&modelo=C4 Lounge,C4 Lounge,"{'fabricante': ['Citroen'], 'modelo': ['C4 Lounge']}"
Citroen,C4 Pallas,C4 Pallas,https://www.carrosnaweb.com.br/catalogomodelo.asp?fabricante=Citroen&modelo=C4 Pallas,catalogomodelo.asp?fabricante=Citroen&modelo=C4 Pallas,C4 Pallas,"{'fabricante': ['Citroen'], 'modelo': ['C4 Pallas']}"
Citroen,C4 Picasso,C4 Picasso,https://www.carrosnaweb.com.br/catalogomodelo.asp?fabricante=Citroen&modelo=C4 Picasso,catalogomodelo.asp?fabricante=Citroen&modelo=C4 Picasso,C4 Picasso,"{'fabricante': ['Citroen'], 'modelo': ['C4 Picasso']}"
Citroen,C5,C5,https://www.carrosnaweb.com.br/catalogomodelo.asp?fabricante=Citroen&modelo=C5,catalogomodelo.asp?fabricante=Citroen&modelo=C5,C5,"{'fabricante': ['Citroen'], 'modelo': ['C5']}"
Citroen,C5 Break,C5 Break,https://www.carrosnaweb.com.br/catalogomodelo.asp?fabricante=Citroen&modelo=C5 Break,catalogomodelo.asp?fabricante=Citroen&modelo=C5 Break,C5 Break,"{'fabricante': ['Citroen'], 'modelo': ['C5 Break']}"
Citroen,C5 Tourer,C5 Tourer,https://www.carrosnaweb.com.br/catalogomodelo.asp?fabricante=Citroen&modelo=C5 Tourer,catalogomodelo.asp?fabricante=Citroen&modelo=C5 Tourer,C5 Tourer,"{'fabricante': ['Citroen'], 'modelo': ['C5 Tourer']}"
Citroen,C6,C6,https://www.carrosnaweb.com.br/catalogomodelo.asp?fabricante=Citroen&modelo=C6,catalogomodelo.asp?fabricante=Citroen&modelo=C6,C6,"{'fabricante': ['Citroen'], 'modelo': ['C6']}"
Citroen,C8,C8,https://www.carrosnaweb.com.br/catalogomodelo.asp?fabricante=Citroen&modelo=C8,catalogomodelo.asp?fabricante=Citroen&modelo=C8,C8,"{'fabricante': ['Citroen'], 'modelo': ['C8']}"
Citroen,DS3,DS3,https://www.carrosnaweb.com.br/catalogomodelo.asp?fabricante=Citroen&modelo=DS3,catalogomodelo.asp?fabricante=Citroen&modelo=DS3,DS3,"{'fabricante': ['Citroen'], 'modelo': ['DS3']}"
Citroen,DS4,DS4,https://www.carrosnaweb.com.br/catalogomodelo.asp?fabricante=Citroen&modelo=DS4,catalogomodelo.asp?fabricante=Citroen&modelo=DS4,DS4,"{'fabricante': ['Citroen'], 'modelo': ['DS4']}"
Citroen,DS5,DS5,https://www.carrosnaweb.com.br/catalogomodelo.asp?fabricante=Citroen&modelo=DS5,catalogomodelo.asp?fabricante=Citroen&modelo=DS5,DS5,"{'fabricante': ['Citroen'], 'modelo': ['DS5']}"
Citroen,Evasion,Evasion,https://www.carrosnaweb.com.br/catalogomodelo.asp?fabricante=Citroen&modelo=Evasion,catalogomodelo.asp?fabricante=Citroen&modelo=Evasion,Evasion,"{'fabricante': ['Citroen'], 'modelo': ['Evasion']}"
Citroen,Jumper,Jumper,https://www.carrosnaweb.com.br/catalogomodelo.asp?fabricante=Citroen&modelo=Jumper,catalogomodelo.asp?fabricante=Citroen&modelo=Jumper,Jumper,"{'fabricante': ['Citroen'], 'modelo': ['Jumper']}"
Citroen,Jumpy,Jumpy,https://www.carrosnaweb.com.br/catalogomodelo.asp?fabricante=Citroen&modelo=Jumpy,catalogomodelo.asp?fabricante=Citroen&modelo=Jumpy,Jumpy,"{'fabricante': ['Citroen'], 'modelo': ['Jumpy']}"
Citroen,XM,XM,https://www.carrosnaweb.com.br/catalogomodelo.asp?fabricante=Citroen&modelo=XM,catalogomodelo.asp?fabricante=Citroen&modelo=XM,XM,"{'fabricante': ['Citroen'], 'modelo': ['XM']}"
Citroen,XM Break,XM Break,https://www.carrosnaweb.com.br/catalogomodelo.asp?fabricante=Citroen&modelo=XM Break,catalogomodelo.asp?fabricante=Citroen&modelo=XM Break,XM Break,"{'fabricante': ['Citroen'], 'modelo': ['XM Break']}"
Citroen,Xantia,Xantia,https://www.carrosnaweb.com.br/catalogomodelo.asp?fabricante=Citroen&modelo=Xantia,catalogomodelo.asp?fabricante=Citroen&modelo=Xantia,Xantia,"{'fabricante': ['Citroen'], 'modelo': ['Xantia']}"
Citroen,Xantia Break,Xantia Break,https://www.carrosnaweb.com.br/catalogomodelo.asp?fabricante=Citroen&modelo=Xantia Break,catalogomodelo.asp?fabricante=Citroen&modelo=Xantia Break,Xantia Break,"{'fabricante': ['Citroen'], 'modelo': ['Xantia Break']}"
Citroen,Xsara,Xsara,https://www.carrosnaweb.com.br/catalogomodelo.asp?fabricante=Citroen&modelo=Xsara,catalogomodelo.asp?fabricante=Citroen&modelo=Xsara,Xsara,"{'fabricante': ['Citroen'], 'modelo': ['Xsara']}"
Citroen,Xsara Break,Xsara Break,https://www.carrosnaweb.com.br/catalogomodelo.asp?fabricante=Citroen&modelo=Xsara Break,catalogomodelo.asp?fabricante=Citroen&modelo=Xsara Break,Xsara Break,"{'fabricante': ['Citroen'], 'modelo': ['Xsara Break']}"
Citroen,Xsara Picasso,Xsara Picasso,https://www.carrosnaweb.com.br/catalogomodelo.asp?fabricante=Citroen&modelo=Xsara Picasso,catalogomodelo.asp?fabricante=Citroen&modelo=Xsara Picasso,Xsara Picasso,"{'fabricante': ['Citroen'], 'modelo': ['Xsara Picasso']}"
Citroen,ZX,ZX,https://www.carrosnaweb.com.br/catalogomodelo.asp?fabricante=Citroen&modelo=ZX,catalogomodelo.asp?fabricante=Citroen&modelo=ZX,ZX,"{'fabricante': ['Citroen'], 'modelo': ['ZX']}"
Citroen,e-Jumpy,e-Jumpy,https://www.carrosnaweb.com.br/catalogomodelo.asp?fabricante=Citroen&modelo=e-Jumpy,catalogomodelo.asp?fabricante=Citroen&modelo=e-Jumpy,e-Jumpy,"{'fabricante': ['Citroen'], 'modelo': ['e-Jumpy']}"
Cross Lander,CL 244,CL 244,https://www.carrosnaweb.com.br/catalogomodelo.asp?fabricante=Cross Lander&modelo=CL 244,catalogomodelo.asp?fabricante=Cross Lander&modelo=CL 244,CL 244,"{'fabricante': ['Cross Lander'], 'modelo': ['CL 244']}"
Daewoo,Espero,Espero,https://www.carrosnaweb.com.br/catalogomodelo.asp?fabricante=Daewoo&modelo=Espero,catalogomodelo.asp?fabricante=Daewoo&modelo=Espero,Espero,"{'fabricante': ['Daewoo'], 'modelo': ['Espero']}"
Daewoo,Lanos,Lanos,https://www.carrosnaweb.com.br/catalogomodelo.asp?fabricante=Daewoo&modelo=Lanos,catalogomodelo.asp?fabricante=Daewoo&modelo=Lanos,Lanos,"{'fabricante': ['Daewoo'], 'modelo': ['Lanos']}"
Daewoo,Lanos Hatch,Lanos Hatch,https://www.carrosnaweb.com.br/catalogomodelo.asp?fabricante=Daewoo&modelo=Lanos Hatch,catalogomodelo.asp?fabricante=Daewoo&modelo=Lanos Hatch,Lanos Hatch,"{'fabricante': ['Daewoo'], 'modelo': ['Lanos Hatch']}"
Daewoo,Leganza,Leganza,https://www.carrosnaweb.com.br/catalogomodelo.asp?fabricante=Daewoo&modelo=Leganza,catalogomodelo.asp?fabricante=Daewoo&modelo=Leganza,Leganza,"{'fabricante': ['Daewoo'], 'modelo': ['Leganza']}"
Daewoo,Nubira,Nubira,https://www.carrosnaweb.com.br/catalogomodelo.asp?fabricante=Daewoo&modelo=Nubira,catalogomodelo.asp?fabricante=Daewoo&modelo=Nubira,Nubira,"{'fabricante': ['Daewoo'], 'modelo': ['Nubira']}"
Daewoo,Nubira SW,Nubira SW,https://www.carrosnaweb.com.br/catalogomodelo.asp?fabricante=Daewoo&modelo=Nubira SW,catalogomodelo.asp?fabricante=Daewoo&modelo=Nubira SW,Nubira SW,"{'fabricante': ['Daewoo'], 'modelo': ['Nubira SW']}"
Daewoo,Prince,Prince,https://www.carrosnaweb.com.br/catalogomodelo.asp?fabricante=Daewoo&modelo=Prince,catalogomodelo.asp?fabricante=Daewoo&modelo=Prince,Prince,"{'fabricante': ['Daewoo'], 'modelo': ['Prince']}"
Daewoo,Super Salon,Super Salon,https://www.carrosnaweb.com.br/catalogomodelo.asp?fabricante=Daewoo&modelo=Super Salon,catalogomodelo.asp?fabricante=Daewoo&modelo=Super Salon,Super Salon,"{'fabricante': ['Daewoo'], 'modelo': ['Super Salon']}"
Daewoo,Tico,Tico,https://www.carrosnaweb.com.br/catalogomodelo.asp?fabricante=Daewoo&modelo=Tico,catalogomodelo.asp?fabricante=Daewoo&modelo=Tico,Tico,"{'fabricante': ['Daewoo'], 'modelo': ['Tico']}"
Daihatsu,Applause,Applause,https://www.carrosnaweb.com.br/catalogomodelo.asp?fabricante=Daihatsu&modelo=Applause,catalogomodelo.asp?fabricante=Daihatsu&modelo=Applause,Applause,"{'fabricante': ['Daihatsu'], 'modelo': ['Applause']}"
Daihatsu,Charade,Charade,https://www.carrosnaweb.com.br/catalogomodelo.asp?fabricante=Daihatsu&modelo=Charade,catalogomodelo.asp?fabricante=Daihatsu&modelo=Charade,Charade,"{'fabricante': ['Daihatsu'], 'modelo': ['Charade']}"
Daihatsu,Charade Sedan,Charade Sedan,https://www.carrosnaweb.com.br/catalogomodelo.asp?fabricante=Daihatsu&modelo=Charade Sedan,catalogomodelo.asp?fabricante=Daihatsu&modelo=Charade Sedan,Charade Sedan,"{'fabricante': ['Daihatsu'], 'modelo': ['Charade Sedan']}"
Daihatsu,Cuore,Cuore,https://www.carrosnaweb.com.br/catalogomodelo.asp?fabricante=Daihatsu&modelo=Cuore,catalogomodelo.asp?fabricante=Daihatsu&modelo=Cuore,Cuore,"{'fabricante': ['Daihatsu'], 'modelo': ['Cuore']}"
Daihatsu,Feroza,Feroza,https://www.carrosnaweb.com.br/catalogomodelo.asp?fabricante=Daihatsu&modelo=Feroza,catalogomodelo.asp?fabricante=Daihatsu&modelo=Feroza,Feroza,"{'fabricante': ['Daihatsu'], 'modelo': ['Feroza']}"
Daihatsu,Gran Move,Gran Move,https://www.carrosnaweb.com.br/catalogomodelo.asp?fabricante=Daihatsu&modelo=Gran Move,catalogomodelo.asp?fabricante=Daihatsu&modelo=Gran Move,Gran Move,"{'fabricante': ['Daihatsu'], 'modelo': ['Gran Move']}"
Daihatsu,Terios,Terios,https://www.carrosnaweb.com.br/catalogomodelo.asp?fabricante=Daihatsu&modelo=Terios,catalogomodelo.asp?fabricante=Daihatsu&modelo=Terios,Terios,"{'fabricante': ['Daihatsu'], 'modelo': ['Terios']}"
DeLorean,DMC-12,DMC-12,https://www.carrosnaweb.com.br/catalogomodelo.asp?fabricante=DeLorean&modelo=DMC-12,catalogomodelo.asp?fabricante=DeLorean&modelo=DMC-12,DMC-12,"{'fabricante': ['DeLorean'], 'modelo': ['DMC-12']}"
Denza,B5,B5,https://www.carrosnaweb.com.br/catalogomodelo.asp?fabricante=Denza&modelo=B5,catalogomodelo.asp?fabricante=Denza&modelo=B5,B5,"{'fabricante': ['Denza'], 'modelo': ['B5']}"
Denza,D9,D9,https://www.carrosnaweb.com.br/catalogomodelo.asp?fabricante=Denza&modelo=D9,catalogomodelo.asp?fabricante=Denza&modelo=D9,D9,"{'fabricante': ['Denza'], 'modelo': ['D9']}"
Denza,Z9 GT,Z9 GT,https://www.carrosnaweb.com.br/catalogomodelo.asp?fabricante=Denza&modelo=Z9 GT,catalogomodelo.asp?fabricante=Denza&modelo=Z9 GT,Z9 GT,"{'fabricante': ['Denza'], 'modelo': ['Z9 GT']}"
Dodge,1800,1800,https://www.carrosnaweb.com.br/catalogomodelo.asp?fabricante=Dodge&modelo=1800,catalogomodelo.asp?fabricante=Dodge&modelo=1800,1800,"{'fabricante': ['Dodge'], 'modelo': ['1800']}"
Dodge,Challenger,Challenger,https://www.carrosnaweb.com.br/catalogomodelo.asp?fabricante=Dodge&modelo=Challenger,catalogomodelo.asp?fabricante=Dodge&modelo=Challenger,Challenger,"{'fabricante': ['Dodge'], 'modelo': ['Challenger']}"
Dodge,Charger,Charger,https://www.carrosnaweb.com.br/catalogomodelo.asp?fabricante=Dodge&modelo=Charger,catalogomodelo.asp?fabricante=Dodge&modelo=Charger,Charger,"{'fabricante': ['Dodge'], 'modelo': ['Charger']}"
Dodge,D-100,D-100,https://www.carrosnaweb.com.br/catalogomodelo.asp?fabricante=Dodge&modelo=D-100,catalogomodelo.asp?fabricante=Dodge&modelo=D-100,D-100,"{'fabricante': ['Dodge'], 'modelo': ['D-100']}"
Dodge,Dakota,Dakota,https://www.carrosnaweb.com.br/catalogomodelo.asp?fabricante=Dodge&modelo=Dakota,catalogomodelo.asp?fabricante=Dodge&modelo=Dakota,Dakota,"{'fabricante': ['Dodge'], 'modelo': ['Dakota']}"
Dodge,Dart,Dart,https://www.carrosnaweb.com.br/catalogomodelo.asp?fabricante=Dodge&modelo=Dart,catalogomodelo.asp?fabricante=Dodge&modelo=Dart,Dart,"{'fabricante': ['Dodge'], 'modelo': ['Dart']}"
Dodge,Durango,Durango,https://www.carrosnaweb.com.br/catalogomodelo.asp?fabricante=Dodge&modelo=Durango,catalogomodelo.asp?fabricante=Dodge&modelo=Durango,Durango,"{'fabricante': ['Dodge'], 'modelo': ['Durango']}"
Dodge,Journey,Journey,https://www.carrosnaweb.com.br/catalogomodelo.asp?fabricante=Dodge&modelo=Journey,catalogomodelo.asp?fabricante=Dodge&modelo=Journey,Journey,"{'fabricante': ['Dodge'], 'modelo': ['Journey']}"
Dodge,Le Baron,Le Baron,https://www.carrosnaweb.com.br/catalogomodelo.asp?fabricante=Dodge&modelo=Le Baron,catalogomodelo.asp?fabricante=Dodge&modelo=Le Baron,Le Baron,"{'fabricante': ['Dodge'], 'modelo': ['Le Baron']}"
Dodge,Magnum,Magnum,https://www.carrosnaweb.com.br/catalogomodelo.asp?fabricante=Dodge&modelo=Magnum,catalogomodelo.asp?fabricante=Dodge&modelo=Magnum,Magnum,"{'fabricante': ['Dodge'], 'modelo': ['Magnum']}"
Dodge,Polara,Polara,https://www.carrosnaweb.com.br/catalogomodelo.asp?fabricante=Dodge&modelo=Polara,catalogomodelo.asp?fabricante=Dodge&modelo=Polara,Polara,"{'fabricante': ['Dodge'], 'modelo': ['Polara']}"
Dodge,Ram,Ram,https://www.carrosnaweb.com.br/catalogomodelo.asp?fabricante=Dodge&modelo=Ram,catalogomodelo.asp?fabricante=Dodge&modelo=Ram,Ram,"{'fabricante': ['Dodge'], 'modelo': ['Ram']}"
Dodge,Stealth,Stealth,https://www.carrosnaweb.com.br/catalogomodelo.asp?fabricante=Dodge&modelo=Stealth,catalogomodelo.asp?fabricante=Dodge&modelo=Stealth,Stealth,"{'fabricante': ['Dodge'], 'modelo': ['Stealth']}"
Dodge,Viper,Viper,https://www.carrosnaweb.com.br/catalogomodelo.asp?fabricante=Dodge&modelo=Viper,catalogomodelo.asp?fabricante=Dodge&modelo=Viper,Viper,"{'fabricante': ['Dodge'], 'modelo': ['Viper']}"
Dongfeng,Box,Box,https://www.carrosnaweb.com.br/catalogomodelo.asp?fabricante=Dongfeng&modelo=Box,catalogomodelo.asp?fabricante=Dongfeng&modelo=Box,Box,"{'fabricante': ['Dongfeng'], 'modelo': ['Box']}"
Dongfeng,Vigo,Vigo,https://www.carrosnaweb.com.br/catalogomodelo.asp?fabricante=Dongfeng&modelo=Vigo,catalogomodelo.asp?fabricante=Dongfeng&modelo=Vigo,Vigo,"{'fabricante': ['Dongfeng'], 'modelo': ['Vigo']}"
Effa,K01,K01,https://www.carrosnaweb.com.br/catalogomodelo.asp?fabricante=Effa&modelo=K01,catalogomodelo.asp?fabricante=Effa&modelo=K01,K01,"{'fabricante': ['Effa'], 'modelo': ['K01']}"
Effa,K02,K02,https://www.carrosnaweb.com.br/catalogomodelo.asp?fabricante=Effa&modelo=K02,catalogomodelo.asp?fabricante=Effa&modelo=K02,K02,"{'fabricante': ['Effa'], 'modelo': ['K02']}"
Effa,M100,M100,https://www.carrosnaweb.com.br/catalogomodelo.asp?fabricante=Effa&modelo=M100,catalogomodelo.asp?fabricante=Effa&modelo=M100,M100,"{'fabricante': ['Effa'], 'modelo': ['M100']}"
Effa,Plutus,Plutus,https://www.carrosnaweb.com.br/catalogomodelo.asp?fabricante=Effa&modelo=Plutus,catalogomodelo.asp?fabricante=Effa&modelo=Plutus,Plutus,"{'fabricante': ['Effa'], 'modelo': ['Plutus']}"
Effa,Start Picape,Start Picape,https://www.carrosnaweb.com.br/catalogomodelo.asp?fabricante=Effa&modelo=Start Picape,catalogomodelo.asp?fabricante=Effa&modelo=Start Picape,Start Picape,"{'fabricante': ['Effa'], 'modelo': ['Start Picape']}"
Effa,Start Van,Start Van,https://www.carrosnaweb.com.br/catalogomodelo.asp?fabricante=Effa&modelo=Start Van,catalogomodelo.asp?fabricante=Effa&modelo=Start Van,Start Van,"{'fabricante': ['Effa'], 'modelo': ['Start Van']}"
Effa,ULC Picape,ULC Picape,https://www.carrosnaweb.com.br/catalogomodelo.asp?fabricante=Effa&modelo=ULC Picape,catalogomodelo.asp?fabricante=Effa&modelo=ULC Picape,ULC Picape,"{'fabricante': ['Effa'], 'modelo': ['ULC Picape']}"
Effa,ULC Van,ULC Van,https://www.carrosnaweb.com.br/catalogomodelo.asp?fabricante=Effa&modelo=ULC Van,catalogomodelo.asp?fabricante=Effa&modelo=ULC Van,ULC Van,"{'fabricante': ['Effa'], 'modelo': ['ULC Van']}"
Effa,V21,V21,https://www.carrosnaweb.com.br/catalogomodelo.asp?fabricante=Effa&modelo=V21,catalogomodelo.asp?fabricante=Effa&modelo=V21,V21,"{'fabricante': ['Effa'], 'modelo': ['V21']}"
Effa,V22,V22,https://www.carrosnaweb.com.br/catalogomodelo.asp?fabricante=Effa&modelo=V22,catalogomodelo.asp?fabricante=Effa&modelo=V22,V22,"{'fabricante': ['Effa'], 'modelo': ['V22']}"
Effa,V25,V25,https://www.carrosnaweb.com.br/catalogomodelo.asp?fabricante=Effa&modelo=V25,catalogomodelo.asp?fabricante=Effa&modelo=V25,V25,"{'fabricante': ['Effa'], 'modelo': ['V25']}"
Engesa,4,4,https://www.carrosnaweb.com.br/catalogomodelo.asp?fabricante=Engesa&modelo=4,catalogomodelo.asp?fabricante=Engesa&modelo=4,4,"{'fabricante': ['Engesa'], 'modelo': ['4']}"
Enseada,MG,MG,https://www.carrosnaweb.com.br/catalogomodelo.asp?fabricante=Enseada&modelo=MG,catalogomodelo.asp?fabricante=Enseada&modelo=MG,MG,"{'fabricante': ['Enseada'], 'modelo': ['MG']}"
Envemo,Camper,Camper,https://www.carrosnaweb.com.br/catalogomodelo.asp?fabricante=Envemo&modelo=Camper,catalogomodelo.asp?fabricante=Envemo&modelo=Camper,Camper,"{'fabricante': ['Envemo'], 'modelo': ['Camper']}"
Farus,Beta,Beta,https://www.carrosnaweb.com.br/catalogomodelo.asp?fabricante=Farus&modelo=Beta,catalogomodelo.asp?fabricante=Farus&modelo=Beta,Beta,"{'fabricante': ['Farus'], 'modelo': ['Beta']}"
Farus,ML 929,ML 929,https://www.carrosnaweb.com.br/catalogomodelo.asp?fabricante=Farus&modelo=ML 929,catalogomodelo.asp?fabricante=Farus&modelo=ML 929,ML 929,"{'fabricante': ['Farus'], 'modelo': ['ML 929']}"
Farus,Quadro,Quadro,https://www.carrosnaweb.com.br/catalogomodelo.asp?fabricante=Farus&modelo=Quadro,catalogomodelo.asp?fabricante=Farus&modelo=Quadro,Quadro,"{'fabricante': ['Farus'], 'modelo': ['Quadro']}"
Farus,TS,TS,https://www.carrosnaweb.com.br/catalogomodelo.asp?fabricante=Farus&modelo=TS,catalogomodelo.asp?fabricante=Farus&modelo=TS,TS,"{'fabricante': ['Farus'], 'modelo': ['TS']}"
Ferrari,12Cilindri,12Cilindri,https://www.carrosnaweb.com.br/catalogomodelo.asp?fabricante=Ferrari&modelo=12Cilindri,catalogomodelo.asp?fabricante=Ferrari&modelo=12Cilindri,12Cilindri,"{'fabricante': ['Ferrari'], 'modelo': ['12Cilindri']}"
Ferrari,296,296,https://www.carrosnaweb.com.br/catalogomodelo.asp?fabricante=Ferrari&modelo=296,catalogomodelo.asp?fabricante=Ferrari&modelo=296,296,"{'fabricante': ['Ferrari'], 'modelo': ['296']}"
Ferrari,348,348,https://www.carrosnaweb.com.br/catalogomodelo.asp?fabricante=Ferrari&modelo=348,catalogomodelo.asp?fabricante=Ferrari&modelo=348,348,"{'fabricante': ['Ferrari'], 'modelo': ['348']}"
Ferrari,360,360,https://www.carrosnaweb.com.br/catalogomodelo.asp?fabricante=Ferrari&modelo=360,catalogomodelo.asp?fabricante=Ferrari&modelo=360,360,"{'fabricante': ['Ferrari'], 'modelo': ['360']}"
Ferrari,456,456,https://www.carrosnaweb.com.br/catalogomodelo.asp?fabricante=Ferrari&modelo=456,catalogomodelo.asp?fabricante=Ferrari&modelo=456,456,"{'fabricante': ['Ferrari'], 'modelo': ['456']}"
Ferrari,458,458,https://www.carrosnaweb.com.br/catalogomodelo.asp?fabricante=Ferrari&modelo=458,catalogomodelo.asp?fabricante=Ferrari&modelo=458,458,"{'fabricante': ['Ferrari'], 'modelo': ['458']}"
Ferrari,488,488,https://www.carrosnaweb.com.br/catalogomodelo.asp?fabricante=Ferrari&modelo=488,catalogomodelo.asp?fabricante=Ferrari&modelo=488,488,"{'fabricante': ['Ferrari'], 'modelo': ['488']}"
Ferrari,512,512,https://www.carrosnaweb.com.br/catalogomodelo.asp?fabricante=Ferrari&modelo=512,catalogomodelo.asp?fabricante=Ferrari&modelo=512,512,"{'fabricante': ['Ferrari'], 'modelo': ['512']}"
Ferrari,550,550,https://www.carrosnaweb.com.br/catalogomodelo.asp?fabricante=Ferrari&modelo=550,catalogomodelo.asp?fabricante=Ferrari&modelo=550,550,"{'fabricante': ['Ferrari'], 'modelo': ['550']}"
Ferrari,575M,575M,https://www.carrosnaweb.com.br/catalogomodelo.asp?fabricante=Ferrari&modelo=575M,catalogomodelo.asp?fabricante=Ferrari&modelo=575M,575M,"{'fabricante': ['Ferrari'], 'modelo': ['575M']}"
Ferrari,599,599,https://www.carrosnaweb.com.br/catalogomodelo.asp?fabricante=Ferrari&modelo=599,catalogomodelo.asp?fabricante=Ferrari&modelo=599,599,"{'fabricante': ['Ferrari'], 'modelo': ['599']}"
Ferrari,612,612,https://www.carrosnaweb.com.br/catalogomodelo.asp?fabricante=Ferrari&modelo=612,catalogomodelo.asp?fabricante=Ferrari&modelo=612,612,"{'fabricante': ['Ferrari'], 'modelo': ['612']}"
Ferrari,812,812,https://www.carrosnaweb.com.br/catalogomodelo.asp?fabricante=Ferrari&modelo=812,catalogomodelo.asp?fabricante=Ferrari&modelo=812,812,"{'fabricante': ['Ferrari'], 'modelo': ['812']}"
Ferrari,849 Testarossa,849 Testarossa,https://www.carrosnaweb.com.br/catalogomodelo.asp?fabricante=Ferrari&modelo=849 Testarossa,catalogomodelo.asp?fabricante=Ferrari&modelo=849 Testarossa,849 Testarossa,"{'fabricante': ['Ferrari'], 'modelo': ['849 Testarossa']}"
Ferrari,Amalfi,Amalfi,https://www.carrosnaweb.com.br/catalogomodelo.asp?fabricante=Ferrari&modelo=Amalfi,catalogomodelo.asp?fabricante=Ferrari&modelo=Amalfi,Amalfi,"{'fabricante': ['Ferrari'], 'modelo': ['Amalfi']}"
Ferrari,California,California,https://www.carrosnaweb.com.br/catalogomodelo.asp?fabricante=Ferrari&modelo=California,catalogomodelo.asp?fabricante=Ferrari&modelo=California,California,"{'fabricante': ['Ferrari'], 'modelo': ['California']}"
Ferrari,Daytona SP3,Daytona SP3,https://www.carrosnaweb.com.br/catalogomodelo.asp?fabricante=Ferrari&modelo=Daytona SP3,catalogomodelo.asp?fabricante=Ferrari&modelo=Daytona SP3,Daytona SP3,"{'fabricante': ['Ferrari'], 'modelo': ['Daytona SP3']}"
Ferrari,Enzo,Enzo,https://www.carrosnaweb.com.br/catalogomodelo.asp?fabricante=Ferrari&modelo=Enzo,catalogomodelo.asp?fabricante=Ferrari&modelo=Enzo,Enzo,"{'fabricante': ['Ferrari'], 'modelo': ['Enzo']}"
Ferrari,F12,F12,https://www.carrosnaweb.com.br/catalogomodelo.asp?fabricante=Ferrari&modelo=F12,catalogomodelo.asp?fabricante=Ferrari&modelo=F12,F12,"{'fabricante': ['Ferrari'], 'modelo': ['F12']}"
Ferrari,F355,F355,https://www.carrosnaweb.com.br/catalogomodelo.asp?fabricante=Ferrari&modelo=F355,catalogomodelo.asp?fabricante=Ferrari&modelo=F355,F355,"{'fabricante': ['Ferrari'], 'modelo': ['F355']}"
Ferrari,F40,F40,https://www.carrosnaweb.com.br/catalogomodelo.asp?fabricante=Ferrari&modelo=F40,catalogomodelo.asp?fabricante=Ferrari&modelo=F40,F40,"{'fabricante': ['Ferrari'], 'modelo': ['F40']}"
Ferrari,F430,F430,https://www.carrosnaweb.com.br/catalogomodelo.asp?fabricante=Ferrari&modelo=F430,catalogomodelo.asp?fabricante=Ferrari&modelo=F430,F430,"{'fabricante': ['Ferrari'], 'modelo': ['F430']}"
Ferrari,F50,F50,https://www.carrosnaweb.com.br/catalogomodelo.asp?fabricante=Ferrari&modelo=F50,catalogomodelo.asp?fabricante=Ferrari&modelo=F50,F50,"{'fabricante': ['Ferrari'], 'modelo': ['F50']}"
Ferrari,F8,F8,https://www.carrosnaweb.com.br/catalogomodelo.asp?fabricante=Ferrari&modelo=F8,catalogomodelo.asp?fabricante=Ferrari&modelo=F8,F8,"{'fabricante': ['Ferrari'], 'modelo': ['F8']}"
Ferrari,F80,F80,https://www.carrosnaweb.com.br/catalogomodelo.asp?fabricante=Ferrari&modelo=F80,catalogomodelo.asp?fabricante=Ferrari&modelo=F80,F80,"{'fabricante': ['Ferrari'], 'modelo': ['F80']}"
Ferrari,FF,FF,https://www.carrosnaweb.com.br/catalogomodelo.asp?fabricante=Ferrari&modelo=FF,catalogomodelo.asp?fabricante=Ferrari&modelo=FF,FF,"{'fabricante': ['Ferrari'], 'modelo': ['FF']}"
Ferrari,FXX,FXX,https://www.carrosnaweb.com.br/catalogomodelo.asp?fabricante=Ferrari&modelo=FXX,catalogomodelo.asp?fabricante=Ferrari&modelo=FXX,FXX,"{'fabricante': ['Ferrari'], 'modelo': ['FXX']}"
Ferrari,GTC4Lusso,GTC4Lusso,https://www.carrosnaweb.com.br/catalogomodelo.asp?fabricante=Ferrari&modelo=GTC4Lusso,catalogomodelo.asp?fabricante=Ferrari&modelo=GTC4Lusso,GTC4Lusso,"{'fabricante': ['Ferrari'], 'modelo': ['GTC4Lusso']}"
Ferrari,LaFerrari,LaFerrari,https://www.carrosnaweb.com.br/catalogomodelo.asp?fabricante=Ferrari&modelo=LaFerrari,catalogomodelo.asp?fabricante=Ferrari&modelo=LaFerrari,LaFerrari,"{'fabricante': ['Ferrari'], 'modelo': ['LaFerrari']}"
Ferrari,Luce,Luce,https://www.carrosnaweb.com.br/catalogomodelo.asp?fabricante=Ferrari&modelo=Luce,catalogomodelo.asp?fabricante=Ferrari&modelo=Luce,Luce,"{'fabricante': ['Ferrari'], 'modelo': ['Luce']}"
Ferrari,Portofino,Portofino,https://www.carrosnaweb.com.br/catalogomodelo.asp?fabricante=Ferrari&modelo=Portofino,catalogomodelo.asp?fabricante=Ferrari&modelo=Portofino,Portofino,"{'fabricante': ['Ferrari'], 'modelo': ['Portofino']}"
Ferrari,Purosangue,Purosangue,https://www.carrosnaweb.com.br/catalogomodelo.asp?fabricante=Ferrari&modelo=Purosangue,catalogomodelo.asp?fabricante=Ferrari&modelo=Purosangue,Purosangue,"{'fabricante': ['Ferrari'], 'modelo': ['Purosangue']}"
Ferrari,Roma,Roma,https://www.carrosnaweb.com.br/catalogomodelo.asp?fabricante=Ferrari&modelo=Roma,catalogomodelo.asp?fabricante=Ferrari&modelo=Roma,Roma,"{'fabricante': ['Ferrari'], 'modelo': ['Roma']}"
Ferrari,SF90,SF90,https://www.carrosnaweb.com.br/catalogomodelo.asp?fabricante=Ferrari&modelo=SF90,catalogomodelo.asp?fabricante=Ferrari&modelo=SF90,SF90,"{'fabricante': ['Ferrari'], 'modelo': ['SF90']}"
Ferrari,Testarossa,Testarossa,https://www.carrosnaweb.com.br/catalogomodelo.asp?fabricante=Ferrari&modelo=Testarossa,catalogomodelo.asp?fabricante=Ferrari&modelo=Testarossa,Testarossa,"{'fabricante': ['Ferrari'], 'modelo': ['Testarossa']}"
Fiat,147,147,https://www.carrosnaweb.com.br/catalogomodelo.asp?fabricante=Fiat&modelo=147,catalogomodelo.asp?fabricante=Fiat&modelo=147,147,"{'fabricante': ['Fiat'], 'modelo': ['147']}"
Fiat,147 Fiorino,147 Fiorino,https://www.carrosnaweb.com.br/catalogomodelo.asp?fabricante=Fiat&modelo=147 Fiorino,catalogomodelo.asp?fabricante=Fiat&modelo=147 Fiorino,147 Fiorino,"{'fabricante': ['Fiat'], 'modelo': ['147 Fiorino']}"
Fiat,147 Pick-up,147 Pick-up,https://www.carrosnaweb.com.br/catalogomodelo.asp?fabricante=Fiat&modelo=147 Pick-up,catalogomodelo.asp?fabricante=Fiat&modelo=147 Pick-up,147 Pick-up,"{'fabricante': ['Fiat'], 'modelo': ['147 Pick-up']}"
Fiat,500,500,https://www.carrosnaweb.com.br/catalogomodelo.asp?fabricante=Fiat&modelo=500,catalogomodelo.asp?fabricante=Fiat&modelo=500,500,"{'fabricante': ['Fiat'], 'modelo': ['500']}"
Fiat,500e,500e,https://www.carrosnaweb.com.br/catalogomodelo.asp?fabricante=Fiat&modelo=500e,catalogomodelo.asp?fabricante=Fiat&modelo=500e,500e,"{'fabricante': ['Fiat'], 'modelo': ['500e']}"
Fiat,Argo,Argo,https://www.carrosnaweb.com.br/catalogomodelo.asp?fabricante=Fiat&modelo=Argo,catalogomodelo.asp?fabricante=Fiat&modelo=Argo,Argo,"{'fabricante': ['Fiat'], 'modelo': ['Argo']}"
Fiat,Brava,Brava,https://www.carrosnaweb.com.br/catalogomodelo.asp?fabricante=Fiat&modelo=Brava,catalogomodelo.asp?fabricante=Fiat&modelo=Brava,Brava,"{'fabricante': ['Fiat'], 'modelo': ['Brava']}"
Fiat,Bravo,Bravo,https://www.carrosnaweb.com.br/catalogomodelo.asp?fabricante=Fiat&modelo=Bravo,catalogomodelo.asp?fabricante=Fiat&modelo=Bravo,Bravo,"{'fabricante': ['Fiat'], 'modelo': ['Bravo']}"
Fiat,Coupe,Coupe,https://www.carrosnaweb.com.br/catalogomodelo.asp?fabricante=Fiat&modelo=Coupe,catalogomodelo.asp?fabricante=Fiat&modelo=Coupe,Coupe,"{'fabricante': ['Fiat'], 'modelo': ['Coupe']}"
Fiat,Cronos,Cronos,https://www.carrosnaweb.com.br/catalogomodelo.asp?fabricante=Fiat&modelo=Cronos,catalogomodelo.asp?fabricante=Fiat&modelo=Cronos,Cronos,"{'fabricante': ['Fiat'], 'modelo': ['Cronos']}"
Fiat,Dardo,Dardo,https://www.carrosnaweb.com.br/catalogomodelo.asp?fabricante=Fiat&modelo=Dardo,catalogomodelo.asp?fabricante=Fiat&modelo=Dardo,Dardo,"{'fabricante': ['Fiat'], 'modelo': ['Dardo']}"
Fiat,Doblo,Doblo,https://www.carrosnaweb.com.br/catalogomodelo.asp?fabricante=Fiat&modelo=Doblo,catalogomodelo.asp?fabricante=Fiat&modelo=Doblo,Doblo,"{'fabricante': ['Fiat'], 'modelo': ['Doblo']}"
Fiat,Ducato,Ducato,https://www.carrosnaweb.com.br/catalogomodelo.asp?fabricante=Fiat&modelo=Ducato,catalogomodelo.asp?fabricante=Fiat&modelo=Ducato,Ducato,"{'fabricante': ['Fiat'], 'modelo': ['Ducato']}"
Fiat,Duna,Duna,https://www.carrosnaweb.com.br/catalogomodelo.asp?fabricante=Fiat&modelo=Duna,catalogomodelo.asp?fabricante=Fiat&modelo=Duna,Duna,"{'fabricante': ['Fiat'], 'modelo': ['Duna']}"
Fiat,Elba,Elba,https://www.carrosnaweb.com.br/catalogomodelo.asp?fabricante=Fiat&modelo=Elba,catalogomodelo.asp?fabricante=Fiat&modelo=Elba,Elba,"{'fabricante': ['Fiat'], 'modelo': ['Elba']}"
Fiat,Fastback,Fastback,https://www.carrosnaweb.com.br/catalogomodelo.asp?fabricante=Fiat&modelo=Fastback,catalogomodelo.asp?fabricante=Fiat&modelo=Fastback,Fastback,"{'fabricante': ['Fiat'], 'modelo': ['Fastback']}"
Fiat,Fiorino,Fiorino,https://www.carrosnaweb.com.br/catalogomodelo.asp?fabricante=Fiat&modelo=Fiorino,catalogomodelo.asp?fabricante=Fiat&modelo=Fiorino,Fiorino,"{'fabricante': ['Fiat'], 'modelo': ['Fiorino']}"
Fiat,Fiorino Pick-up,Fiorino Pick-up,https://www.carrosnaweb.com.br/catalogomodelo.asp?fabricante=Fiat&modelo=Fiorino Pick-up,catalogomodelo.asp?fabricante=Fiat&modelo=Fiorino Pick-up,Fiorino Pick-up,"{'fabricante': ['Fiat'], 'modelo': ['Fiorino Pick-up']}"
Fiat,Freemont,Freemont,https://www.carrosnaweb.com.br/catalogomodelo.asp?fabricante=Fiat&modelo=Freemont,catalogomodelo.asp?fabricante=Fiat&modelo=Freemont,Freemont,"{'fabricante': ['Fiat'], 'modelo': ['Freemont']}"
Fiat,Grande Panda,Grande Panda,https://www.carrosnaweb.com.br/catalogomodelo.asp?fabricante=Fiat&modelo=Grande Panda,catalogomodelo.asp?fabricante=Fiat&modelo=Grande Panda,Grande Panda,"{'fabricante': ['Fiat'], 'modelo': ['Grande Panda']}"
Fiat,Idea,Idea,https://www.carrosnaweb.com.br/catalogomodelo.asp?fabricante=Fiat&modelo=Idea,catalogomodelo.asp?fabricante=Fiat&modelo=Idea,Idea,"{'fabricante': ['Fiat'], 'modelo': ['Idea']}"
Fiat,Linea,Linea,https://www.carrosnaweb.com.br/catalogomodelo.asp?fabricante=Fiat&modelo=Linea,catalogomodelo.asp?fabricante=Fiat&modelo=Linea,Linea,"{'fabricante': ['Fiat'], 'modelo': ['Linea']}"
Fiat,Marea,Marea,https://www.carrosnaweb.com.br/catalogomodelo.asp?fabricante=Fiat&modelo=Marea,catalogomodelo.asp?fabricante=Fiat&modelo=Marea,Marea,"{'fabricante': ['Fiat'], 'modelo': ['Marea']}"
Fiat,Marea Weekend,Marea Weekend,https://www.carrosnaweb.com.br/catalogomodelo.asp?fabricante=Fiat&modelo=Marea Weekend,catalogomodelo.asp?fabricante=Fiat&modelo=Marea Weekend,Marea Weekend,"{'fabricante': ['Fiat'], 'modelo': ['Marea Weekend']}"
Fiat,Mobi,Mobi,https://www.carrosnaweb.com.br/catalogomodelo.asp?fabricante=Fiat&modelo=Mobi,catalogomodelo.asp?fabricante=Fiat&modelo=Mobi,Mobi,"{'fabricante': ['Fiat'], 'modelo': ['Mobi']}"
Fiat,Oggi,Oggi,https://www.carrosnaweb.com.br/catalogomodelo.asp?fabricante=Fiat&modelo=Oggi,catalogomodelo.asp?fabricante=Fiat&modelo=Oggi,Oggi,"{'fabricante': ['Fiat'], 'modelo': ['Oggi']}"
Fiat,Palio,Palio,https://www.carrosnaweb.com.br/catalogomodelo.asp?fabricante=Fiat&modelo=Palio,catalogomodelo.asp?fabricante=Fiat&modelo=Palio,Palio,"{'fabricante': ['Fiat'], 'modelo': ['Palio']}"
Fiat,Palio Weekend,Palio Weekend,https://www.carrosnaweb.com.br/catalogomodelo.asp?fabricante=Fiat&modelo=Palio Weekend,catalogomodelo.asp?fabricante=Fiat&modelo=Palio Weekend,Palio Weekend,"{'fabricante': ['Fiat'], 'modelo': ['Palio Weekend']}"
Fiat,Panorama,Panorama,https://www.carrosnaweb.com.br/catalogomodelo.asp?fabricante=Fiat&modelo=Panorama,catalogomodelo.asp?fabricante=Fiat&modelo=Panorama,Panorama,"{'fabricante': ['Fiat'], 'modelo': ['Panorama']}"
Fiat,Premio,Premio,https://www.carrosnaweb.com.br/catalogomodelo.asp?fabricante=Fiat&modelo=Premio,catalogomodelo.asp?fabricante=Fiat&modelo=Premio,Premio,"{'fabricante': ['Fiat'], 'modelo': ['Premio']}"
Fiat,Pulse,Pulse,https://www.carrosnaweb.com.br/catalogomodelo.asp?fabricante=Fiat&modelo=Pulse,catalogomodelo.asp?fabricante=Fiat&modelo=Pulse,Pulse,"{'fabricante': ['Fiat'], 'modelo': ['Pulse']}"
Fiat,Punto,Punto,https://www.carrosnaweb.com.br/catalogomodelo.asp?fabricante=Fiat&modelo=Punto,catalogomodelo.asp?fabricante=Fiat&modelo=Punto,Punto,"{'fabricante': ['Fiat'], 'modelo': ['Punto']}"
Fiat,Scudo,Scudo,https://www.carrosnaweb.com.br/catalogomodelo.asp?fabricante=Fiat&modelo=Scudo,catalogomodelo.asp?fabricante=Fiat&modelo=Scudo,Scudo,"{'fabricante': ['Fiat'], 'modelo': ['Scudo']}"
Fiat,Siena,Siena,https://www.carrosnaweb.com.br/catalogomodelo.asp?fabricante=Fiat&modelo=Siena,catalogomodelo.asp?fabricante=Fiat&modelo=Siena,Siena,"{'fabricante': ['Fiat'], 'modelo': ['Siena']}"
Fiat,Stilo,Stilo,https://www.carrosnaweb.com.br/catalogomodelo.asp?fabricante=Fiat&modelo=Stilo,catalogomodelo.asp?fabricante=Fiat&modelo=Stilo,Stilo,"{'fabricante': ['Fiat'], 'modelo': ['Stilo']}"
Fiat,Strada,Strada,https://www.carrosnaweb.com.br/catalogomodelo.asp?fabricante=Fiat&modelo=Strada,catalogomodelo.asp?fabricante=Fiat&modelo=Strada,Strada,"{'fabricante': ['Fiat'], 'modelo': ['Strada']}"
Fiat,Tempra,Tempra,https://www.carrosnaweb.com.br/catalogomodelo.asp?fabricante=Fiat&modelo=Tempra,catalogomodelo.asp?fabricante=Fiat&modelo=Tempra,Tempra,"{'fabricante': ['Fiat'], 'modelo': ['Tempra']}"
Fiat,Tempra SW,Tempra SW,https://www.carrosnaweb.com.br/catalogomodelo.asp?fabricante=Fiat&modelo=Tempra SW,catalogomodelo.asp?fabricante=Fiat&modelo=Tempra SW,Tempra SW,"{'fabricante': ['Fiat'], 'modelo': ['Tempra SW']}"
Fiat,Tipo,Tipo,https://www.carrosnaweb.com.br/catalogomodelo.asp?fabricante=Fiat&modelo=Tipo,catalogomodelo.asp?fabricante=Fiat&modelo=Tipo,Tipo,"{'fabricante': ['Fiat'], 'modelo': ['Tipo']}"
Fiat,Titano,Titano,https://www.carrosnaweb.com.br/catalogomodelo.asp?fabricante=Fiat&modelo=Titano,catalogomodelo.asp?fabricante=Fiat&modelo=Titano,Titano,"{'fabricante': ['Fiat'], 'modelo': ['Titano']}"
Fiat,Toro,Toro,https://www.carrosnaweb.com.br/catalogomodelo.asp?fabricante=Fiat&modelo=Toro,catalogomodelo.asp?fabricante=Fiat&modelo=Toro,Toro,"{'fabricante': ['Fiat'], 'modelo': ['Toro']}"
Fiat,Uno,Uno,https://www.carrosnaweb.com.br/catalogomodelo.asp?fabricante=Fiat&modelo=Uno,catalogomodelo.asp?fabricante=Fiat&modelo=Uno,Uno,"{'fabricante': ['Fiat'], 'modelo': ['Uno']}"
Fiat,e-Scudo,e-Scudo,https://www.carrosnaweb.com.br/catalogomodelo.asp?fabricante=Fiat&modelo=e-Scudo,catalogomodelo.asp?fabricante=Fiat&modelo=e-Scudo,e-Scudo,"{'fabricante': ['Fiat'], 'modelo': ['e-Scudo']}"
Ford,Aerostar,Aerostar,https://www.carrosnaweb.com.br/catalogomodelo.asp?fabricante=Ford&modelo=Aerostar,catalogomodelo.asp?fabricante=Ford&modelo=Aerostar,Aerostar,"{'fabricante': ['Ford'], 'modelo': ['Aerostar']}"
Ford,Belina,Belina,https://www.carrosnaweb.com.br/catalogomodelo.asp?fabricante=Ford&modelo=Belina,catalogomodelo.asp?fabricante=Ford&modelo=Belina,Belina,"{'fabricante': ['Ford'], 'modelo': ['Belina']}"
Ford,Bronco Sport,Bronco Sport,https://www.carrosnaweb.com.br/catalogomodelo.asp?fabricante=Ford&modelo=Bronco Sport,catalogomodelo.asp?fabricante=Ford&modelo=Bronco Sport,Bronco Sport,"{'fabricante': ['Ford'], 'modelo': ['Bronco Sport']}"
Ford,Corcel,Corcel,https://www.carrosnaweb.com.br/catalogomodelo.asp?fabricante=Ford&modelo=Corcel,catalogomodelo.asp?fabricante=Ford&modelo=Corcel,Corcel,"{'fabricante': ['Ford'], 'modelo': ['Corcel']}"
Ford,Corcel Sedan,Corcel Sedan,https://www.carrosnaweb.com.br/catalogomodelo.asp?fabricante=Ford&modelo=Corcel Sedan,catalogomodelo.asp?fabricante=Ford&modelo=Corcel Sedan,Corcel Sedan,"{'fabricante': ['Ford'], 'modelo': ['Corcel Sedan']}"
Ford,Courier,Courier,https://www.carrosnaweb.com.br/catalogomodelo.asp?fabricante=Ford&modelo=Courier,catalogomodelo.asp?fabricante=Ford&modelo=Courier,Courier,"{'fabricante': ['Ford'], 'modelo': ['Courier']}"
Ford,Crown Victoria,Crown Victoria,https://www.carrosnaweb.com.br/catalogomodelo.asp?fabricante=Ford&modelo=Crown Victoria,catalogomodelo.asp?fabricante=Ford&modelo=Crown Victoria,Crown Victoria,"{'fabricante': ['Ford'], 'modelo': ['Crown Victoria']}"
Ford,Del Rey,Del Rey,https://www.carrosnaweb.com.br/catalogomodelo.asp?fabricante=Ford&modelo=Del Rey,catalogomodelo.asp?fabricante=Ford&modelo=Del Rey,Del Rey,"{'fabricante': ['Ford'], 'modelo': ['Del Rey']}"
Ford,E-Transit,E-Transit,https://www.carrosnaweb.com.br/catalogomodelo.asp?fabricante=Ford&modelo=E-Transit,catalogomodelo.asp?fabricante=Ford&modelo=E-Transit,E-Transit,"{'fabricante': ['Ford'], 'modelo': ['E-Transit']}"
Ford,Ecosport,Ecosport,https://www.carrosnaweb.com.br/catalogomodelo.asp?fabricante=Ford&modelo=Ecosport,catalogomodelo.asp?fabricante=Ford&modelo=Ecosport,Ecosport,"{'fabricante': ['Ford'], 'modelo': ['Ecosport']}"
Ford,Edge,Edge,https://www.carrosnaweb.com.br/catalogomodelo.asp?fabricante=Ford&modelo=Edge,catalogomodelo.asp?fabricante=Ford&modelo=Edge,Edge,"{'fabricante': ['Ford'], 'modelo': ['Edge']}"
Ford,Escort,Escort,https://www.carrosnaweb.com.br/catalogomodelo.asp?fabricante=Ford&modelo=Escort,catalogomodelo.asp?fabricante=Ford&modelo=Escort,Escort,"{'fabricante': ['Ford'], 'modelo': ['Escort']}"
Ford,Escort Conversível,Escort Conversível,https://www.carrosnaweb.com.br/catalogomodelo.asp?fabricante=Ford&modelo=Escort Conversível,catalogomodelo.asp?fabricante=Ford&modelo=Escort Conversível,Escort Conversível,"{'fabricante': ['Ford'], 'modelo': ['Escort Conversível']}"
Ford,Escort SW,Escort SW,https://www.carrosnaweb.com.br/catalogomodelo.asp?fabricante=Ford&modelo=Escort SW,catalogomodelo.asp?fabricante=Ford&modelo=Escort SW,Escort SW,"{'fabricante': ['Ford'], 'modelo': ['Escort SW']}"
Ford,Escort Sedan,Escort Sedan,https://www.carrosnaweb.com.br/catalogomodelo.asp?fabricante=Ford&modelo=Escort Sedan,catalogomodelo.asp?fabricante=Ford&modelo=Escort Sedan,Escort Sedan,"{'fabricante': ['Ford'], 'modelo': ['Escort Sedan']}"
Ford,Everest,Everest,https://www.carrosnaweb.com.br/catalogomodelo.asp?fabricante=Ford&modelo=Everest,catalogomodelo.asp?fabricante=Ford&modelo=Everest,Everest,"{'fabricante': ['Ford'], 'modelo': ['Everest']}"
Ford,Excursion,Excursion,https://www.carrosnaweb.com.br/catalogomodelo.asp?fabricante=Ford&modelo=Excursion,catalogomodelo.asp?fabricante=Ford&modelo=Excursion,Excursion,"{'fabricante': ['Ford'], 'modelo': ['Excursion']}"
Ford,Expedition,Expedition,https://www.carrosnaweb.com.br/catalogomodelo.asp?fabricante=Ford&modelo=Expedition,catalogomodelo.asp?fabricante=Ford&modelo=Expedition,Expedition,"{'fabricante': ['Ford'], 'modelo': ['Expedition']}"
Ford,Explorer,Explorer,https://www.carrosnaweb.com.br/catalogomodelo.asp?fabricante=Ford&modelo=Explorer,catalogomodelo.asp?fabricante=Ford&modelo=Explorer,Explorer,"{'fabricante': ['Ford'], 'modelo': ['Explorer']}"
Ford,F-100,F-100,https://www.carrosnaweb.com.br/catalogomodelo.asp?fabricante=Ford&modelo=F-100,catalogomodelo.asp?fabricante=Ford&modelo=F-100,F-100,"{'fabricante': ['Ford'], 'modelo': ['F-100']}"
Ford,F-1000,F-1000,https://www.carrosnaweb.com.br/catalogomodelo.asp?fabricante=Ford&modelo=F-1000,catalogomodelo.asp?fabricante=Ford&modelo=F-1000,F-1000,"{'fabricante': ['Ford'], 'modelo': ['F-1000']}"
Ford,F-150,F-150,https://www.carrosnaweb.com.br/catalogomodelo.asp?fabricante=Ford&modelo=F-150,catalogomodelo.asp?fabricante=Ford&modelo=F-150,F-150,"{'fabricante': ['Ford'], 'modelo': ['F-150']}"
Ford,F-250,F-250,https://www.carrosnaweb.com.br/catalogomodelo.asp?fabricante=Ford&modelo=F-250,catalogomodelo.asp?fabricante=Ford&modelo=F-250,F-250,"{'fabricante': ['Ford'], 'modelo': ['F-250']}"
Ford,F-75,F-75,https://www.carrosnaweb.com.br/catalogomodelo.asp?fabricante=Ford&modelo=F-75,catalogomodelo.asp?fabricante=Ford&modelo=F-75,F-75,"{'fabricante': ['Ford'], 'modelo': ['F-75']}"
Ford,Fiesta,Fiesta,https://www.carrosnaweb.com.br/catalogomodelo.asp?fabricante=Ford&modelo=Fiesta,catalogomodelo.asp?fabricante=Ford&modelo=Fiesta,Fiesta,"{'fabricante': ['Ford'], 'modelo': ['Fiesta']}"
Ford,Fiesta Sedan,Fiesta Sedan,https://www.carrosnaweb.com.br/catalogomodelo.asp?fabricante=Ford&modelo=Fiesta Sedan,catalogomodelo.asp?fabricante=Ford&modelo=Fiesta Sedan,Fiesta Sedan,"{'fabricante': ['Ford'], 'modelo': ['Fiesta Sedan']}"
Ford,Focus,Focus,https://www.carrosnaweb.com.br/catalogomodelo.asp?fabricante=Ford&modelo=Focus,catalogomodelo.asp?fabricante=Ford&modelo=Focus,Focus,"{'fabricante': ['Ford'], 'modelo': ['Focus']}"
Ford,Focus Sedan,Focus Sedan,https://www.carrosnaweb.com.br/catalogomodelo.asp?fabricante=Ford&modelo=Focus Sedan,catalogomodelo.asp?fabricante=Ford&modelo=Focus Sedan,Focus Sedan,"{'fabricante': ['Ford'], 'modelo': ['Focus Sedan']}"
Ford,Fusion,Fusion,https://www.carrosnaweb.com.br/catalogomodelo.asp?fabricante=Ford&modelo=Fusion,catalogomodelo.asp?fabricante=Ford&modelo=Fusion,Fusion,"{'fabricante': ['Ford'], 'modelo': ['Fusion']}"
Ford,GT,GT,https://www.carrosnaweb.com.br/catalogomodelo.asp?fabricante=Ford&modelo=GT,catalogomodelo.asp?fabricante=Ford&modelo=GT,GT,"{'fabricante': ['Ford'], 'modelo': ['GT']}"
Ford,Galaxie,Galaxie,https://www.carrosnaweb.com.br/catalogomodelo.asp?fabricante=Ford&modelo=Galaxie,catalogomodelo.asp?fabricante=Ford&modelo=Galaxie,Galaxie,"{'fabricante': ['Ford'], 'modelo': ['Galaxie']}"
Ford,Jeep,Jeep,https://www.carrosnaweb.com.br/catalogomodelo.asp?fabricante=Ford&modelo=Jeep,catalogomodelo.asp?fabricante=Ford&modelo=Jeep,Jeep,"{'fabricante': ['Ford'], 'modelo': ['Jeep']}"
Ford,Ka,Ka,https://www.carrosnaweb.com.br/catalogomodelo.asp?fabricante=Ford&modelo=Ka,catalogomodelo.asp?fabricante=Ford&modelo=Ka,Ka,"{'fabricante': ['Ford'], 'modelo': ['Ka']}"
Ford,Ka Sedan,Ka Sedan,https://www.carrosnaweb.com.br/catalogomodelo.asp?fabricante=Ford&modelo=Ka Sedan,catalogomodelo.asp?fabricante=Ford&modelo=Ka Sedan,Ka Sedan,"{'fabricante': ['Ford'], 'modelo': ['Ka Sedan']}"
Ford,Maverick,Maverick,https://www.carrosnaweb.com.br/catalogomodelo.asp?fabricante=Ford&modelo=Maverick,catalogomodelo.asp?fabricante=Ford&modelo=Maverick,Maverick,"{'fabricante': ['Ford'], 'modelo': ['Maverick']}"
Ford,Maverick Cupê,Maverick Cupê,https://www.carrosnaweb.com.br/catalogomodelo.asp?fabricante=Ford&modelo=Maverick Cupê,catalogomodelo.asp?fabricante=Ford&modelo=Maverick Cupê,Maverick Cupê,"{'fabricante': ['Ford'], 'modelo': ['Maverick Cupê']}"
Ford,Maverick Sedan,Maverick Sedan,https://www.carrosnaweb.com.br/catalogomodelo.asp?fabricante=Ford&modelo=Maverick Sedan,catalogomodelo.asp?fabricante=Ford&modelo=Maverick Sedan,Maverick Sedan,"{'fabricante': ['Ford'], 'modelo': ['Maverick Sedan']}"
Ford,Mondeo,Mondeo,https://www.carrosnaweb.com.br/catalogomodelo.asp?fabricante=Ford&modelo=Mondeo,catalogomodelo.asp?fabricante=Ford&modelo=Mondeo,Mondeo,"{'fabricante': ['Ford'], 'modelo': ['Mondeo']}"
Ford,Mondeo SW,Mondeo SW,https://www.carrosnaweb.com.br/catalogomodelo.asp?fabricante=Ford&modelo=Mondeo SW,catalogomodelo.asp?fabricante=Ford&modelo=Mondeo SW,Mondeo SW,"{'fabricante': ['Ford'], 'modelo': ['Mondeo SW']}"
Ford,Mustang,Mustang,https://www.carrosnaweb.com.br/catalogomodelo.asp?fabricante=Ford&modelo=Mustang,catalogomodelo.asp?fabricante=Ford&modelo=Mustang,Mustang,"{'fabricante': ['Ford'], 'modelo': ['Mustang']}"
Ford,Mustang Conversível,Mustang Conversível,https://www.carrosnaweb.com.br/catalogomodelo.asp?fabricante=Ford&modelo=Mustang Conversível,catalogomodelo.asp?fabricante=Ford&modelo=Mustang Conversível,Mustang Conversível,"{'fabricante': ['Ford'], 'modelo': ['Mustang Conversível']}"
Ford,Mustang Mach-E,Mustang Mach-E,https://www.carrosnaweb.com.br/catalogomodelo.asp?fabricante=Ford&modelo=Mustang Mach-E,catalogomodelo.asp?fabricante=Ford&modelo=Mustang Mach-E,Mustang Mach-E,"{'fabricante': ['Ford'], 'modelo': ['Mustang Mach-E']}"
Ford,Pampa,Pampa,https://www.carrosnaweb.com.br/catalogomodelo.asp?fabricante=Ford&modelo=Pampa,catalogomodelo.asp?fabricante=Ford&modelo=Pampa,Pampa,"{'fabricante': ['Ford'], 'modelo': ['Pampa']}"
Ford,Probe,Probe,https://www.carrosnaweb.com.br/catalogomodelo.asp?fabricante=Ford&modelo=Probe,catalogomodelo.asp?fabricante=Ford&modelo=Probe,Probe,"{'fabricante': ['Ford'], 'modelo': ['Probe']}"
Ford,Ranger,Ranger,https://www.carrosnaweb.com.br/catalogomodelo.asp?fabricante=Ford&modelo=Ranger,catalogomodelo.asp?fabricante=Ford&modelo=Ranger,Ranger,"{'fabricante': ['Ford'], 'modelo': ['Ranger']}"
Ford,Royale,Royale,https://www.carrosnaweb.com.br/catalogomodelo.asp?fabricante=Ford&modelo=Royale,catalogomodelo.asp?fabricante=Ford&modelo=Royale,Royale,"{'fabricante': ['Ford'], 'modelo': ['Royale']}"
Ford,Rural,Rural,https://www.carrosnaweb.com.br/catalogomodelo.asp?fabricante=Ford&modelo=Rural,catalogomodelo.asp?fabricante=Ford&modelo=Rural,Rural,"{'fabricante': ['Ford'], 'modelo': ['Rural']}"
Ford,Taurus,Taurus,https://www.carrosnaweb.com.br/catalogomodelo.asp?fabricante=Ford&modelo=Taurus,catalogomodelo.asp?fabricante=Ford&modelo=Taurus,Taurus,"{'fabricante': ['Ford'], 'modelo': ['Taurus']}"
Ford,Territory,Territory,https://www.carrosnaweb.com.br/catalogomodelo.asp?fabricante=Ford&modelo=Territory,catalogomodelo.asp?fabricante=Ford&modelo=Territory,Territory,"{'fabricante': ['Ford'], 'modelo': ['Territory']}"
Ford,Thunderbird,Thunderbird,https://www.carrosnaweb.com.br/catalogomodelo.asp?fabricante=Ford&modelo=Thunderbird,catalogomodelo.asp?fabricante=Ford&modelo=Thunderbird,Thunderbird,"{'fabricante': ['Ford'], 'modelo': ['Thunderbird']}"
Ford,Transit,Transit,https://www.carrosnaweb.com.br/catalogomodelo.asp?fabricante=Ford&modelo=Transit,catalogomodelo.asp?fabricante=Ford&modelo=Transit,Transit,"{'fabricante': ['Ford'], 'modelo': ['Transit']}"
Ford,Verona,Verona,https://www.carrosnaweb.com.br/catalogomodelo.asp?fabricante=Ford&modelo=Verona,catalogomodelo.asp?fabricante=Ford&modelo=Verona,Verona,"{'fabricante': ['Ford'], 'modelo': ['Verona']}"
Ford,Versailles,Versailles,https://www.carrosnaweb.com.br/catalogomodelo.asp?fabricante=Ford&modelo=Versailles,catalogomodelo.asp?fabricante=Ford&modelo=Versailles,Versailles,"{'fabricante': ['Ford'], 'modelo': ['Versailles']}"
Ford,Windstar,Windstar,https://www.carrosnaweb.com.br/catalogomodelo.asp?fabricante=Ford&modelo=Windstar,catalogomodelo.asp?fabricante=Ford&modelo=Windstar,Windstar,"{'fabricante': ['Ford'], 'modelo': ['Windstar']}"
Foton,Tunland,Tunland,https://www.carrosnaweb.com.br/catalogomodelo.asp?fabricante=Foton&modelo=Tunland,catalogomodelo.asp?fabricante=Foton&modelo=Tunland,Tunland,"{'fabricante': ['Foton'], 'modelo': ['Tunland']}"
GAC,Aion ES,Aion ES,https://www.carrosnaweb.com.br/catalogomodelo.asp?fabricante=GAC&modelo=Aion ES,catalogomodelo.asp?fabricante=GAC&modelo=Aion ES,Aion ES,"{'fabricante': ['GAC'], 'modelo': ['Aion ES']}"
GAC,Aion UT,Aion UT,https://www.carrosnaweb.com.br/catalogomodelo.asp?fabricante=GAC&modelo=Aion UT,catalogomodelo.asp?fabricante=GAC&modelo=Aion UT,Aion UT,"{'fabricante': ['GAC'], 'modelo': ['Aion UT']}"
GAC,Aion V,Aion V,https://www.carrosnaweb.com.br/catalogomodelo.asp?fabricante=GAC&modelo=Aion V,catalogomodelo.asp?fabricante=GAC&modelo=Aion V,Aion V,"{'fabricante': ['GAC'], 'modelo': ['Aion V']}"
GAC,Aion Y,Aion Y,https://www.carrosnaweb.com.br/catalogomodelo.asp?fabricante=GAC&modelo=Aion Y,catalogomodelo.asp?fabricante=GAC&modelo=Aion Y,Aion Y,"{'fabricante': ['GAC'], 'modelo': ['Aion Y']}"
GAC,Aion i60,Aion i60,https://www.carrosnaweb.com.br/catalogomodelo.asp?fabricante=GAC&modelo=Aion i60,catalogomodelo.asp?fabricante=GAC&modelo=Aion i60,Aion i60,"{'fabricante': ['GAC'], 'modelo': ['Aion i60']}"
GAC,GS3,GS3,https://www.carrosnaweb.com.br/catalogomodelo.asp?fabricante=GAC&modelo=GS3,catalogomodelo.asp?fabricante=GAC&modelo=GS3,GS3,"{'fabricante': ['GAC'], 'modelo': ['GS3']}"
GAC,GS4,GS4,https://www.carrosnaweb.com.br/catalogomodelo.asp?fabricante=GAC&modelo=GS4,catalogomodelo.asp?fabricante=GAC&modelo=GS4,GS4,"{'fabricante': ['GAC'], 'modelo': ['GS4']}"
GAC,Hyptec HT,Hyptec HT,https://www.carrosnaweb.com.br/catalogomodelo.asp?fabricante=GAC&modelo=Hyptec HT,catalogomodelo.asp?fabricante=GAC&modelo=Hyptec HT,Hyptec HT,"{'fabricante': ['GAC'], 'modelo': ['Hyptec HT']}"
GAC,Hyptec SSR,Hyptec SSR,https://www.carrosnaweb.com.br/catalogomodelo.asp?fabricante=GAC&modelo=Hyptec SSR,catalogomodelo.asp?fabricante=GAC&modelo=Hyptec SSR,Hyptec SSR,"{'fabricante': ['GAC'], 'modelo': ['Hyptec SSR']}"
GMC,3500 HD,3500 HD,https://www.carrosnaweb.com.br/catalogomodelo.asp?fabricante=GMC&modelo=3500 HD,catalogomodelo.asp?fabricante=GMC&modelo=3500 HD,3500 HD,"{'fabricante': ['GMC'], 'modelo': ['3500 HD']}"
GMC,Hummer EV,Hummer EV,https://www.carrosnaweb.com.br/catalogomodelo.asp?fabricante=GMC&modelo=Hummer EV,catalogomodelo.asp?fabricante=GMC&modelo=Hummer EV,Hummer EV,"{'fabricante': ['GMC'], 'modelo': ['Hummer EV']}"
GMC,Sierra,Sierra,https://www.carrosnaweb.com.br/catalogomodelo.asp?fabricante=GMC&modelo=Sierra,catalogomodelo.asp?fabricante=GMC&modelo=Sierra,Sierra,"{'fabricante': ['GMC'], 'modelo': ['Sierra']}"
GMC,Syclone,Syclone,https://www.carrosnaweb.com.br/catalogomodelo.asp?fabricante=GMC&modelo=Syclone,catalogomodelo.asp?fabricante=GMC&modelo=Syclone,Syclone,"{'fabricante': ['GMC'], 'modelo': ['Syclone']}"
GMC,Typhoon,Typhoon,https://www.carrosnaweb.com.br/catalogomodelo.asp?fabricante=GMC&modelo=Typhoon,catalogomodelo.asp?fabricante=GMC&modelo=Typhoon,Typhoon,"{'fabricante': ['GMC'], 'modelo': ['Typhoon']}"
GWM,Haval H6,Haval H6,https://www.carrosnaweb.com.br/catalogomodelo.asp?fabricante=GWM&modelo=Haval H6,catalogomodelo.asp?fabricante=GWM&modelo=Haval H6,Haval H6,"{'fabricante': ['GWM'], 'modelo': ['Haval H6']}"
GWM,Haval H6 GT,Haval H6 GT,https://www.carrosnaweb.com.br/catalogomodelo.asp?fabricante=GWM&modelo=Haval H6 GT,catalogomodelo.asp?fabricante=GWM&modelo=Haval H6 GT,Haval H6 GT,"{'fabricante': ['GWM'], 'modelo': ['Haval H6 GT']}"
GWM,Haval H7,Haval H7,https://www.carrosnaweb.com.br/catalogomodelo.asp?fabricante=GWM&modelo=Haval H7,catalogomodelo.asp?fabricante=GWM&modelo=Haval H7,Haval H7,"{'fabricante': ['GWM'], 'modelo': ['Haval H7']}"
GWM,Haval H9,Haval H9,https://www.carrosnaweb.com.br/catalogomodelo.asp?fabricante=GWM&modelo=Haval H9,catalogomodelo.asp?fabricante=GWM&modelo=Haval H9,Haval H9,"{'fabricante': ['GWM'], 'modelo': ['Haval H9']}"
GWM,Ora 03,Ora 03,https://www.carrosnaweb.com.br/catalogomodelo.asp?fabricante=GWM&modelo=Ora 03,catalogomodelo.asp?fabricante=GWM&modelo=Ora 03,Ora 03,"{'fabricante': ['GWM'], 'modelo': ['Ora 03']}"
GWM,Ora 5,Ora 5,https://www.carrosnaweb.com.br/catalogomodelo.asp?fabricante=GWM&modelo=Ora 5,catalogomodelo.asp?fabricante=GWM&modelo=Ora 5,Ora 5,"{'fabricante': ['GWM'], 'modelo': ['Ora 5']}"
GWM,Poer P30,Poer P30,https://www.carrosnaweb.com.br/catalogomodelo.asp?fabricante=GWM&modelo=Poer P30,catalogomodelo.asp?fabricante=GWM&modelo=Poer P30,Poer P30,"{'fabricante': ['GWM'], 'modelo': ['Poer P30']}"
GWM,Tank 300,Tank 300,https://www.carrosnaweb.com.br/catalogomodelo.asp?fabricante=GWM&modelo=Tank 300,catalogomodelo.asp?fabricante=GWM&modelo=Tank 300,Tank 300,"{'fabricante': ['GWM'], 'modelo': ['Tank 300']}"
GWM,Tank 400,Tank 400,https://www.carrosnaweb.com.br/catalogomodelo.asp?fabricante=GWM&modelo=Tank 400,catalogomodelo.asp?fabricante=GWM&modelo=Tank 400,Tank 400,"{'fabricante': ['GWM'], 'modelo': ['Tank 400']}"
GWM,Tank 700,Tank 700,https://www.carrosnaweb.com.br/catalogomodelo.asp?fabricante=GWM&modelo=Tank 700,catalogomodelo.asp?fabricante=GWM&modelo=Tank 700,Tank 700,"{'fabricante': ['GWM'], 'modelo': ['Tank 700']}"
GWM,Wey 07,Wey 07,https://www.carrosnaweb.com.br/catalogomodelo.asp?fabricante=GWM&modelo=Wey 07,catalogomodelo.asp?fabricante=GWM&modelo=Wey 07,Wey 07,"{'fabricante': ['GWM'], 'modelo': ['Wey 07']}"
Geely,EC7,EC7,https://www.carrosnaweb.com.br/catalogomodelo.asp?fabricante=Geely&modelo=EC7,catalogomodelo.asp?fabricante=Geely&modelo=EC7,EC7,"{'fabricante': ['Geely'], 'modelo': ['EC7']}"
Geely,EX2,EX2,https://www.carrosnaweb.com.br/catalogomodelo.asp?fabricante=Geely&modelo=EX2,catalogomodelo.asp?fabricante=Geely&modelo=EX2,EX2,"{'fabricante': ['Geely'], 'modelo': ['EX2']}"
Geely,EX5,EX5,https://www.carrosnaweb.com.br/catalogomodelo.asp?fabricante=Geely&modelo=EX5,catalogomodelo.asp?fabricante=Geely&modelo=EX5,EX5,"{'fabricante': ['Geely'], 'modelo': ['EX5']}"
Geely,EX5 EM-i,EX5 EM-i,https://www.carrosnaweb.com.br/catalogomodelo.asp?fabricante=Geely&modelo=EX5 EM-i,catalogomodelo.asp?fabricante=Geely&modelo=EX5 EM-i,EX5 EM-i,"{'fabricante': ['Geely'], 'modelo': ['EX5 EM-i']}"
Geely,GC2,GC2,https://www.carrosnaweb.com.br/catalogomodelo.asp?fabricante=Geely&modelo=GC2,catalogomodelo.asp?fabricante=Geely&modelo=GC2,GC2,"{'fabricante': ['Geely'], 'modelo': ['GC2']}"
Gurgel,BR-800,BR-800,https://www.carrosnaweb.com.br/catalogomodelo.asp?fabricante=Gurgel&modelo=BR-800,catalogomodelo.asp?fabricante=Gurgel&modelo=BR-800,BR-800,"{'fabricante': ['Gurgel'], 'modelo': ['BR-800']}"
Gurgel,Carajas,Carajas,https://www.carrosnaweb.com.br/catalogomodelo.asp?fabricante=Gurgel&modelo=Carajas,catalogomodelo.asp?fabricante=Gurgel&modelo=Carajas,Carajas,"{'fabricante': ['Gurgel'], 'modelo': ['Carajas']}"
Gurgel,Itaipu,Itaipu,https://www.carrosnaweb.com.br/catalogomodelo.asp?fabricante=Gurgel&modelo=Itaipu,catalogomodelo.asp?fabricante=Gurgel&modelo=Itaipu,Itaipu,"{'fabricante': ['Gurgel'], 'modelo': ['Itaipu']}"
Gurgel,Motomachine,Motomachine,https://www.carrosnaweb.com.br/catalogomodelo.asp?fabricante=Gurgel&modelo=Motomachine,catalogomodelo.asp?fabricante=Gurgel&modelo=Motomachine,Motomachine,"{'fabricante': ['Gurgel'], 'modelo': ['Motomachine']}"
Gurgel,Supermini,Supermini,https://www.carrosnaweb.com.br/catalogomodelo.asp?fabricante=Gurgel&modelo=Supermini,catalogomodelo.asp?fabricante=Gurgel&modelo=Supermini,Supermini,"{'fabricante': ['Gurgel'], 'modelo': ['Supermini']}"
Gurgel,Tocantins,Tocantins,https://www.carrosnaweb.com.br/catalogomodelo.asp?fabricante=Gurgel&modelo=Tocantins,catalogomodelo.asp?fabricante=Gurgel&modelo=Tocantins,Tocantins,"{'fabricante': ['Gurgel'], 'modelo': ['Tocantins']}"
Gurgel,X-12,X-12,https://www.carrosnaweb.com.br/catalogomodelo.asp?fabricante=Gurgel&modelo=X-12,catalogomodelo.asp?fabricante=Gurgel&modelo=X-12,X-12,"{'fabricante': ['Gurgel'], 'modelo': ['X-12']}"
Gurgel,XEF,XEF,https://www.carrosnaweb.com.br/catalogomodelo.asp?fabricante=Gurgel&modelo=XEF,catalogomodelo.asp?fabricante=Gurgel&modelo=XEF,XEF,"{'fabricante': ['Gurgel'], 'modelo': ['XEF']}"
Hafei,Towner,Towner,https://www.carrosnaweb.com.br/catalogomodelo.asp?fabricante=Hafei&modelo=Towner,catalogomodelo.asp?fabricante=Hafei&modelo=Towner,Towner,"{'fabricante': ['Hafei'], 'modelo': ['Towner']}"
Hennessey,Venom,Venom,https://www.carrosnaweb.com.br/catalogomodelo.asp?fabricante=Hennessey&modelo=Venom,catalogomodelo.asp?fabricante=Hennessey&modelo=Venom,Venom,"{'fabricante': ['Hennessey'], 'modelo': ['Venom']}"
Hofstetter,Hofstetter,Hofstetter,https://www.carrosnaweb.com.br/catalogomodelo.asp?fabricante=Hofstetter&modelo=Hofstetter,catalogomodelo.asp?fabricante=Hofstetter&modelo=Hofstetter,Hofstetter,"{'fabricante': ['Hofstetter'], 'modelo': ['Hofstetter']}"
Honda,Accord,Accord,https://www.carrosnaweb.com.br/catalogomodelo.asp?fabricante=Honda&modelo=Accord,catalogomodelo.asp?fabricante=Honda&modelo=Accord,Accord,"{'fabricante': ['Honda'], 'modelo': ['Accord']}"
Honda,Accord Wagon,Accord Wagon,https://www.carrosnaweb.com.br/catalogomodelo.asp?fabricante=Honda&modelo=Accord Wagon,catalogomodelo.asp?fabricante=Honda&modelo=Accord Wagon,Accord Wagon,"{'fabricante': ['Honda'], 'modelo': ['Accord Wagon']}"
Honda,CR-V,CR-V,https://www.carrosnaweb.com.br/catalogomodelo.asp?fabricante=Honda&modelo=CR-V,catalogomodelo.asp?fabricante=Honda&modelo=CR-V,CR-V,"{'fabricante': ['Honda'], 'modelo': ['CR-V']}"
Honda,City,City,https://www.carrosnaweb.com.br/catalogomodelo.asp?fabricante=Honda&modelo=City,catalogomodelo.asp?fabricante=Honda&modelo=City,City,"{'fabricante': ['Honda'], 'modelo': ['City']}"
Honda,City Hatch,City Hatch,https://www.carrosnaweb.com.br/catalogomodelo.asp?fabricante=Honda&modelo=City Hatch,catalogomodelo.asp?fabricante=Honda&modelo=City Hatch,City Hatch,"{'fabricante': ['Honda'], 'modelo': ['City Hatch']}"
Honda,Civic,Civic,https://www.carrosnaweb.com.br/catalogomodelo.asp?fabricante=Honda&modelo=Civic,catalogomodelo.asp?fabricante=Honda&modelo=Civic,Civic,"{'fabricante': ['Honda'], 'modelo': ['Civic']}"
Honda,Civic CRX,Civic CRX,https://www.carrosnaweb.com.br/catalogomodelo.asp?fabricante=Honda&modelo=Civic CRX,catalogomodelo.asp?fabricante=Honda&modelo=Civic CRX,Civic CRX,"{'fabricante': ['Honda'], 'modelo': ['Civic CRX']}"
Honda,Civic Coupe,Civic Coupe,https://www.carrosnaweb.com.br/catalogomodelo.asp?fabricante=Honda&modelo=Civic Coupe,catalogomodelo.asp?fabricante=Honda&modelo=Civic Coupe,Civic Coupe,"{'fabricante': ['Honda'], 'modelo': ['Civic Coupe']}"
Honda,Civic Hatch,Civic Hatch,https://www.carrosnaweb.com.br/catalogomodelo.asp?fabricante=Honda&modelo=Civic Hatch,catalogomodelo.asp?fabricante=Honda&modelo=Civic Hatch,Civic Hatch,"{'fabricante': ['Honda'], 'modelo': ['Civic Hatch']}"
Honda,Fit,Fit,https://www.carrosnaweb.com.br/catalogomodelo.asp?fabricante=Honda&modelo=Fit,catalogomodelo.asp?fabricante=Honda&modelo=Fit,Fit,"{'fabricante': ['Honda'], 'modelo': ['Fit']}"
Honda,HR-V,HR-V,https://www.carrosnaweb.com.br/catalogomodelo.asp?fabricante=Honda&modelo=HR-V,catalogomodelo.asp?fabricante=Honda&modelo=HR-V,HR-V,"{'fabricante': ['Honda'], 'modelo': ['HR-V']}"
Honda,Legend,Legend,https://www.carrosnaweb.com.br/catalogomodelo.asp?fabricante=Honda&modelo=Legend,catalogomodelo.asp?fabricante=Honda&modelo=Legend,Legend,"{'fabricante': ['Honda'], 'modelo': ['Legend']}"
Honda,NSX,NSX,https://www.carrosnaweb.com.br/catalogomodelo.asp?fabricante=Honda&modelo=NSX,catalogomodelo.asp?fabricante=Honda&modelo=NSX,NSX,"{'fabricante': ['Honda'], 'modelo': ['NSX']}"
Honda,Odyssey,Odyssey,https://www.carrosnaweb.com.br/catalogomodelo.asp?fabricante=Honda&modelo=Odyssey,catalogomodelo.asp?fabricante=Honda&modelo=Odyssey,Odyssey,"{'fabricante': ['Honda'], 'modelo': ['Odyssey']}"
Honda,Passport,Passport,https://www.carrosnaweb.com.br/catalogomodelo.asp?fabricante=Honda&modelo=Passport,catalogomodelo.asp?fabricante=Honda&modelo=Passport,Passport,"{'fabricante': ['Honda'], 'modelo': ['Passport']}"
Honda,Prelude,Prelude,https://www.carrosnaweb.com.br/catalogomodelo.asp?fabricante=Honda&modelo=Prelude,catalogomodelo.asp?fabricante=Honda&modelo=Prelude,Prelude,"{'fabricante': ['Honda'], 'modelo': ['Prelude']}"
Honda,WR-V,WR-V,https://www.carrosnaweb.com.br/catalogomodelo.asp?fabricante=Honda&modelo=WR-V,catalogomodelo.asp?fabricante=Honda&modelo=WR-V,WR-V,"{'fabricante': ['Honda'], 'modelo': ['WR-V']}"
Honda,ZR-V,ZR-V,https://www.carrosnaweb.com.br/catalogomodelo.asp?fabricante=Honda&modelo=ZR-V,catalogomodelo.asp?fabricante=Honda&modelo=ZR-V,ZR-V,"{'fabricante': ['Honda'], 'modelo': ['ZR-V']}"
Hummer,H2,H2,https://www.carrosnaweb.com.br/catalogomodelo.asp?fabricante=Hummer&modelo=H2,catalogomodelo.asp?fabricante=Hummer&modelo=H2,H2,"{'fabricante': ['Hummer'], 'modelo': ['H2']}"
Hummer,H3,H3,https://www.carrosnaweb.com.br/catalogomodelo.asp?fabricante=Hummer&modelo=H3,catalogomodelo.asp?fabricante=Hummer&modelo=H3,H3,"{'fabricante': ['Hummer'], 'modelo': ['H3']}"
Hummer,H3T,H3T,https://www.carrosnaweb.com.br/catalogomodelo.asp?fabricante=Hummer&modelo=H3T,catalogomodelo.asp?fabricante=Hummer&modelo=H3T,H3T,"{'fabricante': ['Hummer'], 'modelo': ['H3T']}"
Hyundai,Accent,Accent,https://www.carrosnaweb.com.br/catalogomodelo.asp?fabricante=Hyundai&modelo=Accent,catalogomodelo.asp?fabricante=Hyundai&modelo=Accent,Accent,"{'fabricante': ['Hyundai'], 'modelo': ['Accent']}"
Hyundai,Accent Hatch,Accent Hatch,https://www.carrosnaweb.com.br/catalogomodelo.asp?fabricante=Hyundai&modelo=Accent Hatch,catalogomodelo.asp?fabricante=Hyundai&modelo=Accent Hatch,Accent Hatch,"{'fabricante': ['Hyundai'], 'modelo': ['Accent Hatch']}"
Hyundai,Atos Prime,Atos Prime,https://www.carrosnaweb.com.br/catalogomodelo.asp?fabricante=Hyundai&modelo=Atos Prime,catalogomodelo.asp?fabricante=Hyundai&modelo=Atos Prime,Atos Prime,"{'fabricante': ['Hyundai'], 'modelo': ['Atos Prime']}"
Hyundai,Azera,Azera,https://www.carrosnaweb.com.br/catalogomodelo.asp?fabricante=Hyundai&modelo=Azera,catalogomodelo.asp?fabricante=Hyundai&modelo=Azera,Azera,"{'fabricante': ['Hyundai'], 'modelo': ['Azera']}"
Hyundai,Coupe,Coupe,https://www.carrosnaweb.com.br/catalogomodelo.asp?fabricante=Hyundai&modelo=Coupe,catalogomodelo.asp?fabricante=Hyundai&modelo=Coupe,Coupe,"{'fabricante': ['Hyundai'], 'modelo': ['Coupe']}"
Hyundai,Creta,Creta,https://www.carrosnaweb.com.br/catalogomodelo.asp?fabricante=Hyundai&modelo=Creta,catalogomodelo.asp?fabricante=Hyundai&modelo=Creta,Creta,"{'fabricante': ['Hyundai'], 'modelo': ['Creta']}"
Hyundai,Elantra,Elantra,https://www.carrosnaweb.com.br/catalogomodelo.asp?fabricante=Hyundai&modelo=Elantra,catalogomodelo.asp?fabricante=Hyundai&modelo=Elantra,Elantra,"{'fabricante': ['Hyundai'], 'modelo': ['Elantra']}"
Hyundai,Elantra Wagon,Elantra Wagon,https://www.carrosnaweb.com.br/catalogomodelo.asp?fabricante=Hyundai&modelo=Elantra Wagon,catalogomodelo.asp?fabricante=Hyundai&modelo=Elantra Wagon,Elantra Wagon,"{'fabricante': ['Hyundai'], 'modelo': ['Elantra Wagon']}"
Hyundai,Equus,Equus,https://www.carrosnaweb.com.br/catalogomodelo.asp?fabricante=Hyundai&modelo=Equus,catalogomodelo.asp?fabricante=Hyundai&modelo=Equus,Equus,"{'fabricante': ['Hyundai'], 'modelo': ['Equus']}"
Hyundai,Excel,Excel,https://www.carrosnaweb.com.br/catalogomodelo.asp?fabricante=Hyundai&modelo=Excel,catalogomodelo.asp?fabricante=Hyundai&modelo=Excel,Excel,"{'fabricante': ['Hyundai'], 'modelo': ['Excel']}"
Hyundai,Excel Hatch,Excel Hatch,https://www.carrosnaweb.com.br/catalogomodelo.asp?fabricante=Hyundai&modelo=Excel Hatch,catalogomodelo.asp?fabricante=Hyundai&modelo=Excel Hatch,Excel Hatch,"{'fabricante': ['Hyundai'], 'modelo': ['Excel Hatch']}"
Hyundai,Galloper,Galloper,https://www.carrosnaweb.com.br/catalogomodelo.asp?fabricante=Hyundai&modelo=Galloper,catalogomodelo.asp?fabricante=Hyundai&modelo=Galloper,Galloper,"{'fabricante': ['Hyundai'], 'modelo': ['Galloper']}"
Hyundai,Genesis,Genesis,https://www.carrosnaweb.com.br/catalogomodelo.asp?fabricante=Hyundai&modelo=Genesis,catalogomodelo.asp?fabricante=Hyundai&modelo=Genesis,Genesis,"{'fabricante': ['Hyundai'], 'modelo': ['Genesis']}"
Hyundai,H1 Starex,H1 Starex,https://www.carrosnaweb.com.br/catalogomodelo.asp?fabricante=Hyundai&modelo=H1 Starex,catalogomodelo.asp?fabricante=Hyundai&modelo=H1 Starex,H1 Starex,"{'fabricante': ['Hyundai'], 'modelo': ['H1 Starex']}"
Hyundai,H100,H100,https://www.carrosnaweb.com.br/catalogomodelo.asp?fabricante=Hyundai&modelo=H100,catalogomodelo.asp?fabricante=Hyundai&modelo=H100,H100,"{'fabricante': ['Hyundai'], 'modelo': ['H100']}"
Hyundai,HB20,HB20,https://www.carrosnaweb.com.br/catalogomodelo.asp?fabricante=Hyundai&modelo=HB20,catalogomodelo.asp?fabricante=Hyundai&modelo=HB20,HB20,"{'fabricante': ['Hyundai'], 'modelo': ['HB20']}"
Hyundai,HB20S,HB20S,https://www.carrosnaweb.com.br/catalogomodelo.asp?fabricante=Hyundai&modelo=HB20S,catalogomodelo.asp?fabricante=Hyundai&modelo=HB20S,HB20S,"{'fabricante': ['Hyundai'], 'modelo': ['HB20S']}"
Hyundai,HB20X,HB20X,https://www.carrosnaweb.com.br/catalogomodelo.asp?fabricante=Hyundai&modelo=HB20X,catalogomodelo.asp?fabricante=Hyundai&modelo=HB20X,HB20X,"{'fabricante': ['Hyundai'], 'modelo': ['HB20X']}"
Hyundai,HR,HR,https://www.carrosnaweb.com.br/catalogomodelo.asp?fabricante=Hyundai&modelo=HR,catalogomodelo.asp?fabricante=Hyundai&modelo=HR,HR,"{'fabricante': ['Hyundai'], 'modelo': ['HR']}"
Hyundai,Ioniq,Ioniq,https://www.carrosnaweb.com.br/catalogomodelo.asp?fabricante=Hyundai&modelo=Ioniq,catalogomodelo.asp?fabricante=Hyundai&modelo=Ioniq,Ioniq,"{'fabricante': ['Hyundai'], 'modelo': ['Ioniq']}"
Hyundai,Ioniq 5,Ioniq 5,https://www.carrosnaweb.com.br/catalogomodelo.asp?fabricante=Hyundai&modelo=Ioniq 5,catalogomodelo.asp?fabricante=Hyundai&modelo=Ioniq 5,Ioniq 5,"{'fabricante': ['Hyundai'], 'modelo': ['Ioniq 5']}"
Hyundai,Kona,Kona,https://www.carrosnaweb.com.br/catalogomodelo.asp?fabricante=Hyundai&modelo=Kona,catalogomodelo.asp?fabricante=Hyundai&modelo=Kona,Kona,"{'fabricante': ['Hyundai'], 'modelo': ['Kona']}"
Hyundai,Matrix,Matrix,https://www.carrosnaweb.com.br/catalogomodelo.asp?fabricante=Hyundai&modelo=Matrix,catalogomodelo.asp?fabricante=Hyundai&modelo=Matrix,Matrix,"{'fabricante': ['Hyundai'], 'modelo': ['Matrix']}"
Hyundai,Palisade,Palisade,https://www.carrosnaweb.com.br/catalogomodelo.asp?fabricante=Hyundai&modelo=Palisade,catalogomodelo.asp?fabricante=Hyundai&modelo=Palisade,Palisade,"{'fabricante': ['Hyundai'], 'modelo': ['Palisade']}"
Hyundai,Porter,Porter,https://www.carrosnaweb.com.br/catalogomodelo.asp?fabricante=Hyundai&modelo=Porter,catalogomodelo.asp?fabricante=Hyundai&modelo=Porter,Porter,"{'fabricante': ['Hyundai'], 'modelo': ['Porter']}"
Hyundai,Santa Fe,Santa Fe,https://www.carrosnaweb.com.br/catalogomodelo.asp?fabricante=Hyundai&modelo=Santa Fe,catalogomodelo.asp?fabricante=Hyundai&modelo=Santa Fe,Santa Fe,"{'fabricante': ['Hyundai'], 'modelo': ['Santa Fe']}"
Hyundai,Scoupe,Scoupe,https://www.carrosnaweb.com.br/catalogomodelo.asp?fabricante=Hyundai&modelo=Scoupe,catalogomodelo.asp?fabricante=Hyundai&modelo=Scoupe,Scoupe,"{'fabricante': ['Hyundai'], 'modelo': ['Scoupe']}"
Hyundai,Sonata,Sonata,https://www.carrosnaweb.com.br/catalogomodelo.asp?fabricante=Hyundai&modelo=Sonata,catalogomodelo.asp?fabricante=Hyundai&modelo=Sonata,Sonata,"{'fabricante': ['Hyundai'], 'modelo': ['Sonata']}"
Hyundai,Terracan,Terracan,https://www.carrosnaweb.com.br/catalogomodelo.asp?fabricante=Hyundai&modelo=Terracan,catalogomodelo.asp?fabricante=Hyundai&modelo=Terracan,Terracan,"{'fabricante': ['Hyundai'], 'modelo': ['Terracan']}"
Hyundai,Trajet,Trajet,https://www.carrosnaweb.com.br/catalogomodelo.asp?fabricante=Hyundai&modelo=Trajet,catalogomodelo.asp?fabricante=Hyundai&modelo=Trajet,Trajet,"{'fabricante': ['Hyundai'], 'modelo': ['Trajet']}"
Hyundai,Tucson,Tucson,https://www.carrosnaweb.com.br/catalogomodelo.asp?fabricante=Hyundai&modelo=Tucson,catalogomodelo.asp?fabricante=Hyundai&modelo=Tucson,Tucson,"{'fabricante': ['Hyundai'], 'modelo': ['Tucson']}"
Hyundai,Veloster,Veloster,https://www.carrosnaweb.com.br/catalogomodelo.asp?fabricante=Hyundai&modelo=Veloster,catalogomodelo.asp?fabricante=Hyundai&modelo=Veloster,Veloster,"{'fabricante': ['Hyundai'], 'modelo': ['Veloster']}"
Hyundai,Veracruz,Veracruz,https://www.carrosnaweb.com.br/catalogomodelo.asp?fabricante=Hyundai&modelo=Veracruz,catalogomodelo.asp?fabricante=Hyundai&modelo=Veracruz,Veracruz,"{'fabricante': ['Hyundai'], 'modelo': ['Veracruz']}"
Hyundai,i30,i30,https://www.carrosnaweb.com.br/catalogomodelo.asp?fabricante=Hyundai&modelo=i30,catalogomodelo.asp?fabricante=Hyundai&modelo=i30,i30,"{'fabricante': ['Hyundai'], 'modelo': ['i30']}"
Hyundai,i30 CW,i30 CW,https://www.carrosnaweb.com.br/catalogomodelo.asp?fabricante=Hyundai&modelo=i30 CW,catalogomodelo.asp?fabricante=Hyundai&modelo=i30 CW,i30 CW,"{'fabricante': ['Hyundai'], 'modelo': ['i30 CW']}"
Hyundai,ix35,ix35,https://www.carrosnaweb.com.br/catalogomodelo.asp?fabricante=Hyundai&modelo=ix35,catalogomodelo.asp?fabricante=Hyundai&modelo=ix35,ix35,"{'fabricante': ['Hyundai'], 'modelo': ['ix35']}"
Infiniti,FX35,FX35,https://www.carrosnaweb.com.br/catalogomodelo.asp?fabricante=Infiniti&modelo=FX35,catalogomodelo.asp?fabricante=Infiniti&modelo=FX35,FX35,"{'fabricante': ['Infiniti'], 'modelo': ['FX35']}"
Infiniti,FX50,FX50,https://www.carrosnaweb.com.br/catalogomodelo.asp?fabricante=Infiniti&modelo=FX50,catalogomodelo.asp?fabricante=Infiniti&modelo=FX50,FX50,"{'fabricante': ['Infiniti'], 'modelo': ['FX50']}"
Isuzu,Amigo,Amigo,https://www.carrosnaweb.com.br/catalogomodelo.asp?fabricante=Isuzu&modelo=Amigo,catalogomodelo.asp?fabricante=Isuzu&modelo=Amigo,Amigo,"{'fabricante': ['Isuzu'], 'modelo': ['Amigo']}"
Isuzu,Hombre,Hombre,https://www.carrosnaweb.com.br/catalogomodelo.asp?fabricante=Isuzu&modelo=Hombre,catalogomodelo.asp?fabricante=Isuzu&modelo=Hombre,Hombre,"{'fabricante': ['Isuzu'], 'modelo': ['Hombre']}"
Isuzu,Pickup,Pickup,https://www.carrosnaweb.com.br/catalogomodelo.asp?fabricante=Isuzu&modelo=Pickup,catalogomodelo.asp?fabricante=Isuzu&modelo=Pickup,Pickup,"{'fabricante': ['Isuzu'], 'modelo': ['Pickup']}"
Isuzu,Rodeo,Rodeo,https://www.carrosnaweb.com.br/catalogomodelo.asp?fabricante=Isuzu&modelo=Rodeo,catalogomodelo.asp?fabricante=Isuzu&modelo=Rodeo,Rodeo,"{'fabricante': ['Isuzu'], 'modelo': ['Rodeo']}"
Iveco,Daily,Daily,https://www.carrosnaweb.com.br/catalogomodelo.asp?fabricante=Iveco&modelo=Daily,catalogomodelo.asp?fabricante=Iveco&modelo=Daily,Daily,"{'fabricante': ['Iveco'], 'modelo': ['Daily']}"
JAC,E-J7,E-J7,https://www.carrosnaweb.com.br/catalogomodelo.asp?fabricante=JAC&modelo=E-J7,catalogomodelo.asp?fabricante=JAC&modelo=E-J7,E-J7,"{'fabricante': ['JAC'], 'modelo': ['E-J7']}"
JAC,E-JP8,E-JP8,https://www.carrosnaweb.com.br/catalogomodelo.asp?fabricante=JAC&modelo=E-JP8,catalogomodelo.asp?fabricante=JAC&modelo=E-JP8,E-JP8,"{'fabricante': ['JAC'], 'modelo': ['E-JP8']}"
JAC,E-JS1,E-JS1,https://www.carrosnaweb.com.br/catalogomodelo.asp?fabricante=JAC&modelo=E-JS1,catalogomodelo.asp?fabricante=JAC&modelo=E-JS1,E-JS1,"{'fabricante': ['JAC'], 'modelo': ['E-JS1']}"
JAC,E-JS4,E-JS4,https://www.carrosnaweb.com.br/catalogomodelo.asp?fabricante=JAC&modelo=E-JS4,catalogomodelo.asp?fabricante=JAC&modelo=E-JS4,E-JS4,"{'fabricante': ['JAC'], 'modelo': ['E-JS4']}"
JAC,E-JT3.5,E-JT3.5,https://www.carrosnaweb.com.br/catalogomodelo.asp?fabricante=JAC&modelo=E-JT3.5,catalogomodelo.asp?fabricante=JAC&modelo=E-JT3.5,E-JT3.5,"{'fabricante': ['JAC'], 'modelo': ['E-JT3.5']}"
JAC,E-JV12,E-JV12,https://www.carrosnaweb.com.br/catalogomodelo.asp?fabricante=JAC&modelo=E-JV12,catalogomodelo.asp?fabricante=JAC&modelo=E-JV12,E-JV12,"{'fabricante': ['JAC'], 'modelo': ['E-JV12']}"
JAC,E-JV5.5,E-JV5.5,https://www.carrosnaweb.com.br/catalogomodelo.asp?fabricante=JAC&modelo=E-JV5.5,catalogomodelo.asp?fabricante=JAC&modelo=E-JV5.5,E-JV5.5,"{'fabricante': ['JAC'], 'modelo': ['E-JV5.5']}"
JAC,E-JV7L,E-JV7L,https://www.carrosnaweb.com.br/catalogomodelo.asp?fabricante=JAC&modelo=E-JV7L,catalogomodelo.asp?fabricante=JAC&modelo=E-JV7L,E-JV7L,"{'fabricante': ['JAC'], 'modelo': ['E-JV7L']}"
JAC,E-JVCC,E-JVCC,https://www.carrosnaweb.com.br/catalogomodelo.asp?fabricante=JAC&modelo=E-JVCC,catalogomodelo.asp?fabricante=JAC&modelo=E-JVCC,E-JVCC,"{'fabricante': ['JAC'], 'modelo': ['E-JVCC']}"
JAC,Hunter,Hunter,https://www.carrosnaweb.com.br/catalogomodelo.asp?fabricante=JAC&modelo=Hunter,catalogomodelo.asp?fabricante=JAC&modelo=Hunter,Hunter,"{'fabricante': ['JAC'], 'modelo': ['Hunter']}"
JAC,J2,J2,https://www.carrosnaweb.com.br/catalogomodelo.asp?fabricante=JAC&modelo=J2,catalogomodelo.asp?fabricante=JAC&modelo=J2,J2,"{'fabricante': ['JAC'], 'modelo': ['J2']}"
JAC,J3,J3,https://www.carrosnaweb.com.br/catalogomodelo.asp?fabricante=JAC&modelo=J3,catalogomodelo.asp?fabricante=JAC&modelo=J3,J3,"{'fabricante': ['JAC'], 'modelo': ['J3']}"
JAC,J3 Turin,J3 Turin,https://www.carrosnaweb.com.br/catalogomodelo.asp?fabricante=JAC&modelo=J3 Turin,catalogomodelo.asp?fabricante=JAC&modelo=J3 Turin,J3 Turin,"{'fabricante': ['JAC'], 'modelo': ['J3 Turin']}"
JAC,J5,J5,https://www.carrosnaweb.com.br/catalogomodelo.asp?fabricante=JAC&modelo=J5,catalogomodelo.asp?fabricante=JAC&modelo=J5,J5,"{'fabricante': ['JAC'], 'modelo': ['J5']}"
JAC,J6,J6,https://www.carrosnaweb.com.br/catalogomodelo.asp?fabricante=JAC&modelo=J6,catalogomodelo.asp?fabricante=JAC&modelo=J6,J6,"{'fabricante': ['JAC'], 'modelo': ['J6']}"
JAC,T40,T40,https://www.carrosnaweb.com.br/catalogomodelo.asp?fabricante=JAC&modelo=T40,catalogomodelo.asp?fabricante=JAC&modelo=T40,T40,"{'fabricante': ['JAC'], 'modelo': ['T40']}"
JAC,T5,T5,https://www.carrosnaweb.com.br/catalogomodelo.asp?fabricante=JAC&modelo=T5,catalogomodelo.asp?fabricante=JAC&modelo=T5,T5,"{'fabricante': ['JAC'], 'modelo': ['T5']}"
JAC,T50,T50,https://www.carrosnaweb.com.br/catalogomodelo.asp?fabricante=JAC&modelo=T50,catalogomodelo.asp?fabricante=JAC&modelo=T50,T50,"{'fabricante': ['JAC'], 'modelo': ['T50']}"
JAC,T6,T6,https://www.carrosnaweb.com.br/catalogomodelo.asp?fabricante=JAC&modelo=T6,catalogomodelo.asp?fabricante=JAC&modelo=T6,T6,"{'fabricante': ['JAC'], 'modelo': ['T6']}"
JAC,T60,T60,https://www.carrosnaweb.com.br/catalogomodelo.asp?fabricante=JAC&modelo=T60,catalogomodelo.asp?fabricante=JAC&modelo=T60,T60,"{'fabricante': ['JAC'], 'modelo': ['T60']}"
JAC,T8,T8,https://www.carrosnaweb.com.br/catalogomodelo.asp?fabricante=JAC&modelo=T8,catalogomodelo.asp?fabricante=JAC&modelo=T8,T8,"{'fabricante': ['JAC'], 'modelo': ['T8']}"
JAC,T80,T80,https://www.carrosnaweb.com.br/catalogomodelo.asp?fabricante=JAC&modelo=T80,catalogomodelo.asp?fabricante=JAC&modelo=T80,T80,"{'fabricante': ['JAC'], 'modelo': ['T80']}"
JAC,V260,V260,https://www.carrosnaweb.com.br/catalogomodelo.asp?fabricante=JAC&modelo=V260,catalogomodelo.asp?fabricante=JAC&modelo=V260,V260,"{'fabricante': ['JAC'], 'modelo': ['V260']}"
JAC,iEV20,iEV20,https://www.carrosnaweb.com.br/catalogomodelo.asp?fabricante=JAC&modelo=iEV20,catalogomodelo.asp?fabricante=JAC&modelo=iEV20,iEV20,"{'fabricante': ['JAC'], 'modelo': ['iEV20']}"
JAC,iEV330P,iEV330P,https://www.carrosnaweb.com.br/catalogomodelo.asp?fabricante=JAC&modelo=iEV330P,catalogomodelo.asp?fabricante=JAC&modelo=iEV330P,iEV330P,"{'fabricante': ['JAC'], 'modelo': ['iEV330P']}"
JAC,iEV40,iEV40,https://www.carrosnaweb.com.br/catalogomodelo.asp?fabricante=JAC&modelo=iEV40,catalogomodelo.asp?fabricante=JAC&modelo=iEV40,iEV40,"{'fabricante': ['JAC'], 'modelo': ['iEV40']}"
JAC,iEV60,iEV60,https://www.carrosnaweb.com.br/catalogomodelo.asp?fabricante=JAC&modelo=iEV60,catalogomodelo.asp?fabricante=JAC&modelo=iEV60,iEV60,"{'fabricante': ['JAC'], 'modelo': ['iEV60']}"
JAC,iEV750V,iEV750V,https://www.carrosnaweb.com.br/catalogomodelo.asp?fabricante=JAC&modelo=iEV750V,catalogomodelo.asp?fabricante=JAC&modelo=iEV750V,iEV750V,"{'fabricante': ['JAC'], 'modelo': ['iEV750V']}"
JMEV,Emova Easy,Emova Easy,https://www.carrosnaweb.com.br/catalogomodelo.asp?fabricante=JMEV&modelo=Emova Easy,catalogomodelo.asp?fabricante=JMEV&modelo=Emova Easy,Emova Easy,"{'fabricante': ['JMEV'], 'modelo': ['Emova Easy']}"
JMEV,Emova Urban,Emova Urban,https://www.carrosnaweb.com.br/catalogomodelo.asp?fabricante=JMEV&modelo=Emova Urban,catalogomodelo.asp?fabricante=JMEV&modelo=Emova Urban,Emova Urban,"{'fabricante': ['JMEV'], 'modelo': ['Emova Urban']}"
JPX,Montez,Montez,https://www.carrosnaweb.com.br/catalogomodelo.asp?fabricante=JPX&modelo=Montez,catalogomodelo.asp?fabricante=JPX&modelo=Montez,Montez,"{'fabricante': ['JPX'], 'modelo': ['Montez']}"
Jaecoo,Jaecoo 5,Jaecoo 5,https://www.carrosnaweb.com.br/catalogomodelo.asp?fabricante=Jaecoo&modelo=Jaecoo 5,catalogomodelo.asp?fabricante=Jaecoo&modelo=Jaecoo 5,Jaecoo 5,"{'fabricante': ['Jaecoo'], 'modelo': ['Jaecoo 5']}"
Jaecoo,Jaecoo 7,Jaecoo 7,https://www.carrosnaweb.com.br/catalogomodelo.asp?fabricante=Jaecoo&modelo=Jaecoo 7,catalogomodelo.asp?fabricante=Jaecoo&modelo=Jaecoo 7,Jaecoo 7,"{'fabricante': ['Jaecoo'], 'modelo': ['Jaecoo 7']}"
Jaecoo,Jaecoo 8,Jaecoo 8,https://www.carrosnaweb.com.br/catalogomodelo.asp?fabricante=Jaecoo&modelo=Jaecoo 8,catalogomodelo.asp?fabricante=Jaecoo&modelo=Jaecoo 8,Jaecoo 8,"{'fabricante': ['Jaecoo'], 'modelo': ['Jaecoo 8']}"
Jaguar,E-Pace,E-Pace,https://www.carrosnaweb.com.br/catalogomodelo.asp?fabricante=Jaguar&modelo=E-Pace,catalogomodelo.asp?fabricante=Jaguar&modelo=E-Pace,E-Pace,"{'fabricante': ['Jaguar'], 'modelo': ['E-Pace']}"
Jaguar,F-Pace,F-Pace,https://www.carrosnaweb.com.br/catalogomodelo.asp?fabricante=Jaguar&modelo=F-Pace,catalogomodelo.asp?fabricante=Jaguar&modelo=F-Pace,F-Pace,"{'fabricante': ['Jaguar'], 'modelo': ['F-Pace']}"
Jaguar,F-Type,F-Type,https://www.carrosnaweb.com.br/catalogomodelo.asp?fabricante=Jaguar&modelo=F-Type,catalogomodelo.asp?fabricante=Jaguar&modelo=F-Type,F-Type,"{'fabricante': ['Jaguar'], 'modelo': ['F-Type']}"
Jaguar,F-Type Roadster,F-Type Roadster,https://www.carrosnaweb.com.br/catalogomodelo.asp?fabricante=Jaguar&modelo=F-Type Roadster,catalogomodelo.asp?fabricante=Jaguar&modelo=F-Type Roadster,F-Type Roadster,"{'fabricante': ['Jaguar'], 'modelo': ['F-Type Roadster']}"
Jaguar,I-Pace,I-Pace,https://www.carrosnaweb.com.br/catalogomodelo.asp?fabricante=Jaguar&modelo=I-Pace,catalogomodelo.asp?fabricante=Jaguar&modelo=I-Pace,I-Pace,"{'fabricante': ['Jaguar'], 'modelo': ['I-Pace']}"
Jaguar,S-Type,S-Type,https://www.carrosnaweb.com.br/catalogomodelo.asp?fabricante=Jaguar&modelo=S-Type,catalogomodelo.asp?fabricante=Jaguar&modelo=S-Type,S-Type,"{'fabricante': ['Jaguar'], 'modelo': ['S-Type']}"
Jaguar,X-Type,X-Type,https://www.carrosnaweb.com.br/catalogomodelo.asp?fabricante=Jaguar&modelo=X-Type,catalogomodelo.asp?fabricante=Jaguar&modelo=X-Type,X-Type,"{'fabricante': ['Jaguar'], 'modelo': ['X-Type']}"
Jaguar,X-Type Estate,X-Type Estate,https://www.carrosnaweb.com.br/catalogomodelo.asp?fabricante=Jaguar&modelo=X-Type Estate,catalogomodelo.asp?fabricante=Jaguar&modelo=X-Type Estate,X-Type Estate,"{'fabricante': ['Jaguar'], 'modelo': ['X-Type Estate']}"
Jaguar,XE,XE,https://www.carrosnaweb.com.br/catalogomodelo.asp?fabricante=Jaguar&modelo=XE,catalogomodelo.asp?fabricante=Jaguar&modelo=XE,XE,"{'fabricante': ['Jaguar'], 'modelo': ['XE']}"
Jaguar,XF,XF,https://www.carrosnaweb.com.br/catalogomodelo.asp?fabricante=Jaguar&modelo=XF,catalogomodelo.asp?fabricante=Jaguar&modelo=XF,XF,"{'fabricante': ['Jaguar'], 'modelo': ['XF']}"
Jaguar,XJ,XJ,https://www.carrosnaweb.com.br/catalogomodelo.asp?fabricante=Jaguar&modelo=XJ,catalogomodelo.asp?fabricante=Jaguar&modelo=XJ,XJ,"{'fabricante': ['Jaguar'], 'modelo': ['XJ']}"
Jaguar,XJ12,XJ12,https://www.carrosnaweb.com.br/catalogomodelo.asp?fabricante=Jaguar&modelo=XJ12,catalogomodelo.asp?fabricante=Jaguar&modelo=XJ12,XJ12,"{'fabricante': ['Jaguar'], 'modelo': ['XJ12']}"
Jaguar,XJ220,XJ220,https://www.carrosnaweb.com.br/catalogomodelo.asp?fabricante=Jaguar&modelo=XJ220,catalogomodelo.asp?fabricante=Jaguar&modelo=XJ220,XJ220,"{'fabricante': ['Jaguar'], 'modelo': ['XJ220']}"
Jaguar,XJ6,XJ6,https://www.carrosnaweb.com.br/catalogomodelo.asp?fabricante=Jaguar&modelo=XJ6,catalogomodelo.asp?fabricante=Jaguar&modelo=XJ6,XJ6,"{'fabricante': ['Jaguar'], 'modelo': ['XJ6']}"
Jaguar,XJ8,XJ8,https://www.carrosnaweb.com.br/catalogomodelo.asp?fabricante=Jaguar&modelo=XJ8,catalogomodelo.asp?fabricante=Jaguar&modelo=XJ8,XJ8,"{'fabricante': ['Jaguar'], 'modelo': ['XJ8']}"
Jaguar,XK,XK,https://www.carrosnaweb.com.br/catalogomodelo.asp?fabricante=Jaguar&modelo=XK,catalogomodelo.asp?fabricante=Jaguar&modelo=XK,XK,"{'fabricante': ['Jaguar'], 'modelo': ['XK']}"
Jeep,Avenger,Avenger,https://www.carrosnaweb.com.br/catalogomodelo.asp?fabricante=Jeep&modelo=Avenger,catalogomodelo.asp?fabricante=Jeep&modelo=Avenger,Avenger,"{'fabricante': ['Jeep'], 'modelo': ['Avenger']}"
Jeep,Cherokee,Cherokee,https://www.carrosnaweb.com.br/catalogomodelo.asp?fabricante=Jeep&modelo=Cherokee,catalogomodelo.asp?fabricante=Jeep&modelo=Cherokee,Cherokee,"{'fabricante': ['Jeep'], 'modelo': ['Cherokee']}"
Jeep,Commander,Commander,https://www.carrosnaweb.com.br/catalogomodelo.asp?fabricante=Jeep&modelo=Commander,catalogomodelo.asp?fabricante=Jeep&modelo=Commander,Commander,"{'fabricante': ['Jeep'], 'modelo': ['Commander']}"
Jeep,Compass,Compass,https://www.carrosnaweb.com.br/catalogomodelo.asp?fabricante=Jeep&modelo=Compass,catalogomodelo.asp?fabricante=Jeep&modelo=Compass,Compass,"{'fabricante': ['Jeep'], 'modelo': ['Compass']}"
Jeep,Gladiator,Gladiator,https://www.carrosnaweb.com.br/catalogomodelo.asp?fabricante=Jeep&modelo=Gladiator,catalogomodelo.asp?fabricante=Jeep&modelo=Gladiator,Gladiator,"{'fabricante': ['Jeep'], 'modelo': ['Gladiator']}"
Jeep,Grand Cherokee,Grand Cherokee,https://www.carrosnaweb.com.br/catalogomodelo.asp?fabricante=Jeep&modelo=Grand Cherokee,catalogomodelo.asp?fabricante=Jeep&modelo=Grand Cherokee,Grand Cherokee,"{'fabricante': ['Jeep'], 'modelo': ['Grand Cherokee']}"
Jeep,Renegade,Renegade,https://www.carrosnaweb.com.br/catalogomodelo.asp?fabricante=Jeep&modelo=Renegade,catalogomodelo.asp?fabricante=Jeep&modelo=Renegade,Renegade,"{'fabricante': ['Jeep'], 'modelo': ['Renegade']}"
Jeep,Wrangler,Wrangler,https://www.carrosnaweb.com.br/catalogomodelo.asp?fabricante=Jeep&modelo=Wrangler,catalogomodelo.asp?fabricante=Jeep&modelo=Wrangler,Wrangler,"{'fabricante': ['Jeep'], 'modelo': ['Wrangler']}"
Jetour,G700,G700,https://www.carrosnaweb.com.br/catalogomodelo.asp?fabricante=Jetour&modelo=G700,catalogomodelo.asp?fabricante=Jetour&modelo=G700,G700,"{'fabricante': ['Jetour'], 'modelo': ['G700']}"
Jetour,S06,S06,https://www.carrosnaweb.com.br/catalogomodelo.asp?fabricante=Jetour&modelo=S06,catalogomodelo.asp?fabricante=Jetour&modelo=S06,S06,"{'fabricante': ['Jetour'], 'modelo': ['S06']}"
Jetour,T1,T1,https://www.carrosnaweb.com.br/catalogomodelo.asp?fabricante=Jetour&modelo=T1,catalogomodelo.asp?fabricante=Jetour&modelo=T1,T1,"{'fabricante': ['Jetour'], 'modelo': ['T1']}"
Jetour,T2,T2,https://www.carrosnaweb.com.br/catalogomodelo.asp?fabricante=Jetour&modelo=T2,catalogomodelo.asp?fabricante=Jetour&modelo=T2,T2,"{'fabricante': ['Jetour'], 'modelo': ['T2']}"
Jinbei,Topic,Topic,https://www.carrosnaweb.com.br/catalogomodelo.asp?fabricante=Jinbei&modelo=Topic,catalogomodelo.asp?fabricante=Jinbei&modelo=Topic,Topic,"{'fabricante': ['Jinbei'], 'modelo': ['Topic']}"
KTM,X-Bow,X-Bow,https://www.carrosnaweb.com.br/catalogomodelo.asp?fabricante=KTM&modelo=X-Bow,catalogomodelo.asp?fabricante=KTM&modelo=X-Bow,X-Bow,"{'fabricante': ['KTM'], 'modelo': ['X-Bow']}"
Kia,Besta,Besta,https://www.carrosnaweb.com.br/catalogomodelo.asp?fabricante=Kia&modelo=Besta,catalogomodelo.asp?fabricante=Kia&modelo=Besta,Besta,"{'fabricante': ['Kia'], 'modelo': ['Besta']}"
Kia,Bongo,Bongo,https://www.carrosnaweb.com.br/catalogomodelo.asp?fabricante=Kia&modelo=Bongo,catalogomodelo.asp?fabricante=Kia&modelo=Bongo,Bongo,"{'fabricante': ['Kia'], 'modelo': ['Bongo']}"
Kia,Cadenza,Cadenza,https://www.carrosnaweb.com.br/catalogomodelo.asp?fabricante=Kia&modelo=Cadenza,catalogomodelo.asp?fabricante=Kia&modelo=Cadenza,Cadenza,"{'fabricante': ['Kia'], 'modelo': ['Cadenza']}"
Kia,Carens,Carens,https://www.carrosnaweb.com.br/catalogomodelo.asp?fabricante=Kia&modelo=Carens,catalogomodelo.asp?fabricante=Kia&modelo=Carens,Carens,"{'fabricante': ['Kia'], 'modelo': ['Carens']}"
Kia,Carnival,Carnival,https://www.carrosnaweb.com.br/catalogomodelo.asp?fabricante=Kia&modelo=Carnival,catalogomodelo.asp?fabricante=Kia&modelo=Carnival,Carnival,"{'fabricante': ['Kia'], 'modelo': ['Carnival']}"
Kia,Cerato,Cerato,https://www.carrosnaweb.com.br/catalogomodelo.asp?fabricante=Kia&modelo=Cerato,catalogomodelo.asp?fabricante=Kia&modelo=Cerato,Cerato,"{'fabricante': ['Kia'], 'modelo': ['Cerato']}"
Kia,Ceres,Ceres,https://www.carrosnaweb.com.br/catalogomodelo.asp?fabricante=Kia&modelo=Ceres,catalogomodelo.asp?fabricante=Kia&modelo=Ceres,Ceres,"{'fabricante': ['Kia'], 'modelo': ['Ceres']}"
Kia,Clarus,Clarus,https://www.carrosnaweb.com.br/catalogomodelo.asp?fabricante=Kia&modelo=Clarus,catalogomodelo.asp?fabricante=Kia&modelo=Clarus,Clarus,"{'fabricante': ['Kia'], 'modelo': ['Clarus']}"
Kia,Clarus Wagon,Clarus Wagon,https://www.carrosnaweb.com.br/catalogomodelo.asp?fabricante=Kia&modelo=Clarus Wagon,catalogomodelo.asp?fabricante=Kia&modelo=Clarus Wagon,Clarus Wagon,"{'fabricante': ['Kia'], 'modelo': ['Clarus Wagon']}"
Kia,EV3,EV3,https://www.carrosnaweb.com.br/catalogomodelo.asp?fabricante=Kia&modelo=EV3,catalogomodelo.asp?fabricante=Kia&modelo=EV3,EV3,"{'fabricante': ['Kia'], 'modelo': ['EV3']}"
Kia,EV5,EV5,https://www.carrosnaweb.com.br/catalogomodelo.asp?fabricante=Kia&modelo=EV5,catalogomodelo.asp?fabricante=Kia&modelo=EV5,EV5,"{'fabricante': ['Kia'], 'modelo': ['EV5']}"
Kia,EV9,EV9,https://www.carrosnaweb.com.br/catalogomodelo.asp?fabricante=Kia&modelo=EV9,catalogomodelo.asp?fabricante=Kia&modelo=EV9,EV9,"{'fabricante': ['Kia'], 'modelo': ['EV9']}"
Kia,K4,K4,https://www.carrosnaweb.com.br/catalogomodelo.asp?fabricante=Kia&modelo=K4,catalogomodelo.asp?fabricante=Kia&modelo=K4,K4,"{'fabricante': ['Kia'], 'modelo': ['K4']}"
Kia,Koup,Koup,https://www.carrosnaweb.com.br/catalogomodelo.asp?fabricante=Kia&modelo=Koup,catalogomodelo.asp?fabricante=Kia&modelo=Koup,Koup,"{'fabricante': ['Kia'], 'modelo': ['Koup']}"
Kia,Magentis,Magentis,https://www.carrosnaweb.com.br/catalogomodelo.asp?fabricante=Kia&modelo=Magentis,catalogomodelo.asp?fabricante=Kia&modelo=Magentis,Magentis,"{'fabricante': ['Kia'], 'modelo': ['Magentis']}"
Kia,Mohave,Mohave,https://www.carrosnaweb.com.br/catalogomodelo.asp?fabricante=Kia&modelo=Mohave,catalogomodelo.asp?fabricante=Kia&modelo=Mohave,Mohave,"{'fabricante': ['Kia'], 'modelo': ['Mohave']}"
Kia,Niro,Niro,https://www.carrosnaweb.com.br/catalogomodelo.asp?fabricante=Kia&modelo=Niro,catalogomodelo.asp?fabricante=Kia&modelo=Niro,Niro,"{'fabricante': ['Kia'], 'modelo': ['Niro']}"
Kia,Opirus,Opirus,https://www.carrosnaweb.com.br/catalogomodelo.asp?fabricante=Kia&modelo=Opirus,catalogomodelo.asp?fabricante=Kia&modelo=Opirus,Opirus,"{'fabricante': ['Kia'], 'modelo': ['Opirus']}"
Kia,Optima,Optima,https://www.carrosnaweb.com.br/catalogomodelo.asp?fabricante=Kia&modelo=Optima,catalogomodelo.asp?fabricante=Kia&modelo=Optima,Optima,"{'fabricante': ['Kia'], 'modelo': ['Optima']}"
Kia,Picanto,Picanto,https://www.carrosnaweb.com.br/catalogomodelo.asp?fabricante=Kia&modelo=Picanto,catalogomodelo.asp?fabricante=Kia&modelo=Picanto,Picanto,"{'fabricante': ['Kia'], 'modelo': ['Picanto']}"
Kia,Quoris,Quoris,https://www.carrosnaweb.com.br/catalogomodelo.asp?fabricante=Kia&modelo=Quoris,catalogomodelo.asp?fabricante=Kia&modelo=Quoris,Quoris,"{'fabricante': ['Kia'], 'modelo': ['Quoris']}"
Kia,Rio,Rio,https://www.carrosnaweb.com.br/catalogomodelo.asp?fabricante=Kia&modelo=Rio,catalogomodelo.asp?fabricante=Kia&modelo=Rio,Rio,"{'fabricante': ['Kia'], 'modelo': ['Rio']}"
Kia,Sephia,Sephia,https://www.carrosnaweb.com.br/catalogomodelo.asp?fabricante=Kia&modelo=Sephia,catalogomodelo.asp?fabricante=Kia&modelo=Sephia,Sephia,"{'fabricante': ['Kia'], 'modelo': ['Sephia']}"
Kia,Shuma,Shuma,https://www.carrosnaweb.com.br/catalogomodelo.asp?fabricante=Kia&modelo=Shuma,catalogomodelo.asp?fabricante=Kia&modelo=Shuma,Shuma,"{'fabricante': ['Kia'], 'modelo': ['Shuma']}"
Kia,Sorento,Sorento,https://www.carrosnaweb.com.br/catalogomodelo.asp?fabricante=Kia&modelo=Sorento,catalogomodelo.asp?fabricante=Kia&modelo=Sorento,Sorento,"{'fabricante': ['Kia'], 'modelo': ['Sorento']}"
Kia,Soul,Soul,https://www.carrosnaweb.com.br/catalogomodelo.asp?fabricante=Kia&modelo=Soul,catalogomodelo.asp?fabricante=Kia&modelo=Soul,Soul,"{'fabricante': ['Kia'], 'modelo': ['Soul']}"
Kia,Sportage,Sportage,https://www.carrosnaweb.com.br/catalogomodelo.asp?fabricante=Kia&modelo=Sportage,catalogomodelo.asp?fabricante=Kia&modelo=Sportage,Sportage,"{'fabricante': ['Kia'], 'modelo': ['Sportage']}"
Kia,Stinger,Stinger,https://www.carrosnaweb.com.br/catalogomodelo.asp?fabricante=Kia&modelo=Stinger,catalogomodelo.asp?fabricante=Kia&modelo=Stinger,Stinger,"{'fabricante': ['Kia'], 'modelo': ['Stinger']}"
Kia,Stonic,Stonic,https://www.carrosnaweb.com.br/catalogomodelo.asp?fabricante=Kia&modelo=Stonic,catalogomodelo.asp?fabricante=Kia&modelo=Stonic,Stonic,"{'fabricante': ['Kia'], 'modelo': ['Stonic']}"
Kia,Tasman,Tasman,https://www.carrosnaweb.com.br/catalogomodelo.asp?fabricante=Kia&modelo=Tasman,catalogomodelo.asp?fabricante=Kia&modelo=Tasman,Tasman,"{'fabricante': ['Kia'], 'modelo': ['Tasman']}"
Koenigsegg,Agera,Agera,https://www.carrosnaweb.com.br/catalogomodelo.asp?fabricante=Koenigsegg&modelo=Agera,catalogomodelo.asp?fabricante=Koenigsegg&modelo=Agera,Agera,"{'fabricante': ['Koenigsegg'], 'modelo': ['Agera']}"
Koenigsegg,CCR,CCR,https://www.carrosnaweb.com.br/catalogomodelo.asp?fabricante=Koenigsegg&modelo=CCR,catalogomodelo.asp?fabricante=Koenigsegg&modelo=CCR,CCR,"{'fabricante': ['Koenigsegg'], 'modelo': ['CCR']}"
Koenigsegg,CCX,CCX,https://www.carrosnaweb.com.br/catalogomodelo.asp?fabricante=Koenigsegg&modelo=CCX,catalogomodelo.asp?fabricante=Koenigsegg&modelo=CCX,CCX,"{'fabricante': ['Koenigsegg'], 'modelo': ['CCX']}"
Koenigsegg,Gemera,Gemera,https://www.carrosnaweb.com.br/catalogomodelo.asp?fabricante=Koenigsegg&modelo=Gemera,catalogomodelo.asp?fabricante=Koenigsegg&modelo=Gemera,Gemera,"{'fabricante': ['Koenigsegg'], 'modelo': ['Gemera']}"
Koenigsegg,Jesko,Jesko,https://www.carrosnaweb.com.br/catalogomodelo.asp?fabricante=Koenigsegg&modelo=Jesko,catalogomodelo.asp?fabricante=Koenigsegg&modelo=Jesko,Jesko,"{'fabricante': ['Koenigsegg'], 'modelo': ['Jesko']}"
Koenigsegg,One:1,One:1,https://www.carrosnaweb.com.br/catalogomodelo.asp?fabricante=Koenigsegg&modelo=One:1,catalogomodelo.asp?fabricante=Koenigsegg&modelo=One:1,One:1,"{'fabricante': ['Koenigsegg'], 'modelo': ['One:1']}"
Koenigsegg,Regera,Regera,https://www.carrosnaweb.com.br/catalogomodelo.asp?fabricante=Koenigsegg&modelo=Regera,catalogomodelo.asp?fabricante=Koenigsegg&modelo=Regera,Regera,"{'fabricante': ['Koenigsegg'], 'modelo': ['Regera']}"
Lada,Laika,Laika,https://www.carrosnaweb.com.br/catalogomodelo.asp?fabricante=Lada&modelo=Laika,catalogomodelo.asp?fabricante=Lada&modelo=Laika,Laika,"{'fabricante': ['Lada'], 'modelo': ['Laika']}"
Lada,Laika SW,Laika SW,https://www.carrosnaweb.com.br/catalogomodelo.asp?fabricante=Lada&modelo=Laika SW,catalogomodelo.asp?fabricante=Lada&modelo=Laika SW,Laika SW,"{'fabricante': ['Lada'], 'modelo': ['Laika SW']}"
Lada,Niva,Niva,https://www.carrosnaweb.com.br/catalogomodelo.asp?fabricante=Lada&modelo=Niva,catalogomodelo.asp?fabricante=Lada&modelo=Niva,Niva,"{'fabricante': ['Lada'], 'modelo': ['Niva']}"
Lada,Samara,Samara,https://www.carrosnaweb.com.br/catalogomodelo.asp?fabricante=Lada&modelo=Samara,catalogomodelo.asp?fabricante=Lada&modelo=Samara,Samara,"{'fabricante': ['Lada'], 'modelo': ['Samara']}"
Lafer,MP,MP,https://www.carrosnaweb.com.br/catalogomodelo.asp?fabricante=Lafer&modelo=MP,catalogomodelo.asp?fabricante=Lafer&modelo=MP,MP,"{'fabricante': ['Lafer'], 'modelo': ['MP']}"
Lamborghini,Aventador,Aventador,https://www.carrosnaweb.com.br/catalogomodelo.asp?fabricante=Lamborghini&modelo=Aventador,catalogomodelo.asp?fabricante=Lamborghini&modelo=Aventador,Aventador,"{'fabricante': ['Lamborghini'], 'modelo': ['Aventador']}"
Lamborghini,Centenario,Centenario,https://www.carrosnaweb.com.br/catalogomodelo.asp?fabricante=Lamborghini&modelo=Centenario,catalogomodelo.asp?fabricante=Lamborghini&modelo=Centenario,Centenario,"{'fabricante': ['Lamborghini'], 'modelo': ['Centenario']}"
Lamborghini,Countach,Countach,https://www.carrosnaweb.com.br/catalogomodelo.asp?fabricante=Lamborghini&modelo=Countach,catalogomodelo.asp?fabricante=Lamborghini&modelo=Countach,Countach,"{'fabricante': ['Lamborghini'], 'modelo': ['Countach']}"
Lamborghini,Diablo,Diablo,https://www.carrosnaweb.com.br/catalogomodelo.asp?fabricante=Lamborghini&modelo=Diablo,catalogomodelo.asp?fabricante=Lamborghini&modelo=Diablo,Diablo,"{'fabricante': ['Lamborghini'], 'modelo': ['Diablo']}"
Lamborghini,Fenomeno,Fenomeno,https://www.carrosnaweb.com.br/catalogomodelo.asp?fabricante=Lamborghini&modelo=Fenomeno,catalogomodelo.asp?fabricante=Lamborghini&modelo=Fenomeno,Fenomeno,"{'fabricante': ['Lamborghini'], 'modelo': ['Fenomeno']}"
Lamborghini,Gallardo,Gallardo,https://www.carrosnaweb.com.br/catalogomodelo.asp?fabricante=Lamborghini&modelo=Gallardo,catalogomodelo.asp?fabricante=Lamborghini&modelo=Gallardo,Gallardo,"{'fabricante': ['Lamborghini'], 'modelo': ['Gallardo']}"
Lamborghini,Huracan,Huracan,https://www.carrosnaweb.com.br/catalogomodelo.asp?fabricante=Lamborghini&modelo=Huracan,catalogomodelo.asp?fabricante=Lamborghini&modelo=Huracan,Huracan,"{'fabricante': ['Lamborghini'], 'modelo': ['Huracan']}"
Lamborghini,LM002,LM002,https://www.carrosnaweb.com.br/catalogomodelo.asp?fabricante=Lamborghini&modelo=LM002,catalogomodelo.asp?fabricante=Lamborghini&modelo=LM002,LM002,"{'fabricante': ['Lamborghini'], 'modelo': ['LM002']}"
Lamborghini,Murcielago,Murcielago,https://www.carrosnaweb.com.br/catalogomodelo.asp?fabricante=Lamborghini&modelo=Murcielago,catalogomodelo.asp?fabricante=Lamborghini&modelo=Murcielago,Murcielago,"{'fabricante': ['Lamborghini'], 'modelo': ['Murcielago']}"
Lamborghini,Reventon,Reventon,https://www.carrosnaweb.com.br/catalogomodelo.asp?fabricante=Lamborghini&modelo=Reventon,catalogomodelo.asp?fabricante=Lamborghini&modelo=Reventon,Reventon,"{'fabricante': ['Lamborghini'], 'modelo': ['Reventon']}"
Lamborghini,Revuelto,Revuelto,https://www.carrosnaweb.com.br/catalogomodelo.asp?fabricante=Lamborghini&modelo=Revuelto,catalogomodelo.asp?fabricante=Lamborghini&modelo=Revuelto,Revuelto,"{'fabricante': ['Lamborghini'], 'modelo': ['Revuelto']}"
Lamborghini,Sesto Elemento,Sesto Elemento,https://www.carrosnaweb.com.br/catalogomodelo.asp?fabricante=Lamborghini&modelo=Sesto Elemento,catalogomodelo.asp?fabricante=Lamborghini&modelo=Sesto Elemento,Sesto Elemento,"{'fabricante': ['Lamborghini'], 'modelo': ['Sesto Elemento']}"
Lamborghini,Sian,Sian,https://www.carrosnaweb.com.br/catalogomodelo.asp?fabricante=Lamborghini&modelo=Sian,catalogomodelo.asp?fabricante=Lamborghini&modelo=Sian,Sian,"{'fabricante': ['Lamborghini'], 'modelo': ['Sian']}"
Lamborghini,Temerario,Temerario,https://www.carrosnaweb.com.br/catalogomodelo.asp?fabricante=Lamborghini&modelo=Temerario,catalogomodelo.asp?fabricante=Lamborghini&modelo=Temerario,Temerario,"{'fabricante': ['Lamborghini'], 'modelo': ['Temerario']}"
Lamborghini,Urus,Urus,https://www.carrosnaweb.com.br/catalogomodelo.asp?fabricante=Lamborghini&modelo=Urus,catalogomodelo.asp?fabricante=Lamborghini&modelo=Urus,Urus,"{'fabricante': ['Lamborghini'], 'modelo': ['Urus']}"
Lamborghini,Veneno,Veneno,https://www.carrosnaweb.com.br/catalogomodelo.asp?fabricante=Lamborghini&modelo=Veneno,catalogomodelo.asp?fabricante=Lamborghini&modelo=Veneno,Veneno,"{'fabricante': ['Lamborghini'], 'modelo': ['Veneno']}"
Land Rover,Defender,Defender,https://www.carrosnaweb.com.br/catalogomodelo.asp?fabricante=Land Rover&modelo=Defender,catalogomodelo.asp?fabricante=Land Rover&modelo=Defender,Defender,"{'fabricante': ['Land Rover'], 'modelo': ['Defender']}"
Land Rover,Discovery,Discovery,https://www.carrosnaweb.com.br/catalogomodelo.asp?fabricante=Land Rover&modelo=Discovery,catalogomodelo.asp?fabricante=Land Rover&modelo=Discovery,Discovery,"{'fabricante': ['Land Rover'], 'modelo': ['Discovery']}"
Land Rover,Discovery Sport,Discovery Sport,https://www.carrosnaweb.com.br/catalogomodelo.asp?fabricante=Land Rover&modelo=Discovery Sport,catalogomodelo.asp?fabricante=Land Rover&modelo=Discovery Sport,Discovery Sport,"{'fabricante': ['Land Rover'], 'modelo': ['Discovery Sport']}"
Land Rover,Evoque,Evoque,https://www.carrosnaweb.com.br/catalogomodelo.asp?fabricante=Land Rover&modelo=Evoque,catalogomodelo.asp?fabricante=Land Rover&modelo=Evoque,Evoque,"{'fabricante': ['Land Rover'], 'modelo': ['Evoque']}"
Land Rover,Evoque Coupe,Evoque Coupe,https://www.carrosnaweb.com.br/catalogomodelo.asp?fabricante=Land Rover&modelo=Evoque Coupe,catalogomodelo.asp?fabricante=Land Rover&modelo=Evoque Coupe,Evoque Coupe,"{'fabricante': ['Land Rover'], 'modelo': ['Evoque Coupe']}"
Land Rover,Freelander,Freelander,https://www.carrosnaweb.com.br/catalogomodelo.asp?fabricante=Land Rover&modelo=Freelander,catalogomodelo.asp?fabricante=Land Rover&modelo=Freelander,Freelander,"{'fabricante': ['Land Rover'], 'modelo': ['Freelander']}"
Land Rover,Range Rover,Range Rover,https://www.carrosnaweb.com.br/catalogomodelo.asp?fabricante=Land Rover&modelo=Range Rover,catalogomodelo.asp?fabricante=Land Rover&modelo=Range Rover,Range Rover,"{'fabricante': ['Land Rover'], 'modelo': ['Range Rover']}"
Land Rover,Range Rover Sport,Range Rover Sport,https://www.carrosnaweb.com.br/catalogomodelo.asp?fabricante=Land Rover&modelo=Range Rover Sport,catalogomodelo.asp?fabricante=Land Rover&modelo=Range Rover Sport,Range Rover Sport,"{'fabricante': ['Land Rover'], 'modelo': ['Range Rover Sport']}"
Land Rover,Velar,Velar,https://www.carrosnaweb.com.br/catalogomodelo.asp?fabricante=Land Rover&modelo=Velar,catalogomodelo.asp?fabricante=Land Rover&modelo=Velar,Velar,"{'fabricante': ['Land Rover'], 'modelo': ['Velar']}"
Leapmotor,A10,A10,https://www.carrosnaweb.com.br/catalogomodelo.asp?fabricante=Leapmotor&modelo=A10,catalogomodelo.asp?fabricante=Leapmotor&modelo=A10,A10,"{'fabricante': ['Leapmotor'], 'modelo': ['A10']}"
Leapmotor,B10,B10,https://www.carrosnaweb.com.br/catalogomodelo.asp?fabricante=Leapmotor&modelo=B10,catalogomodelo.asp?fabricante=Leapmotor&modelo=B10,B10,"{'fabricante': ['Leapmotor'], 'modelo': ['B10']}"
Leapmotor,C10,C10,https://www.carrosnaweb.com.br/catalogomodelo.asp?fabricante=Leapmotor&modelo=C10,catalogomodelo.asp?fabricante=Leapmotor&modelo=C10,C10,"{'fabricante': ['Leapmotor'], 'modelo': ['C10']}"
Leapmotor,C16,C16,https://www.carrosnaweb.com.br/catalogomodelo.asp?fabricante=Leapmotor&modelo=C16,catalogomodelo.asp?fabricante=Leapmotor&modelo=C16,C16,"{'fabricante': ['Leapmotor'], 'modelo': ['C16']}"
Lepas,L4,L4,https://www.carrosnaweb.com.br/catalogomodelo.asp?fabricante=Lepas&modelo=L4,catalogomodelo.asp?fabricante=Lepas&modelo=L4,L4,"{'fabricante': ['Lepas'], 'modelo': ['L4']}"
Lepas,L6,L6,https://www.carrosnaweb.com.br/catalogomodelo.asp?fabricante=Lepas&modelo=L6,catalogomodelo.asp?fabricante=Lepas&modelo=L6,L6,"{'fabricante': ['Lepas'], 'modelo': ['L6']}"
Lexus,CT200h,CT200h,https://www.carrosnaweb.com.br/catalogomodelo.asp?fabricante=Lexus&modelo=CT200h,catalogomodelo.asp?fabricante=Lexus&modelo=CT200h,CT200h,"{'fabricante': ['Lexus'], 'modelo': ['CT200h']}"
Lexus,ES300,ES300,https://www.carrosnaweb.com.br/catalogomodelo.asp?fabricante=Lexus&modelo=ES300,catalogomodelo.asp?fabricante=Lexus&modelo=ES300,ES300,"{'fabricante': ['Lexus'], 'modelo': ['ES300']}"
Lexus,ES300h,ES300h,https://www.carrosnaweb.com.br/catalogomodelo.asp?fabricante=Lexus&modelo=ES300h,catalogomodelo.asp?fabricante=Lexus&modelo=ES300h,ES300h,"{'fabricante': ['Lexus'], 'modelo': ['ES300h']}"
Lexus,ES330,ES330,https://www.carrosnaweb.com.br/catalogomodelo.asp?fabricante=Lexus&modelo=ES330,catalogomodelo.asp?fabricante=Lexus&modelo=ES330,ES330,"{'fabricante': ['Lexus'], 'modelo': ['ES330']}"
Lexus,ES350,ES350,https://www.carrosnaweb.com.br/catalogomodelo.asp?fabricante=Lexus&modelo=ES350,catalogomodelo.asp?fabricante=Lexus&modelo=ES350,ES350,"{'fabricante': ['Lexus'], 'modelo': ['ES350']}"
Lexus,GS300,GS300,https://www.carrosnaweb.com.br/catalogomodelo.asp?fabricante=Lexus&modelo=GS300,catalogomodelo.asp?fabricante=Lexus&modelo=GS300,GS300,"{'fabricante': ['Lexus'], 'modelo': ['GS300']}"
Lexus,IS250,IS250,https://www.carrosnaweb.com.br/catalogomodelo.asp?fabricante=Lexus&modelo=IS250,catalogomodelo.asp?fabricante=Lexus&modelo=IS250,IS250,"{'fabricante': ['Lexus'], 'modelo': ['IS250']}"
Lexus,IS300,IS300,https://www.carrosnaweb.com.br/catalogomodelo.asp?fabricante=Lexus&modelo=IS300,catalogomodelo.asp?fabricante=Lexus&modelo=IS300,IS300,"{'fabricante': ['Lexus'], 'modelo': ['IS300']}"
Lexus,LFA,LFA,https://www.carrosnaweb.com.br/catalogomodelo.asp?fabricante=Lexus&modelo=LFA,catalogomodelo.asp?fabricante=Lexus&modelo=LFA,LFA,"{'fabricante': ['Lexus'], 'modelo': ['LFA']}"
Lexus,LS400,LS400,https://www.carrosnaweb.com.br/catalogomodelo.asp?fabricante=Lexus&modelo=LS400,catalogomodelo.asp?fabricante=Lexus&modelo=LS400,LS400,"{'fabricante': ['Lexus'], 'modelo': ['LS400']}"
Lexus,LS430,LS430,https://www.carrosnaweb.com.br/catalogomodelo.asp?fabricante=Lexus&modelo=LS430,catalogomodelo.asp?fabricante=Lexus&modelo=LS430,LS430,"{'fabricante': ['Lexus'], 'modelo': ['LS430']}"
Lexus,LS460,LS460,https://www.carrosnaweb.com.br/catalogomodelo.asp?fabricante=Lexus&modelo=LS460,catalogomodelo.asp?fabricante=Lexus&modelo=LS460,LS460,"{'fabricante': ['Lexus'], 'modelo': ['LS460']}"
Lexus,LS500h,LS500h,https://www.carrosnaweb.com.br/catalogomodelo.asp?fabricante=Lexus&modelo=LS500h,catalogomodelo.asp?fabricante=Lexus&modelo=LS500h,LS500h,"{'fabricante': ['Lexus'], 'modelo': ['LS500h']}"
Lexus,NX200t,NX200t,https://www.carrosnaweb.com.br/catalogomodelo.asp?fabricante=Lexus&modelo=NX200t,catalogomodelo.asp?fabricante=Lexus&modelo=NX200t,NX200t,"{'fabricante': ['Lexus'], 'modelo': ['NX200t']}"
Lexus,NX300,NX300,https://www.carrosnaweb.com.br/catalogomodelo.asp?fabricante=Lexus&modelo=NX300,catalogomodelo.asp?fabricante=Lexus&modelo=NX300,NX300,"{'fabricante': ['Lexus'], 'modelo': ['NX300']}"
Lexus,NX300h,NX300h,https://www.carrosnaweb.com.br/catalogomodelo.asp?fabricante=Lexus&modelo=NX300h,catalogomodelo.asp?fabricante=Lexus&modelo=NX300h,NX300h,"{'fabricante': ['Lexus'], 'modelo': ['NX300h']}"
Lexus,NX350h,NX350h,https://www.carrosnaweb.com.br/catalogomodelo.asp?fabricante=Lexus&modelo=NX350h,catalogomodelo.asp?fabricante=Lexus&modelo=NX350h,NX350h,"{'fabricante': ['Lexus'], 'modelo': ['NX350h']}"
Lexus,NX450h,NX450h,https://www.carrosnaweb.com.br/catalogomodelo.asp?fabricante=Lexus&modelo=NX450h,catalogomodelo.asp?fabricante=Lexus&modelo=NX450h,NX450h,"{'fabricante': ['Lexus'], 'modelo': ['NX450h']}"
Lexus,RX300,RX300,https://www.carrosnaweb.com.br/catalogomodelo.asp?fabricante=Lexus&modelo=RX300,catalogomodelo.asp?fabricante=Lexus&modelo=RX300,RX300,"{'fabricante': ['Lexus'], 'modelo': ['RX300']}"
Lexus,RX350,RX350,https://www.carrosnaweb.com.br/catalogomodelo.asp?fabricante=Lexus&modelo=RX350,catalogomodelo.asp?fabricante=Lexus&modelo=RX350,RX350,"{'fabricante': ['Lexus'], 'modelo': ['RX350']}"
Lexus,RX450h,RX450h,https://www.carrosnaweb.com.br/catalogomodelo.asp?fabricante=Lexus&modelo=RX450h,catalogomodelo.asp?fabricante=Lexus&modelo=RX450h,RX450h,"{'fabricante': ['Lexus'], 'modelo': ['RX450h']}"
Lexus,RX500h,RX500h,https://www.carrosnaweb.com.br/catalogomodelo.asp?fabricante=Lexus&modelo=RX500h,catalogomodelo.asp?fabricante=Lexus&modelo=RX500h,RX500h,"{'fabricante': ['Lexus'], 'modelo': ['RX500h']}"
Lexus,RZ500e,RZ500e,https://www.carrosnaweb.com.br/catalogomodelo.asp?fabricante=Lexus&modelo=RZ500e,catalogomodelo.asp?fabricante=Lexus&modelo=RZ500e,RZ500e,"{'fabricante': ['Lexus'], 'modelo': ['RZ500e']}"
Lexus,SC400,SC400,https://www.carrosnaweb.com.br/catalogomodelo.asp?fabricante=Lexus&modelo=SC400,catalogomodelo.asp?fabricante=Lexus&modelo=SC400,SC400,"{'fabricante': ['Lexus'], 'modelo': ['SC400']}"
Lexus,UX250h,UX250h,https://www.carrosnaweb.com.br/catalogomodelo.asp?fabricante=Lexus&modelo=UX250h,catalogomodelo.asp?fabricante=Lexus&modelo=UX250h,UX250h,"{'fabricante': ['Lexus'], 'modelo': ['UX250h']}"
Lexus,UX300h,UX300h,https://www.carrosnaweb.com.br/catalogomodelo.asp?fabricante=Lexus&modelo=UX300h,catalogomodelo.asp?fabricante=Lexus&modelo=UX300h,UX300h,"{'fabricante': ['Lexus'], 'modelo': ['UX300h']}"
Lifan,320,320,https://www.carrosnaweb.com.br/catalogomodelo.asp?fabricante=Lifan&modelo=320,catalogomodelo.asp?fabricante=Lifan&modelo=320,320,"{'fabricante': ['Lifan'], 'modelo': ['320']}"
Lifan,530,530,https://www.carrosnaweb.com.br/catalogomodelo.asp?fabricante=Lifan&modelo=530,catalogomodelo.asp?fabricante=Lifan&modelo=530,530,"{'fabricante': ['Lifan'], 'modelo': ['530']}"
Lifan,620,620,https://www.carrosnaweb.com.br/catalogomodelo.asp?fabricante=Lifan&modelo=620,catalogomodelo.asp?fabricante=Lifan&modelo=620,620,"{'fabricante': ['Lifan'], 'modelo': ['620']}"
Lifan,Foison,Foison,https://www.carrosnaweb.com.br/catalogomodelo.asp?fabricante=Lifan&modelo=Foison,catalogomodelo.asp?fabricante=Lifan&modelo=Foison,Foison,"{'fabricante': ['Lifan'], 'modelo': ['Foison']}"
Lifan,X60,X60,https://www.carrosnaweb.com.br/catalogomodelo.asp?fabricante=Lifan&modelo=X60,catalogomodelo.asp?fabricante=Lifan&modelo=X60,X60,"{'fabricante': ['Lifan'], 'modelo': ['X60']}"
Lifan,X80,X80,https://www.carrosnaweb.com.br/catalogomodelo.asp?fabricante=Lifan&modelo=X80,catalogomodelo.asp?fabricante=Lifan&modelo=X80,X80,"{'fabricante': ['Lifan'], 'modelo': ['X80']}"
Lincoln,Town Car,Town Car,https://www.carrosnaweb.com.br/catalogomodelo.asp?fabricante=Lincoln&modelo=Town Car,catalogomodelo.asp?fabricante=Lincoln&modelo=Town Car,Town Car,"{'fabricante': ['Lincoln'], 'modelo': ['Town Car']}"
Lobini,H1,H1,https://www.carrosnaweb.com.br/catalogomodelo.asp?fabricante=Lobini&modelo=H1,catalogomodelo.asp?fabricante=Lobini&modelo=H1,H1,"{'fabricante': ['Lobini'], 'modelo': ['H1']}"
Lotus,Elan,Elan,https://www.carrosnaweb.com.br/catalogomodelo.asp?fabricante=Lotus&modelo=Elan,catalogomodelo.asp?fabricante=Lotus&modelo=Elan,Elan,"{'fabricante': ['Lotus'], 'modelo': ['Elan']}"
Lotus,Elise,Elise,https://www.carrosnaweb.com.br/catalogomodelo.asp?fabricante=Lotus&modelo=Elise,catalogomodelo.asp?fabricante=Lotus&modelo=Elise,Elise,"{'fabricante': ['Lotus'], 'modelo': ['Elise']}"
Lotus,Emira,Emira,https://www.carrosnaweb.com.br/catalogomodelo.asp?fabricante=Lotus&modelo=Emira,catalogomodelo.asp?fabricante=Lotus&modelo=Emira,Emira,"{'fabricante': ['Lotus'], 'modelo': ['Emira']}"
Lotus,Esprit,Esprit,https://www.carrosnaweb.com.br/catalogomodelo.asp?fabricante=Lotus&modelo=Esprit,catalogomodelo.asp?fabricante=Lotus&modelo=Esprit,Esprit,"{'fabricante': ['Lotus'], 'modelo': ['Esprit']}"
Lotus,Evija,Evija,https://www.carrosnaweb.com.br/catalogomodelo.asp?fabricante=Lotus&modelo=Evija,catalogomodelo.asp?fabricante=Lotus&modelo=Evija,Evija,"{'fabricante': ['Lotus'], 'modelo': ['Evija']}"
Lotus,Evora,Evora,https://www.carrosnaweb.com.br/catalogomodelo.asp?fabricante=Lotus&modelo=Evora,catalogomodelo.asp?fabricante=Lotus&modelo=Evora,Evora,"{'fabricante': ['Lotus'], 'modelo': ['Evora']}"
Lotus,Exige,Exige,https://www.carrosnaweb.com.br/catalogomodelo.asp?fabricante=Lotus&modelo=Exige,catalogomodelo.asp?fabricante=Lotus&modelo=Exige,Exige,"{'fabricante': ['Lotus'], 'modelo': ['Exige']}"
Lynk Co,02,02,https://www.carrosnaweb.com.br/catalogomodelo.asp?fabricante=Lynk Co&modelo=02,catalogomodelo.asp?fabricante=Lynk Co&modelo=02,02,"{'fabricante': ['Lynk Co'], 'modelo': ['02']}"
Lynk Co,08,08,https://www.carrosnaweb.com.br/catalogomodelo.asp?fabricante=Lynk Co&modelo=08,catalogomodelo.asp?fabricante=Lynk Co&modelo=08,08,"{'fabricante': ['Lynk Co'], 'modelo': ['08']}"
MG,550,550,https://www.carrosnaweb.com.br/catalogomodelo.asp?fabricante=MG&modelo=550,catalogomodelo.asp?fabricante=MG&modelo=550,550,"{'fabricante': ['MG'], 'modelo': ['550']}"
MG,6,6,https://www.carrosnaweb.com.br/catalogomodelo.asp?fabricante=MG&modelo=6,catalogomodelo.asp?fabricante=MG&modelo=6,6,"{'fabricante': ['MG'], 'modelo': ['6']}"
MG,Cyberster,Cyberster,https://www.carrosnaweb.com.br/catalogomodelo.asp?fabricante=MG&modelo=Cyberster,catalogomodelo.asp?fabricante=MG&modelo=Cyberster,Cyberster,"{'fabricante': ['MG'], 'modelo': ['Cyberster']}"
MG,MG4,MG4,https://www.carrosnaweb.com.br/catalogomodelo.asp?fabricante=MG&modelo=MG4,catalogomodelo.asp?fabricante=MG&modelo=MG4,MG4,"{'fabricante': ['MG'], 'modelo': ['MG4']}"
MG,MG4 Urban,MG4 Urban,https://www.carrosnaweb.com.br/catalogomodelo.asp?fabricante=MG&modelo=MG4 Urban,catalogomodelo.asp?fabricante=MG&modelo=MG4 Urban,MG4 Urban,"{'fabricante': ['MG'], 'modelo': ['MG4 Urban']}"
MG,MGS5,MGS5,https://www.carrosnaweb.com.br/catalogomodelo.asp?fabricante=MG&modelo=MGS5,catalogomodelo.asp?fabricante=MG&modelo=MGS5,MGS5,"{'fabricante': ['MG'], 'modelo': ['MGS5']}"
Mahindra,Scorpio Picape,Scorpio Picape,https://www.carrosnaweb.com.br/catalogomodelo.asp?fabricante=Mahindra&modelo=Scorpio Picape,catalogomodelo.asp?fabricante=Mahindra&modelo=Scorpio Picape,Scorpio Picape,"{'fabricante': ['Mahindra'], 'modelo': ['Scorpio Picape']}"
Mahindra,Scorpio SUV,Scorpio SUV,https://www.carrosnaweb.com.br/catalogomodelo.asp?fabricante=Mahindra&modelo=Scorpio SUV,catalogomodelo.asp?fabricante=Mahindra&modelo=Scorpio SUV,Scorpio SUV,"{'fabricante': ['Mahindra'], 'modelo': ['Scorpio SUV']}"
Maserati,3200 GT,3200 GT,https://www.carrosnaweb.com.br/catalogomodelo.asp?fabricante=Maserati&modelo=3200 GT,catalogomodelo.asp?fabricante=Maserati&modelo=3200 GT,3200 GT,"{'fabricante': ['Maserati'], 'modelo': ['3200 GT']}"
Maserati,Coupe,Coupe,https://www.carrosnaweb.com.br/catalogomodelo.asp?fabricante=Maserati&modelo=Coupe,catalogomodelo.asp?fabricante=Maserati&modelo=Coupe,Coupe,"{'fabricante': ['Maserati'], 'modelo': ['Coupe']}"
Maserati,Ghibli,Ghibli,https://www.carrosnaweb.com.br/catalogomodelo.asp?fabricante=Maserati&modelo=Ghibli,catalogomodelo.asp?fabricante=Maserati&modelo=Ghibli,Ghibli,"{'fabricante': ['Maserati'], 'modelo': ['Ghibli']}"
Maserati,GranCabrio,GranCabrio,https://www.carrosnaweb.com.br/catalogomodelo.asp?fabricante=Maserati&modelo=GranCabrio,catalogomodelo.asp?fabricante=Maserati&modelo=GranCabrio,GranCabrio,"{'fabricante': ['Maserati'], 'modelo': ['GranCabrio']}"
Maserati,GranTurismo,GranTurismo,https://www.carrosnaweb.com.br/catalogomodelo.asp?fabricante=Maserati&modelo=GranTurismo,catalogomodelo.asp?fabricante=Maserati&modelo=GranTurismo,GranTurismo,"{'fabricante': ['Maserati'], 'modelo': ['GranTurismo']}"
Maserati,Levante,Levante,https://www.carrosnaweb.com.br/catalogomodelo.asp?fabricante=Maserati&modelo=Levante,catalogomodelo.asp?fabricante=Maserati&modelo=Levante,Levante,"{'fabricante': ['Maserati'], 'modelo': ['Levante']}"
Maserati,MC12,MC12,https://www.carrosnaweb.com.br/catalogomodelo.asp?fabricante=Maserati&modelo=MC12,catalogomodelo.asp?fabricante=Maserati&modelo=MC12,MC12,"{'fabricante': ['Maserati'], 'modelo': ['MC12']}"
Maserati,MC20,MC20,https://www.carrosnaweb.com.br/catalogomodelo.asp?fabricante=Maserati&modelo=MC20,catalogomodelo.asp?fabricante=Maserati&modelo=MC20,MC20,"{'fabricante': ['Maserati'], 'modelo': ['MC20']}"
Maserati,Quattroporte,Quattroporte,https://www.carrosnaweb.com.br/catalogomodelo.asp?fabricante=Maserati&modelo=Quattroporte,catalogomodelo.asp?fabricante=Maserati&modelo=Quattroporte,Quattroporte,"{'fabricante': ['Maserati'], 'modelo': ['Quattroporte']}"
Maserati,Spyder,Spyder,https://www.carrosnaweb.com.br/catalogomodelo.asp?fabricante=Maserati&modelo=Spyder,catalogomodelo.asp?fabricante=Maserati&modelo=Spyder,Spyder,"{'fabricante': ['Maserati'], 'modelo': ['Spyder']}"
Mazda,626,626,https://www.carrosnaweb.com.br/catalogomodelo.asp?fabricante=Mazda&modelo=626,catalogomodelo.asp?fabricante=Mazda&modelo=626,626,"{'fabricante': ['Mazda'], 'modelo': ['626']}"
Mazda,929,929,https://www.carrosnaweb.com.br/catalogomodelo.asp?fabricante=Mazda&modelo=929,catalogomodelo.asp?fabricante=Mazda&modelo=929,929,"{'fabricante': ['Mazda'], 'modelo': ['929']}"
Mazda,B-2200,B-2200,https://www.carrosnaweb.com.br/catalogomodelo.asp?fabricante=Mazda&modelo=B-2200,catalogomodelo.asp?fabricante=Mazda&modelo=B-2200,B-2200,"{'fabricante': ['Mazda'], 'modelo': ['B-2200']}"
Mazda,B-2500,B-2500,https://www.carrosnaweb.com.br/catalogomodelo.asp?fabricante=Mazda&modelo=B-2500,catalogomodelo.asp?fabricante=Mazda&modelo=B-2500,B-2500,"{'fabricante': ['Mazda'], 'modelo': ['B-2500']}"
Mazda,MPV,MPV,https://www.carrosnaweb.com.br/catalogomodelo.asp?fabricante=Mazda&modelo=MPV,catalogomodelo.asp?fabricante=Mazda&modelo=MPV,MPV,"{'fabricante': ['Mazda'], 'modelo': ['MPV']}"
Mazda,MX-3,MX-3,https://www.carrosnaweb.com.br/catalogomodelo.asp?fabricante=Mazda&modelo=MX-3,catalogomodelo.asp?fabricante=Mazda&modelo=MX-3,MX-3,"{'fabricante': ['Mazda'], 'modelo': ['MX-3']}"
Mazda,MX-5,MX-5,https://www.carrosnaweb.com.br/catalogomodelo.asp?fabricante=Mazda&modelo=MX-5,catalogomodelo.asp?fabricante=Mazda&modelo=MX-5,MX-5,"{'fabricante': ['Mazda'], 'modelo': ['MX-5']}"
Mazda,Protegé,Protegé,https://www.carrosnaweb.com.br/catalogomodelo.asp?fabricante=Mazda&modelo=Protegé,catalogomodelo.asp?fabricante=Mazda&modelo=Protegé,Protegé,"{'fabricante': ['Mazda'], 'modelo': ['Protegé']}"
Mazda,RX-7,RX-7,https://www.carrosnaweb.com.br/catalogomodelo.asp?fabricante=Mazda&modelo=RX-7,catalogomodelo.asp?fabricante=Mazda&modelo=RX-7,RX-7,"{'fabricante': ['Mazda'], 'modelo': ['RX-7']}"
McLaren,12C,12C,https://www.carrosnaweb.com.br/catalogomodelo.asp?fabricante=McLaren&modelo=12C,catalogomodelo.asp?fabricante=McLaren&modelo=12C,12C,"{'fabricante': ['McLaren'], 'modelo': ['12C']}"
McLaren,540C,540C,https://www.carrosnaweb.com.br/catalogomodelo.asp?fabricante=McLaren&modelo=540C,catalogomodelo.asp?fabricante=McLaren&modelo=540C,540C,"{'fabricante': ['McLaren'], 'modelo': ['540C']}"
McLaren,570S,570S,https://www.carrosnaweb.com.br/catalogomodelo.asp?fabricante=McLaren&modelo=570S,catalogomodelo.asp?fabricante=McLaren&modelo=570S,570S,"{'fabricante': ['McLaren'], 'modelo': ['570S']}"
McLaren,600LT,600LT,https://www.carrosnaweb.com.br/catalogomodelo.asp?fabricante=McLaren&modelo=600LT,catalogomodelo.asp?fabricante=McLaren&modelo=600LT,600LT,"{'fabricante': ['McLaren'], 'modelo': ['600LT']}"
McLaren,650S,650S,https://www.carrosnaweb.com.br/catalogomodelo.asp?fabricante=McLaren&modelo=650S,catalogomodelo.asp?fabricante=McLaren&modelo=650S,650S,"{'fabricante': ['McLaren'], 'modelo': ['650S']}"
McLaren,720S,720S,https://www.carrosnaweb.com.br/catalogomodelo.asp?fabricante=McLaren&modelo=720S,catalogomodelo.asp?fabricante=McLaren&modelo=720S,720S,"{'fabricante': ['McLaren'], 'modelo': ['720S']}"
McLaren,750S,750S,https://www.carrosnaweb.com.br/catalogomodelo.asp?fabricante=McLaren&modelo=750S,catalogomodelo.asp?fabricante=McLaren&modelo=750S,750S,"{'fabricante': ['McLaren'], 'modelo': ['750S']}"
McLaren,765LT,765LT,https://www.carrosnaweb.com.br/catalogomodelo.asp?fabricante=McLaren&modelo=765LT,catalogomodelo.asp?fabricante=McLaren&modelo=765LT,765LT,"{'fabricante': ['McLaren'], 'modelo': ['765LT']}"
McLaren,Artura,Artura,https://www.carrosnaweb.com.br/catalogomodelo.asp?fabricante=McLaren&modelo=Artura,catalogomodelo.asp?fabricante=McLaren&modelo=Artura,Artura,"{'fabricante': ['McLaren'], 'modelo': ['Artura']}"
McLaren,F1,F1,https://www.carrosnaweb.com.br/catalogomodelo.asp?fabricante=McLaren&modelo=F1,catalogomodelo.asp?fabricante=McLaren&modelo=F1,F1,"{'fabricante': ['McLaren'], 'modelo': ['F1']}"
McLaren,GT,GT,https://www.carrosnaweb.com.br/catalogomodelo.asp?fabricante=McLaren&modelo=GT,catalogomodelo.asp?fabricante=McLaren&modelo=GT,GT,"{'fabricante': ['McLaren'], 'modelo': ['GT']}"
McLaren,GTS,GTS,https://www.carrosnaweb.com.br/catalogomodelo.asp?fabricante=McLaren&modelo=GTS,catalogomodelo.asp?fabricante=McLaren&modelo=GTS,GTS,"{'fabricante': ['McLaren'], 'modelo': ['GTS']}"
McLaren,P1,P1,https://www.carrosnaweb.com.br/catalogomodelo.asp?fabricante=McLaren&modelo=P1,catalogomodelo.asp?fabricante=McLaren&modelo=P1,P1,"{'fabricante': ['McLaren'], 'modelo': ['P1']}"
McLaren,Senna,Senna,https://www.carrosnaweb.com.br/catalogomodelo.asp?fabricante=McLaren&modelo=Senna,catalogomodelo.asp?fabricante=McLaren&modelo=Senna,Senna,"{'fabricante': ['McLaren'], 'modelo': ['Senna']}"
McLaren,W1,W1,https://www.carrosnaweb.com.br/catalogomodelo.asp?fabricante=McLaren&modelo=W1,catalogomodelo.asp?fabricante=McLaren&modelo=W1,W1,"{'fabricante': ['McLaren'], 'modelo': ['W1']}"
Mercedes-Benz,180D,180D,https://www.carrosnaweb.com.br/catalogomodelo.asp?fabricante=Mercedes-Benz&modelo=180D,catalogomodelo.asp?fabricante=Mercedes-Benz&modelo=180D,180D,"{'fabricante': ['Mercedes-Benz'], 'modelo': ['180D']}"
Mercedes-Benz,190,190,https://www.carrosnaweb.com.br/catalogomodelo.asp?fabricante=Mercedes-Benz&modelo=190,catalogomodelo.asp?fabricante=Mercedes-Benz&modelo=190,190,"{'fabricante': ['Mercedes-Benz'], 'modelo': ['190']}"
Mercedes-Benz,A200,A200,https://www.carrosnaweb.com.br/catalogomodelo.asp?fabricante=Mercedes-Benz&modelo=A200,catalogomodelo.asp?fabricante=Mercedes-Benz&modelo=A200,A200,"{'fabricante': ['Mercedes-Benz'], 'modelo': ['A200']}"
Mercedes-Benz,A200 Sedan,A200 Sedan,https://www.carrosnaweb.com.br/catalogomodelo.asp?fabricante=Mercedes-Benz&modelo=A200 Sedan,catalogomodelo.asp?fabricante=Mercedes-Benz&modelo=A200 Sedan,A200 Sedan,"{'fabricante': ['Mercedes-Benz'], 'modelo': ['A200 Sedan']}"
Mercedes-Benz,A250,A250,https://www.carrosnaweb.com.br/catalogomodelo.asp?fabricante=Mercedes-Benz&modelo=A250,catalogomodelo.asp?fabricante=Mercedes-Benz&modelo=A250,A250,"{'fabricante': ['Mercedes-Benz'], 'modelo': ['A250']}"
Mercedes-Benz,A35,A35,https://www.carrosnaweb.com.br/catalogomodelo.asp?fabricante=Mercedes-Benz&modelo=A35,catalogomodelo.asp?fabricante=Mercedes-Benz&modelo=A35,A35,"{'fabricante': ['Mercedes-Benz'], 'modelo': ['A35']}"
Mercedes-Benz,A35 Sedan,A35 Sedan,https://www.carrosnaweb.com.br/catalogomodelo.asp?fabricante=Mercedes-Benz&modelo=A35 Sedan,catalogomodelo.asp?fabricante=Mercedes-Benz&modelo=A35 Sedan,A35 Sedan,"{'fabricante': ['Mercedes-Benz'], 'modelo': ['A35 Sedan']}"
Mercedes-Benz,A45,A45,https://www.carrosnaweb.com.br/catalogomodelo.asp?fabricante=Mercedes-Benz&modelo=A45,catalogomodelo.asp?fabricante=Mercedes-Benz&modelo=A45,A45,"{'fabricante': ['Mercedes-Benz'], 'modelo': ['A45']}"
Mercedes-Benz,AMG One,AMG One,https://www.carrosnaweb.com.br/catalogomodelo.asp?fabricante=Mercedes-Benz&modelo=AMG One,catalogomodelo.asp?fabricante=Mercedes-Benz&modelo=AMG One,AMG One,"{'fabricante': ['Mercedes-Benz'], 'modelo': ['AMG One']}"
Mercedes-Benz,B170,B170,https://www.carrosnaweb.com.br/catalogomodelo.asp?fabricante=Mercedes-Benz&modelo=B170,catalogomodelo.asp?fabricante=Mercedes-Benz&modelo=B170,B170,"{'fabricante': ['Mercedes-Benz'], 'modelo': ['B170']}"
Mercedes-Benz,B180,B180,https://www.carrosnaweb.com.br/catalogomodelo.asp?fabricante=Mercedes-Benz&modelo=B180,catalogomodelo.asp?fabricante=Mercedes-Benz&modelo=B180,B180,"{'fabricante': ['Mercedes-Benz'], 'modelo': ['B180']}"
Mercedes-Benz,B200,B200,https://www.carrosnaweb.com.br/catalogomodelo.asp?fabricante=Mercedes-Benz&modelo=B200,catalogomodelo.asp?fabricante=Mercedes-Benz&modelo=B200,B200,"{'fabricante': ['Mercedes-Benz'], 'modelo': ['B200']}"
Mercedes-Benz,C180,C180,https://www.carrosnaweb.com.br/catalogomodelo.asp?fabricante=Mercedes-Benz&modelo=C180,catalogomodelo.asp?fabricante=Mercedes-Benz&modelo=C180,C180,"{'fabricante': ['Mercedes-Benz'], 'modelo': ['C180']}"
Mercedes-Benz,C180 Coupe,C180 Coupe,https://www.carrosnaweb.com.br/catalogomodelo.asp?fabricante=Mercedes-Benz&modelo=C180 Coupe,catalogomodelo.asp?fabricante=Mercedes-Benz&modelo=C180 Coupe,C180 Coupe,"{'fabricante': ['Mercedes-Benz'], 'modelo': ['C180 Coupe']}"
Mercedes-Benz,C180 Estate,C180 Estate,https://www.carrosnaweb.com.br/catalogomodelo.asp?fabricante=Mercedes-Benz&modelo=C180 Estate,catalogomodelo.asp?fabricante=Mercedes-Benz&modelo=C180 Estate,C180 Estate,"{'fabricante': ['Mercedes-Benz'], 'modelo': ['C180 Estate']}"
Mercedes-Benz,C180 Touring,C180 Touring,https://www.carrosnaweb.com.br/catalogomodelo.asp?fabricante=Mercedes-Benz&modelo=C180 Touring,catalogomodelo.asp?fabricante=Mercedes-Benz&modelo=C180 Touring,C180 Touring,"{'fabricante': ['Mercedes-Benz'], 'modelo': ['C180 Touring']}"
Mercedes-Benz,C200,C200,https://www.carrosnaweb.com.br/catalogomodelo.asp?fabricante=Mercedes-Benz&modelo=C200,catalogomodelo.asp?fabricante=Mercedes-Benz&modelo=C200,C200,"{'fabricante': ['Mercedes-Benz'], 'modelo': ['C200']}"
Mercedes-Benz,C200 SportCoupe,C200 SportCoupe,https://www.carrosnaweb.com.br/catalogomodelo.asp?fabricante=Mercedes-Benz&modelo=C200 SportCoupe,catalogomodelo.asp?fabricante=Mercedes-Benz&modelo=C200 SportCoupe,C200 SportCoupe,"{'fabricante': ['Mercedes-Benz'], 'modelo': ['C200 SportCoupe']}"
Mercedes-Benz,C200 Touring,C200 Touring,https://www.carrosnaweb.com.br/catalogomodelo.asp?fabricante=Mercedes-Benz&modelo=C200 Touring,catalogomodelo.asp?fabricante=Mercedes-Benz&modelo=C200 Touring,C200 Touring,"{'fabricante': ['Mercedes-Benz'], 'modelo': ['C200 Touring']}"
Mercedes-Benz,C220,C220,https://www.carrosnaweb.com.br/catalogomodelo.asp?fabricante=Mercedes-Benz&modelo=C220,catalogomodelo.asp?fabricante=Mercedes-Benz&modelo=C220,C220,"{'fabricante': ['Mercedes-Benz'], 'modelo': ['C220']}"
Mercedes-Benz,C230,C230,https://www.carrosnaweb.com.br/catalogomodelo.asp?fabricante=Mercedes-Benz&modelo=C230,catalogomodelo.asp?fabricante=Mercedes-Benz&modelo=C230,C230,"{'fabricante': ['Mercedes-Benz'], 'modelo': ['C230']}"
Mercedes-Benz,C230 SportCoupe,C230 SportCoupe,https://www.carrosnaweb.com.br/catalogomodelo.asp?fabricante=Mercedes-Benz&modelo=C230 SportCoupe,catalogomodelo.asp?fabricante=Mercedes-Benz&modelo=C230 SportCoupe,C230 SportCoupe,"{'fabricante': ['Mercedes-Benz'], 'modelo': ['C230 SportCoupe']}"
Mercedes-Benz,C230 Touring,C230 Touring,https://www.carrosnaweb.com.br/catalogomodelo.asp?fabricante=Mercedes-Benz&modelo=C230 Touring,catalogomodelo.asp?fabricante=Mercedes-Benz&modelo=C230 Touring,C230 Touring,"{'fabricante': ['Mercedes-Benz'], 'modelo': ['C230 Touring']}"
Mercedes-Benz,C240,C240,https://www.carrosnaweb.com.br/catalogomodelo.asp?fabricante=Mercedes-Benz&modelo=C240,catalogomodelo.asp?fabricante=Mercedes-Benz&modelo=C240,C240,"{'fabricante': ['Mercedes-Benz'], 'modelo': ['C240']}"
Mercedes-Benz,C250,C250,https://www.carrosnaweb.com.br/catalogomodelo.asp?fabricante=Mercedes-Benz&modelo=C250,catalogomodelo.asp?fabricante=Mercedes-Benz&modelo=C250,C250,"{'fabricante': ['Mercedes-Benz'], 'modelo': ['C250']}"
Mercedes-Benz,C250 Coupe,C250 Coupe,https://www.carrosnaweb.com.br/catalogomodelo.asp?fabricante=Mercedes-Benz&modelo=C250 Coupe,catalogomodelo.asp?fabricante=Mercedes-Benz&modelo=C250 Coupe,C250 Coupe,"{'fabricante': ['Mercedes-Benz'], 'modelo': ['C250 Coupe']}"
Mercedes-Benz,C280,C280,https://www.carrosnaweb.com.br/catalogomodelo.asp?fabricante=Mercedes-Benz&modelo=C280,catalogomodelo.asp?fabricante=Mercedes-Benz&modelo=C280,C280,"{'fabricante': ['Mercedes-Benz'], 'modelo': ['C280']}"
Mercedes-Benz,C280 Touring,C280 Touring,https://www.carrosnaweb.com.br/catalogomodelo.asp?fabricante=Mercedes-Benz&modelo=C280 Touring,catalogomodelo.asp?fabricante=Mercedes-Benz&modelo=C280 Touring,C280 Touring,"{'fabricante': ['Mercedes-Benz'], 'modelo': ['C280 Touring']}"
Mercedes-Benz,C300,C300,https://www.carrosnaweb.com.br/catalogomodelo.asp?fabricante=Mercedes-Benz&modelo=C300,catalogomodelo.asp?fabricante=Mercedes-Benz&modelo=C300,C300,"{'fabricante': ['Mercedes-Benz'], 'modelo': ['C300']}"
Mercedes-Benz,C300 Cabriolet,C300 Cabriolet,https://www.carrosnaweb.com.br/catalogomodelo.asp?fabricante=Mercedes-Benz&modelo=C300 Cabriolet,catalogomodelo.asp?fabricante=Mercedes-Benz&modelo=C300 Cabriolet,C300 Cabriolet,"{'fabricante': ['Mercedes-Benz'], 'modelo': ['C300 Cabriolet']}"
Mercedes-Benz,C300 Coupe,C300 Coupe,https://www.carrosnaweb.com.br/catalogomodelo.asp?fabricante=Mercedes-Benz&modelo=C300 Coupe,catalogomodelo.asp?fabricante=Mercedes-Benz&modelo=C300 Coupe,C300 Coupe,"{'fabricante': ['Mercedes-Benz'], 'modelo': ['C300 Coupe']}"
Mercedes-Benz,C300 Estate,C300 Estate,https://www.carrosnaweb.com.br/catalogomodelo.asp?fabricante=Mercedes-Benz&modelo=C300 Estate,catalogomodelo.asp?fabricante=Mercedes-Benz&modelo=C300 Estate,C300 Estate,"{'fabricante': ['Mercedes-Benz'], 'modelo': ['C300 Estate']}"
Mercedes-Benz,C320,C320,https://www.carrosnaweb.com.br/catalogomodelo.asp?fabricante=Mercedes-Benz&modelo=C320,catalogomodelo.asp?fabricante=Mercedes-Benz&modelo=C320,C320,"{'fabricante': ['Mercedes-Benz'], 'modelo': ['C320']}"
Mercedes-Benz,C320 Touring,C320 Touring,https://www.carrosnaweb.com.br/catalogomodelo.asp?fabricante=Mercedes-Benz&modelo=C320 Touring,catalogomodelo.asp?fabricante=Mercedes-Benz&modelo=C320 Touring,C320 Touring,"{'fabricante': ['Mercedes-Benz'], 'modelo': ['C320 Touring']}"
Mercedes-Benz,C350,C350,https://www.carrosnaweb.com.br/catalogomodelo.asp?fabricante=Mercedes-Benz&modelo=C350,catalogomodelo.asp?fabricante=Mercedes-Benz&modelo=C350,C350,"{'fabricante': ['Mercedes-Benz'], 'modelo': ['C350']}"
Mercedes-Benz,C350 SportCoupe,C350 SportCoupe,https://www.carrosnaweb.com.br/catalogomodelo.asp?fabricante=Mercedes-Benz&modelo=C350 SportCoupe,catalogomodelo.asp?fabricante=Mercedes-Benz&modelo=C350 SportCoupe,C350 SportCoupe,"{'fabricante': ['Mercedes-Benz'], 'modelo': ['C350 SportCoupe']}"
Mercedes-Benz,C350 Touring,C350 Touring,https://www.carrosnaweb.com.br/catalogomodelo.asp?fabricante=Mercedes-Benz&modelo=C350 Touring,catalogomodelo.asp?fabricante=Mercedes-Benz&modelo=C350 Touring,C350 Touring,"{'fabricante': ['Mercedes-Benz'], 'modelo': ['C350 Touring']}"
Mercedes-Benz,C36,C36,https://www.carrosnaweb.com.br/catalogomodelo.asp?fabricante=Mercedes-Benz&modelo=C36,catalogomodelo.asp?fabricante=Mercedes-Benz&modelo=C36,C36,"{'fabricante': ['Mercedes-Benz'], 'modelo': ['C36']}"
Mercedes-Benz,C43,C43,https://www.carrosnaweb.com.br/catalogomodelo.asp?fabricante=Mercedes-Benz&modelo=C43,catalogomodelo.asp?fabricante=Mercedes-Benz&modelo=C43,C43,"{'fabricante': ['Mercedes-Benz'], 'modelo': ['C43']}"
Mercedes-Benz,C43 Coupe,C43 Coupe,https://www.carrosnaweb.com.br/catalogomodelo.asp?fabricante=Mercedes-Benz&modelo=C43 Coupe,catalogomodelo.asp?fabricante=Mercedes-Benz&modelo=C43 Coupe,C43 Coupe,"{'fabricante': ['Mercedes-Benz'], 'modelo': ['C43 Coupe']}"
Mercedes-Benz,C450,C450,https://www.carrosnaweb.com.br/catalogomodelo.asp?fabricante=Mercedes-Benz&modelo=C450,catalogomodelo.asp?fabricante=Mercedes-Benz&modelo=C450,C450,"{'fabricante': ['Mercedes-Benz'], 'modelo': ['C450']}"
Mercedes-Benz,C55,C55,https://www.carrosnaweb.com.br/catalogomodelo.asp?fabricante=Mercedes-Benz&modelo=C55,catalogomodelo.asp?fabricante=Mercedes-Benz&modelo=C55,C55,"{'fabricante': ['Mercedes-Benz'], 'modelo': ['C55']}"
Mercedes-Benz,C55 Touring,C55 Touring,https://www.carrosnaweb.com.br/catalogomodelo.asp?fabricante=Mercedes-Benz&modelo=C55 Touring,catalogomodelo.asp?fabricante=Mercedes-Benz&modelo=C55 Touring,C55 Touring,"{'fabricante': ['Mercedes-Benz'], 'modelo': ['C55 Touring']}"
Mercedes-Benz,C63,C63,https://www.carrosnaweb.com.br/catalogomodelo.asp?fabricante=Mercedes-Benz&modelo=C63,catalogomodelo.asp?fabricante=Mercedes-Benz&modelo=C63,C63,"{'fabricante': ['Mercedes-Benz'], 'modelo': ['C63']}"
Mercedes-Benz,C63 Coupe,C63 Coupe,https://www.carrosnaweb.com.br/catalogomodelo.asp?fabricante=Mercedes-Benz&modelo=C63 Coupe,catalogomodelo.asp?fabricante=Mercedes-Benz&modelo=C63 Coupe,C63 Coupe,"{'fabricante': ['Mercedes-Benz'], 'modelo': ['C63 Coupe']}"
Mercedes-Benz,C63 Touring,C63 Touring,https://www.carrosnaweb.com.br/catalogomodelo.asp?fabricante=Mercedes-Benz&modelo=C63 Touring,catalogomodelo.asp?fabricante=Mercedes-Benz&modelo=C63 Touring,C63 Touring,"{'fabricante': ['Mercedes-Benz'], 'modelo': ['C63 Touring']}"
Mercedes-Benz,CL 500,CL 500,https://www.carrosnaweb.com.br/catalogomodelo.asp?fabricante=Mercedes-Benz&modelo=CL 500,catalogomodelo.asp?fabricante=Mercedes-Benz&modelo=CL 500,CL 500,"{'fabricante': ['Mercedes-Benz'], 'modelo': ['CL 500']}"
Mercedes-Benz,CL 600,CL 600,https://www.carrosnaweb.com.br/catalogomodelo.asp?fabricante=Mercedes-Benz&modelo=CL 600,catalogomodelo.asp?fabricante=Mercedes-Benz&modelo=CL 600,CL 600,"{'fabricante': ['Mercedes-Benz'], 'modelo': ['CL 600']}"
Mercedes-Benz,CL 63,CL 63,https://www.carrosnaweb.com.br/catalogomodelo.asp?fabricante=Mercedes-Benz&modelo=CL 63,catalogomodelo.asp?fabricante=Mercedes-Benz&modelo=CL 63,CL 63,"{'fabricante': ['Mercedes-Benz'], 'modelo': ['CL 63']}"
Mercedes-Benz,CL 65,CL 65,https://www.carrosnaweb.com.br/catalogomodelo.asp?fabricante=Mercedes-Benz&modelo=CL 65,catalogomodelo.asp?fabricante=Mercedes-Benz&modelo=CL 65,CL 65,"{'fabricante': ['Mercedes-Benz'], 'modelo': ['CL 65']}"
Mercedes-Benz,CLA 180,CLA 180,https://www.carrosnaweb.com.br/catalogomodelo.asp?fabricante=Mercedes-Benz&modelo=CLA 180,catalogomodelo.asp?fabricante=Mercedes-Benz&modelo=CLA 180,CLA 180,"{'fabricante': ['Mercedes-Benz'], 'modelo': ['CLA 180']}"
Mercedes-Benz,CLA 200,CLA 200,https://www.carrosnaweb.com.br/catalogomodelo.asp?fabricante=Mercedes-Benz&modelo=CLA 200,catalogomodelo.asp?fabricante=Mercedes-Benz&modelo=CLA 200,CLA 200,"{'fabricante': ['Mercedes-Benz'], 'modelo': ['CLA 200']}"
Mercedes-Benz,CLA 250,CLA 250,https://www.carrosnaweb.com.br/catalogomodelo.asp?fabricante=Mercedes-Benz&modelo=CLA 250,catalogomodelo.asp?fabricante=Mercedes-Benz&modelo=CLA 250,CLA 250,"{'fabricante': ['Mercedes-Benz'], 'modelo': ['CLA 250']}"
Mercedes-Benz,CLA 35,CLA 35,https://www.carrosnaweb.com.br/catalogomodelo.asp?fabricante=Mercedes-Benz&modelo=CLA 35,catalogomodelo.asp?fabricante=Mercedes-Benz&modelo=CLA 35,CLA 35,"{'fabricante': ['Mercedes-Benz'], 'modelo': ['CLA 35']}"
Mercedes-Benz,CLA 45,CLA 45,https://www.carrosnaweb.com.br/catalogomodelo.asp?fabricante=Mercedes-Benz&modelo=CLA 45,catalogomodelo.asp?fabricante=Mercedes-Benz&modelo=CLA 45,CLA 45,"{'fabricante': ['Mercedes-Benz'], 'modelo': ['CLA 45']}"
Mercedes-Benz,CLC,CLC,https://www.carrosnaweb.com.br/catalogomodelo.asp?fabricante=Mercedes-Benz&modelo=CLC,catalogomodelo.asp?fabricante=Mercedes-Benz&modelo=CLC,CLC,"{'fabricante': ['Mercedes-Benz'], 'modelo': ['CLC']}"
Mercedes-Benz,CLK,CLK,https://www.carrosnaweb.com.br/catalogomodelo.asp?fabricante=Mercedes-Benz&modelo=CLK,catalogomodelo.asp?fabricante=Mercedes-Benz&modelo=CLK,CLK,"{'fabricante': ['Mercedes-Benz'], 'modelo': ['CLK']}"
Mercedes-Benz,CLK Cabriolet,CLK Cabriolet,https://www.carrosnaweb.com.br/catalogomodelo.asp?fabricante=Mercedes-Benz&modelo=CLK Cabriolet,catalogomodelo.asp?fabricante=Mercedes-Benz&modelo=CLK Cabriolet,CLK Cabriolet,"{'fabricante': ['Mercedes-Benz'], 'modelo': ['CLK Cabriolet']}"
Mercedes-Benz,CLK GTR,CLK GTR,https://www.carrosnaweb.com.br/catalogomodelo.asp?fabricante=Mercedes-Benz&modelo=CLK GTR,catalogomodelo.asp?fabricante=Mercedes-Benz&modelo=CLK GTR,CLK GTR,"{'fabricante': ['Mercedes-Benz'], 'modelo': ['CLK GTR']}"
Mercedes-Benz,CLS,CLS,https://www.carrosnaweb.com.br/catalogomodelo.asp?fabricante=Mercedes-Benz&modelo=CLS,catalogomodelo.asp?fabricante=Mercedes-Benz&modelo=CLS,CLS,"{'fabricante': ['Mercedes-Benz'], 'modelo': ['CLS']}"
Mercedes-Benz,Classe A,Classe A,https://www.carrosnaweb.com.br/catalogomodelo.asp?fabricante=Mercedes-Benz&modelo=Classe A,catalogomodelo.asp?fabricante=Mercedes-Benz&modelo=Classe A,Classe A,"{'fabricante': ['Mercedes-Benz'], 'modelo': ['Classe A']}"
Mercedes-Benz,E200,E200,https://www.carrosnaweb.com.br/catalogomodelo.asp?fabricante=Mercedes-Benz&modelo=E200,catalogomodelo.asp?fabricante=Mercedes-Benz&modelo=E200,E200,"{'fabricante': ['Mercedes-Benz'], 'modelo': ['E200']}"
Mercedes-Benz,E220,E220,https://www.carrosnaweb.com.br/catalogomodelo.asp?fabricante=Mercedes-Benz&modelo=E220,catalogomodelo.asp?fabricante=Mercedes-Benz&modelo=E220,E220,"{'fabricante': ['Mercedes-Benz'], 'modelo': ['E220']}"
Mercedes-Benz,E240,E240,https://www.carrosnaweb.com.br/catalogomodelo.asp?fabricante=Mercedes-Benz&modelo=E240,catalogomodelo.asp?fabricante=Mercedes-Benz&modelo=E240,E240,"{'fabricante': ['Mercedes-Benz'], 'modelo': ['E240']}"
Mercedes-Benz,E250,E250,https://www.carrosnaweb.com.br/catalogomodelo.asp?fabricante=Mercedes-Benz&modelo=E250,catalogomodelo.asp?fabricante=Mercedes-Benz&modelo=E250,E250,"{'fabricante': ['Mercedes-Benz'], 'modelo': ['E250']}"
Mercedes-Benz,E250 Cabriolet,E250 Cabriolet,https://www.carrosnaweb.com.br/catalogomodelo.asp?fabricante=Mercedes-Benz&modelo=E250 Cabriolet,catalogomodelo.asp?fabricante=Mercedes-Benz&modelo=E250 Cabriolet,E250 Cabriolet,"{'fabricante': ['Mercedes-Benz'], 'modelo': ['E250 Cabriolet']}"
Mercedes-Benz,E250 Coupe,E250 Coupe,https://www.carrosnaweb.com.br/catalogomodelo.asp?fabricante=Mercedes-Benz&modelo=E250 Coupe,catalogomodelo.asp?fabricante=Mercedes-Benz&modelo=E250 Coupe,E250 Coupe,"{'fabricante': ['Mercedes-Benz'], 'modelo': ['E250 Coupe']}"
Mercedes-Benz,E280,E280,https://www.carrosnaweb.com.br/catalogomodelo.asp?fabricante=Mercedes-Benz&modelo=E280,catalogomodelo.asp?fabricante=Mercedes-Benz&modelo=E280,E280,"{'fabricante': ['Mercedes-Benz'], 'modelo': ['E280']}"
Mercedes-Benz,E280 Touring,E280 Touring,https://www.carrosnaweb.com.br/catalogomodelo.asp?fabricante=Mercedes-Benz&modelo=E280 Touring,catalogomodelo.asp?fabricante=Mercedes-Benz&modelo=E280 Touring,E280 Touring,"{'fabricante': ['Mercedes-Benz'], 'modelo': ['E280 Touring']}"
Mercedes-Benz,E300,E300,https://www.carrosnaweb.com.br/catalogomodelo.asp?fabricante=Mercedes-Benz&modelo=E300,catalogomodelo.asp?fabricante=Mercedes-Benz&modelo=E300,E300,"{'fabricante': ['Mercedes-Benz'], 'modelo': ['E300']}"
Mercedes-Benz,E300 Cabriolet,E300 Cabriolet,https://www.carrosnaweb.com.br/catalogomodelo.asp?fabricante=Mercedes-Benz&modelo=E300 Cabriolet,catalogomodelo.asp?fabricante=Mercedes-Benz&modelo=E300 Cabriolet,E300 Cabriolet,"{'fabricante': ['Mercedes-Benz'], 'modelo': ['E300 Cabriolet']}"
Mercedes-Benz,E300 Coupe,E300 Coupe,https://www.carrosnaweb.com.br/catalogomodelo.asp?fabricante=Mercedes-Benz&modelo=E300 Coupe,catalogomodelo.asp?fabricante=Mercedes-Benz&modelo=E300 Coupe,E300 Coupe,"{'fabricante': ['Mercedes-Benz'], 'modelo': ['E300 Coupe']}"
Mercedes-Benz,E320,E320,https://www.carrosnaweb.com.br/catalogomodelo.asp?fabricante=Mercedes-Benz&modelo=E320,catalogomodelo.asp?fabricante=Mercedes-Benz&modelo=E320,E320,"{'fabricante': ['Mercedes-Benz'], 'modelo': ['E320']}"
Mercedes-Benz,E320 Cabriolet,E320 Cabriolet,https://www.carrosnaweb.com.br/catalogomodelo.asp?fabricante=Mercedes-Benz&modelo=E320 Cabriolet,catalogomodelo.asp?fabricante=Mercedes-Benz&modelo=E320 Cabriolet,E320 Cabriolet,"{'fabricante': ['Mercedes-Benz'], 'modelo': ['E320 Cabriolet']}"
Mercedes-Benz,E320 Touring,E320 Touring,https://www.carrosnaweb.com.br/catalogomodelo.asp?fabricante=Mercedes-Benz&modelo=E320 Touring,catalogomodelo.asp?fabricante=Mercedes-Benz&modelo=E320 Touring,E320 Touring,"{'fabricante': ['Mercedes-Benz'], 'modelo': ['E320 Touring']}"
Mercedes-Benz,E350,E350,https://www.carrosnaweb.com.br/catalogomodelo.asp?fabricante=Mercedes-Benz&modelo=E350,catalogomodelo.asp?fabricante=Mercedes-Benz&modelo=E350,E350,"{'fabricante': ['Mercedes-Benz'], 'modelo': ['E350']}"
Mercedes-Benz,E350 Cabriolet,E350 Cabriolet,https://www.carrosnaweb.com.br/catalogomodelo.asp?fabricante=Mercedes-Benz&modelo=E350 Cabriolet,catalogomodelo.asp?fabricante=Mercedes-Benz&modelo=E350 Cabriolet,E350 Cabriolet,"{'fabricante': ['Mercedes-Benz'], 'modelo': ['E350 Cabriolet']}"
Mercedes-Benz,E350 Coupe,E350 Coupe,https://www.carrosnaweb.com.br/catalogomodelo.asp?fabricante=Mercedes-Benz&modelo=E350 Coupe,catalogomodelo.asp?fabricante=Mercedes-Benz&modelo=E350 Coupe,E350 Coupe,"{'fabricante': ['Mercedes-Benz'], 'modelo': ['E350 Coupe']}"
Mercedes-Benz,E350 Touring,E350 Touring,https://www.carrosnaweb.com.br/catalogomodelo.asp?fabricante=Mercedes-Benz&modelo=E350 Touring,catalogomodelo.asp?fabricante=Mercedes-Benz&modelo=E350 Touring,E350 Touring,"{'fabricante': ['Mercedes-Benz'], 'modelo': ['E350 Touring']}"
Mercedes-Benz,E400,E400,https://www.carrosnaweb.com.br/catalogomodelo.asp?fabricante=Mercedes-Benz&modelo=E400,catalogomodelo.asp?fabricante=Mercedes-Benz&modelo=E400,E400,"{'fabricante': ['Mercedes-Benz'], 'modelo': ['E400']}"
Mercedes-Benz,E400 Cabriolet,E400 Cabriolet,https://www.carrosnaweb.com.br/catalogomodelo.asp?fabricante=Mercedes-Benz&modelo=E400 Cabriolet,catalogomodelo.asp?fabricante=Mercedes-Benz&modelo=E400 Cabriolet,E400 Cabriolet,"{'fabricante': ['Mercedes-Benz'], 'modelo': ['E400 Cabriolet']}"
Mercedes-Benz,E420,E420,https://www.carrosnaweb.com.br/catalogomodelo.asp?fabricante=Mercedes-Benz&modelo=E420,catalogomodelo.asp?fabricante=Mercedes-Benz&modelo=E420,E420,"{'fabricante': ['Mercedes-Benz'], 'modelo': ['E420']}"
Mercedes-Benz,E420 Touring,E420 Touring,https://www.carrosnaweb.com.br/catalogomodelo.asp?fabricante=Mercedes-Benz&modelo=E420 Touring,catalogomodelo.asp?fabricante=Mercedes-Benz&modelo=E420 Touring,E420 Touring,"{'fabricante': ['Mercedes-Benz'], 'modelo': ['E420 Touring']}"
Mercedes-Benz,E43,E43,https://www.carrosnaweb.com.br/catalogomodelo.asp?fabricante=Mercedes-Benz&modelo=E43,catalogomodelo.asp?fabricante=Mercedes-Benz&modelo=E43,E43,"{'fabricante': ['Mercedes-Benz'], 'modelo': ['E43']}"
Mercedes-Benz,E430,E430,https://www.carrosnaweb.com.br/catalogomodelo.asp?fabricante=Mercedes-Benz&modelo=E430,catalogomodelo.asp?fabricante=Mercedes-Benz&modelo=E430,E430,"{'fabricante': ['Mercedes-Benz'], 'modelo': ['E430']}"
Mercedes-Benz,E430 Touring,E430 Touring,https://www.carrosnaweb.com.br/catalogomodelo.asp?fabricante=Mercedes-Benz&modelo=E430 Touring,catalogomodelo.asp?fabricante=Mercedes-Benz&modelo=E430 Touring,E430 Touring,"{'fabricante': ['Mercedes-Benz'], 'modelo': ['E430 Touring']}"
Mercedes-Benz,E500,E500,https://www.carrosnaweb.com.br/catalogomodelo.asp?fabricante=Mercedes-Benz&modelo=E500,catalogomodelo.asp?fabricante=Mercedes-Benz&modelo=E500,E500,"{'fabricante': ['Mercedes-Benz'], 'modelo': ['E500']}"
Mercedes-Benz,E500 Coupe,E500 Coupe,https://www.carrosnaweb.com.br/catalogomodelo.asp?fabricante=Mercedes-Benz&modelo=E500 Coupe,catalogomodelo.asp?fabricante=Mercedes-Benz&modelo=E500 Coupe,E500 Coupe,"{'fabricante': ['Mercedes-Benz'], 'modelo': ['E500 Coupe']}"
Mercedes-Benz,E500 Touring,E500 Touring,https://www.carrosnaweb.com.br/catalogomodelo.asp?fabricante=Mercedes-Benz&modelo=E500 Touring,catalogomodelo.asp?fabricante=Mercedes-Benz&modelo=E500 Touring,E500 Touring,"{'fabricante': ['Mercedes-Benz'], 'modelo': ['E500 Touring']}"
Mercedes-Benz,E53,E53,https://www.carrosnaweb.com.br/catalogomodelo.asp?fabricante=Mercedes-Benz&modelo=E53,catalogomodelo.asp?fabricante=Mercedes-Benz&modelo=E53,E53,"{'fabricante': ['Mercedes-Benz'], 'modelo': ['E53']}"
Mercedes-Benz,E55,E55,https://www.carrosnaweb.com.br/catalogomodelo.asp?fabricante=Mercedes-Benz&modelo=E55,catalogomodelo.asp?fabricante=Mercedes-Benz&modelo=E55,E55,"{'fabricante': ['Mercedes-Benz'], 'modelo': ['E55']}"
Mercedes-Benz,E55 Touring,E55 Touring,https://www.carrosnaweb.com.br/catalogomodelo.asp?fabricante=Mercedes-Benz&modelo=E55 Touring,catalogomodelo.asp?fabricante=Mercedes-Benz&modelo=E55 Touring,E55 Touring,"{'fabricante': ['Mercedes-Benz'], 'modelo': ['E55 Touring']}"
Mercedes-Benz,E63,E63,https://www.carrosnaweb.com.br/catalogomodelo.asp?fabricante=Mercedes-Benz&modelo=E63,catalogomodelo.asp?fabricante=Mercedes-Benz&modelo=E63,E63,"{'fabricante': ['Mercedes-Benz'], 'modelo': ['E63']}"
Mercedes-Benz,E63 Touring,E63 Touring,https://www.carrosnaweb.com.br/catalogomodelo.asp?fabricante=Mercedes-Benz&modelo=E63 Touring,catalogomodelo.asp?fabricante=Mercedes-Benz&modelo=E63 Touring,E63 Touring,"{'fabricante': ['Mercedes-Benz'], 'modelo': ['E63 Touring']}"
Mercedes-Benz,EQA,EQA,https://www.carrosnaweb.com.br/catalogomodelo.asp?fabricante=Mercedes-Benz&modelo=EQA,catalogomodelo.asp?fabricante=Mercedes-Benz&modelo=EQA,EQA,"{'fabricante': ['Mercedes-Benz'], 'modelo': ['EQA']}"
Mercedes-Benz,EQB,EQB,https://www.carrosnaweb.com.br/catalogomodelo.asp?fabricante=Mercedes-Benz&modelo=EQB,catalogomodelo.asp?fabricante=Mercedes-Benz&modelo=EQB,EQB,"{'fabricante': ['Mercedes-Benz'], 'modelo': ['EQB']}"
Mercedes-Benz,EQC,EQC,https://www.carrosnaweb.com.br/catalogomodelo.asp?fabricante=Mercedes-Benz&modelo=EQC,catalogomodelo.asp?fabricante=Mercedes-Benz&modelo=EQC,EQC,"{'fabricante': ['Mercedes-Benz'], 'modelo': ['EQC']}"
Mercedes-Benz,EQE,EQE,https://www.carrosnaweb.com.br/catalogomodelo.asp?fabricante=Mercedes-Benz&modelo=EQE,catalogomodelo.asp?fabricante=Mercedes-Benz&modelo=EQE,EQE,"{'fabricante': ['Mercedes-Benz'], 'modelo': ['EQE']}"
Mercedes-Benz,EQE SUV,EQE SUV,https://www.carrosnaweb.com.br/catalogomodelo.asp?fabricante=Mercedes-Benz&modelo=EQE SUV,catalogomodelo.asp?fabricante=Mercedes-Benz&modelo=EQE SUV,EQE SUV,"{'fabricante': ['Mercedes-Benz'], 'modelo': ['EQE SUV']}"
Mercedes-Benz,EQS,EQS,https://www.carrosnaweb.com.br/catalogomodelo.asp?fabricante=Mercedes-Benz&modelo=EQS,catalogomodelo.asp?fabricante=Mercedes-Benz&modelo=EQS,EQS,"{'fabricante': ['Mercedes-Benz'], 'modelo': ['EQS']}"
Mercedes-Benz,EQS SUV,EQS SUV,https://www.carrosnaweb.com.br/catalogomodelo.asp?fabricante=Mercedes-Benz&modelo=EQS SUV,catalogomodelo.asp?fabricante=Mercedes-Benz&modelo=EQS SUV,EQS SUV,"{'fabricante': ['Mercedes-Benz'], 'modelo': ['EQS SUV']}"
Mercedes-Benz,G55,G55,https://www.carrosnaweb.com.br/catalogomodelo.asp?fabricante=Mercedes-Benz&modelo=G55,catalogomodelo.asp?fabricante=Mercedes-Benz&modelo=G55,G55,"{'fabricante': ['Mercedes-Benz'], 'modelo': ['G55']}"
Mercedes-Benz,G63,G63,https://www.carrosnaweb.com.br/catalogomodelo.asp?fabricante=Mercedes-Benz&modelo=G63,catalogomodelo.asp?fabricante=Mercedes-Benz&modelo=G63,G63,"{'fabricante': ['Mercedes-Benz'], 'modelo': ['G63']}"
Mercedes-Benz,GL,GL,https://www.carrosnaweb.com.br/catalogomodelo.asp?fabricante=Mercedes-Benz&modelo=GL,catalogomodelo.asp?fabricante=Mercedes-Benz&modelo=GL,GL,"{'fabricante': ['Mercedes-Benz'], 'modelo': ['GL']}"
Mercedes-Benz,GLA 200,GLA 200,https://www.carrosnaweb.com.br/catalogomodelo.asp?fabricante=Mercedes-Benz&modelo=GLA 200,catalogomodelo.asp?fabricante=Mercedes-Benz&modelo=GLA 200,GLA 200,"{'fabricante': ['Mercedes-Benz'], 'modelo': ['GLA 200']}"
Mercedes-Benz,GLA 250,GLA 250,https://www.carrosnaweb.com.br/catalogomodelo.asp?fabricante=Mercedes-Benz&modelo=GLA 250,catalogomodelo.asp?fabricante=Mercedes-Benz&modelo=GLA 250,GLA 250,"{'fabricante': ['Mercedes-Benz'], 'modelo': ['GLA 250']}"
Mercedes-Benz,GLA 35,GLA 35,https://www.carrosnaweb.com.br/catalogomodelo.asp?fabricante=Mercedes-Benz&modelo=GLA 35,catalogomodelo.asp?fabricante=Mercedes-Benz&modelo=GLA 35,GLA 35,"{'fabricante': ['Mercedes-Benz'], 'modelo': ['GLA 35']}"
Mercedes-Benz,GLA 45,GLA 45,https://www.carrosnaweb.com.br/catalogomodelo.asp?fabricante=Mercedes-Benz&modelo=GLA 45,catalogomodelo.asp?fabricante=Mercedes-Benz&modelo=GLA 45,GLA 45,"{'fabricante': ['Mercedes-Benz'], 'modelo': ['GLA 45']}"
Mercedes-Benz,GLB 200,GLB 200,https://www.carrosnaweb.com.br/catalogomodelo.asp?fabricante=Mercedes-Benz&modelo=GLB 200,catalogomodelo.asp?fabricante=Mercedes-Benz&modelo=GLB 200,GLB 200,"{'fabricante': ['Mercedes-Benz'], 'modelo': ['GLB 200']}"
Mercedes-Benz,GLB 220,GLB 220,https://www.carrosnaweb.com.br/catalogomodelo.asp?fabricante=Mercedes-Benz&modelo=GLB 220,catalogomodelo.asp?fabricante=Mercedes-Benz&modelo=GLB 220,GLB 220,"{'fabricante': ['Mercedes-Benz'], 'modelo': ['GLB 220']}"
Mercedes-Benz,GLB 35,GLB 35,https://www.carrosnaweb.com.br/catalogomodelo.asp?fabricante=Mercedes-Benz&modelo=GLB 35,catalogomodelo.asp?fabricante=Mercedes-Benz&modelo=GLB 35,GLB 35,"{'fabricante': ['Mercedes-Benz'], 'modelo': ['GLB 35']}"
Mercedes-Benz,GLC,GLC,https://www.carrosnaweb.com.br/catalogomodelo.asp?fabricante=Mercedes-Benz&modelo=GLC,catalogomodelo.asp?fabricante=Mercedes-Benz&modelo=GLC,GLC,"{'fabricante': ['Mercedes-Benz'], 'modelo': ['GLC']}"
Mercedes-Benz,GLC Coupe,GLC Coupe,https://www.carrosnaweb.com.br/catalogomodelo.asp?fabricante=Mercedes-Benz&modelo=GLC Coupe,catalogomodelo.asp?fabricante=Mercedes-Benz&modelo=GLC Coupe,GLC Coupe,"{'fabricante': ['Mercedes-Benz'], 'modelo': ['GLC Coupe']}"
Mercedes-Benz,GLE,GLE,https://www.carrosnaweb.com.br/catalogomodelo.asp?fabricante=Mercedes-Benz&modelo=GLE,catalogomodelo.asp?fabricante=Mercedes-Benz&modelo=GLE,GLE,"{'fabricante': ['Mercedes-Benz'], 'modelo': ['GLE']}"
Mercedes-Benz,GLE Coupe,GLE Coupe,https://www.carrosnaweb.com.br/catalogomodelo.asp?fabricante=Mercedes-Benz&modelo=GLE Coupe,catalogomodelo.asp?fabricante=Mercedes-Benz&modelo=GLE Coupe,GLE Coupe,"{'fabricante': ['Mercedes-Benz'], 'modelo': ['GLE Coupe']}"
Mercedes-Benz,GLK,GLK,https://www.carrosnaweb.com.br/catalogomodelo.asp?fabricante=Mercedes-Benz&modelo=GLK,catalogomodelo.asp?fabricante=Mercedes-Benz&modelo=GLK,GLK,"{'fabricante': ['Mercedes-Benz'], 'modelo': ['GLK']}"
Mercedes-Benz,GLS,GLS,https://www.carrosnaweb.com.br/catalogomodelo.asp?fabricante=Mercedes-Benz&modelo=GLS,catalogomodelo.asp?fabricante=Mercedes-Benz&modelo=GLS,GLS,"{'fabricante': ['Mercedes-Benz'], 'modelo': ['GLS']}"
Mercedes-Benz,GT,GT,https://www.carrosnaweb.com.br/catalogomodelo.asp?fabricante=Mercedes-Benz&modelo=GT,catalogomodelo.asp?fabricante=Mercedes-Benz&modelo=GT,GT,"{'fabricante': ['Mercedes-Benz'], 'modelo': ['GT']}"
Mercedes-Benz,GT 4-Door,GT 4-Door,https://www.carrosnaweb.com.br/catalogomodelo.asp?fabricante=Mercedes-Benz&modelo=GT 4-Door,catalogomodelo.asp?fabricante=Mercedes-Benz&modelo=GT 4-Door,GT 4-Door,"{'fabricante': ['Mercedes-Benz'], 'modelo': ['GT 4-Door']}"
Mercedes-Benz,GT Roadster,GT Roadster,https://www.carrosnaweb.com.br/catalogomodelo.asp?fabricante=Mercedes-Benz&modelo=GT Roadster,catalogomodelo.asp?fabricante=Mercedes-Benz&modelo=GT Roadster,GT Roadster,"{'fabricante': ['Mercedes-Benz'], 'modelo': ['GT Roadster']}"
Mercedes-Benz,ML,ML,https://www.carrosnaweb.com.br/catalogomodelo.asp?fabricante=Mercedes-Benz&modelo=ML,catalogomodelo.asp?fabricante=Mercedes-Benz&modelo=ML,ML,"{'fabricante': ['Mercedes-Benz'], 'modelo': ['ML']}"
Mercedes-Benz,R500,R500,https://www.carrosnaweb.com.br/catalogomodelo.asp?fabricante=Mercedes-Benz&modelo=R500,catalogomodelo.asp?fabricante=Mercedes-Benz&modelo=R500,R500,"{'fabricante': ['Mercedes-Benz'], 'modelo': ['R500']}"
Mercedes-Benz,S320,S320,https://www.carrosnaweb.com.br/catalogomodelo.asp?fabricante=Mercedes-Benz&modelo=S320,catalogomodelo.asp?fabricante=Mercedes-Benz&modelo=S320,S320,"{'fabricante': ['Mercedes-Benz'], 'modelo': ['S320']}"
Mercedes-Benz,S400,S400,https://www.carrosnaweb.com.br/catalogomodelo.asp?fabricante=Mercedes-Benz&modelo=S400,catalogomodelo.asp?fabricante=Mercedes-Benz&modelo=S400,S400,"{'fabricante': ['Mercedes-Benz'], 'modelo': ['S400']}"
Mercedes-Benz,S500,S500,https://www.carrosnaweb.com.br/catalogomodelo.asp?fabricante=Mercedes-Benz&modelo=S500,catalogomodelo.asp?fabricante=Mercedes-Benz&modelo=S500,S500,"{'fabricante': ['Mercedes-Benz'], 'modelo': ['S500']}"
Mercedes-Benz,S55,S55,https://www.carrosnaweb.com.br/catalogomodelo.asp?fabricante=Mercedes-Benz&modelo=S55,catalogomodelo.asp?fabricante=Mercedes-Benz&modelo=S55,S55,"{'fabricante': ['Mercedes-Benz'], 'modelo': ['S55']}"
Mercedes-Benz,S560,S560,https://www.carrosnaweb.com.br/catalogomodelo.asp?fabricante=Mercedes-Benz&modelo=S560,catalogomodelo.asp?fabricante=Mercedes-Benz&modelo=S560,S560,"{'fabricante': ['Mercedes-Benz'], 'modelo': ['S560']}"
Mercedes-Benz,S600,S600,https://www.carrosnaweb.com.br/catalogomodelo.asp?fabricante=Mercedes-Benz&modelo=S600,catalogomodelo.asp?fabricante=Mercedes-Benz&modelo=S600,S600,"{'fabricante': ['Mercedes-Benz'], 'modelo': ['S600']}"
Mercedes-Benz,S600 Coupe,S600 Coupe,https://www.carrosnaweb.com.br/catalogomodelo.asp?fabricante=Mercedes-Benz&modelo=S600 Coupe,catalogomodelo.asp?fabricante=Mercedes-Benz&modelo=S600 Coupe,S600 Coupe,"{'fabricante': ['Mercedes-Benz'], 'modelo': ['S600 Coupe']}"
Mercedes-Benz,S63,S63,https://www.carrosnaweb.com.br/catalogomodelo.asp?fabricante=Mercedes-Benz&modelo=S63,catalogomodelo.asp?fabricante=Mercedes-Benz&modelo=S63,S63,"{'fabricante': ['Mercedes-Benz'], 'modelo': ['S63']}"
Mercedes-Benz,S63 Cabriolet,S63 Cabriolet,https://www.carrosnaweb.com.br/catalogomodelo.asp?fabricante=Mercedes-Benz&modelo=S63 Cabriolet,catalogomodelo.asp?fabricante=Mercedes-Benz&modelo=S63 Cabriolet,S63 Cabriolet,"{'fabricante': ['Mercedes-Benz'], 'modelo': ['S63 Cabriolet']}"
Mercedes-Benz,S63 Coupe,S63 Coupe,https://www.carrosnaweb.com.br/catalogomodelo.asp?fabricante=Mercedes-Benz&modelo=S63 Coupe,catalogomodelo.asp?fabricante=Mercedes-Benz&modelo=S63 Coupe,S63 Coupe,"{'fabricante': ['Mercedes-Benz'], 'modelo': ['S63 Coupe']}"
Mercedes-Benz,S65,S65,https://www.carrosnaweb.com.br/catalogomodelo.asp?fabricante=Mercedes-Benz&modelo=S65,catalogomodelo.asp?fabricante=Mercedes-Benz&modelo=S65,S65,"{'fabricante': ['Mercedes-Benz'], 'modelo': ['S65']}"
Mercedes-Benz,S65 Coupe,S65 Coupe,https://www.carrosnaweb.com.br/catalogomodelo.asp?fabricante=Mercedes-Benz&modelo=S65 Coupe,catalogomodelo.asp?fabricante=Mercedes-Benz&modelo=S65 Coupe,S65 Coupe,"{'fabricante': ['Mercedes-Benz'], 'modelo': ['S65 Coupe']}"
Mercedes-Benz,SL,SL,https://www.carrosnaweb.com.br/catalogomodelo.asp?fabricante=Mercedes-Benz&modelo=SL,catalogomodelo.asp?fabricante=Mercedes-Benz&modelo=SL,SL,"{'fabricante': ['Mercedes-Benz'], 'modelo': ['SL']}"
Mercedes-Benz,SLC,SLC,https://www.carrosnaweb.com.br/catalogomodelo.asp?fabricante=Mercedes-Benz&modelo=SLC,catalogomodelo.asp?fabricante=Mercedes-Benz&modelo=SLC,SLC,"{'fabricante': ['Mercedes-Benz'], 'modelo': ['SLC']}"
Mercedes-Benz,SLK,SLK,https://www.carrosnaweb.com.br/catalogomodelo.asp?fabricante=Mercedes-Benz&modelo=SLK,catalogomodelo.asp?fabricante=Mercedes-Benz&modelo=SLK,SLK,"{'fabricante': ['Mercedes-Benz'], 'modelo': ['SLK']}"
Mercedes-Benz,SLR,SLR,https://www.carrosnaweb.com.br/catalogomodelo.asp?fabricante=Mercedes-Benz&modelo=SLR,catalogomodelo.asp?fabricante=Mercedes-Benz&modelo=SLR,SLR,"{'fabricante': ['Mercedes-Benz'], 'modelo': ['SLR']}"
Mercedes-Benz,SLS,SLS,https://www.carrosnaweb.com.br/catalogomodelo.asp?fabricante=Mercedes-Benz&modelo=SLS,catalogomodelo.asp?fabricante=Mercedes-Benz&modelo=SLS,SLS,"{'fabricante': ['Mercedes-Benz'], 'modelo': ['SLS']}"
Mercedes-Benz,Sprinter,Sprinter,https://www.carrosnaweb.com.br/catalogomodelo.asp?fabricante=Mercedes-Benz&modelo=Sprinter,catalogomodelo.asp?fabricante=Mercedes-Benz&modelo=Sprinter,Sprinter,"{'fabricante': ['Mercedes-Benz'], 'modelo': ['Sprinter']}"
Mercedes-Benz,Vito,Vito,https://www.carrosnaweb.com.br/catalogomodelo.asp?fabricante=Mercedes-Benz&modelo=Vito,catalogomodelo.asp?fabricante=Mercedes-Benz&modelo=Vito,Vito,"{'fabricante': ['Mercedes-Benz'], 'modelo': ['Vito']}"
Mercedes-Benz,eSprinter,eSprinter,https://www.carrosnaweb.com.br/catalogomodelo.asp?fabricante=Mercedes-Benz&modelo=eSprinter,catalogomodelo.asp?fabricante=Mercedes-Benz&modelo=eSprinter,eSprinter,"{'fabricante': ['Mercedes-Benz'], 'modelo': ['eSprinter']}"
Mercury,Mystique,Mystique,https://www.carrosnaweb.com.br/catalogomodelo.asp?fabricante=Mercury&modelo=Mystique,catalogomodelo.asp?fabricante=Mercury&modelo=Mystique,Mystique,"{'fabricante': ['Mercury'], 'modelo': ['Mystique']}"
Mini,Aceman,Aceman,https://www.carrosnaweb.com.br/catalogomodelo.asp?fabricante=Mini&modelo=Aceman,catalogomodelo.asp?fabricante=Mini&modelo=Aceman,Aceman,"{'fabricante': ['Mini'], 'modelo': ['Aceman']}"
Mini,Clubman,Clubman,https://www.carrosnaweb.com.br/catalogomodelo.asp?fabricante=Mini&modelo=Clubman,catalogomodelo.asp?fabricante=Mini&modelo=Clubman,Clubman,"{'fabricante': ['Mini'], 'modelo': ['Clubman']}"
Mini,Cooper,Cooper,https://www.carrosnaweb.com.br/catalogomodelo.asp?fabricante=Mini&modelo=Cooper,catalogomodelo.asp?fabricante=Mini&modelo=Cooper,Cooper,"{'fabricante': ['Mini'], 'modelo': ['Cooper']}"
Mini,Cooper Cabrio,Cooper Cabrio,https://www.carrosnaweb.com.br/catalogomodelo.asp?fabricante=Mini&modelo=Cooper Cabrio,catalogomodelo.asp?fabricante=Mini&modelo=Cooper Cabrio,Cooper Cabrio,"{'fabricante': ['Mini'], 'modelo': ['Cooper Cabrio']}"
Mini,Cooper Coupe,Cooper Coupe,https://www.carrosnaweb.com.br/catalogomodelo.asp?fabricante=Mini&modelo=Cooper Coupe,catalogomodelo.asp?fabricante=Mini&modelo=Cooper Coupe,Cooper Coupe,"{'fabricante': ['Mini'], 'modelo': ['Cooper Coupe']}"
Mini,Cooper Electric,Cooper Electric,https://www.carrosnaweb.com.br/catalogomodelo.asp?fabricante=Mini&modelo=Cooper Electric,catalogomodelo.asp?fabricante=Mini&modelo=Cooper Electric,Cooper Electric,"{'fabricante': ['Mini'], 'modelo': ['Cooper Electric']}"
Mini,Cooper Roadster,Cooper Roadster,https://www.carrosnaweb.com.br/catalogomodelo.asp?fabricante=Mini&modelo=Cooper Roadster,catalogomodelo.asp?fabricante=Mini&modelo=Cooper Roadster,Cooper Roadster,"{'fabricante': ['Mini'], 'modelo': ['Cooper Roadster']}"
Mini,Countryman,Countryman,https://www.carrosnaweb.com.br/catalogomodelo.asp?fabricante=Mini&modelo=Countryman,catalogomodelo.asp?fabricante=Mini&modelo=Countryman,Countryman,"{'fabricante': ['Mini'], 'modelo': ['Countryman']}"
Mini,Countryman Electric,Countryman Electric,https://www.carrosnaweb.com.br/catalogomodelo.asp?fabricante=Mini&modelo=Countryman Electric,catalogomodelo.asp?fabricante=Mini&modelo=Countryman Electric,Countryman Electric,"{'fabricante': ['Mini'], 'modelo': ['Countryman Electric']}"
Mini,Paceman,Paceman,https://www.carrosnaweb.com.br/catalogomodelo.asp?fabricante=Mini&modelo=Paceman,catalogomodelo.asp?fabricante=Mini&modelo=Paceman,Paceman,"{'fabricante': ['Mini'], 'modelo': ['Paceman']}"
Mitsubishi,3000 GT,3000 GT,https://www.carrosnaweb.com.br/catalogomodelo.asp?fabricante=Mitsubishi&modelo=3000 GT,catalogomodelo.asp?fabricante=Mitsubishi&modelo=3000 GT,3000 GT,"{'fabricante': ['Mitsubishi'], 'modelo': ['3000 GT']}"
Mitsubishi,ASX,ASX,https://www.carrosnaweb.com.br/catalogomodelo.asp?fabricante=Mitsubishi&modelo=ASX,catalogomodelo.asp?fabricante=Mitsubishi&modelo=ASX,ASX,"{'fabricante': ['Mitsubishi'], 'modelo': ['ASX']}"
Mitsubishi,Airtrek,Airtrek,https://www.carrosnaweb.com.br/catalogomodelo.asp?fabricante=Mitsubishi&modelo=Airtrek,catalogomodelo.asp?fabricante=Mitsubishi&modelo=Airtrek,Airtrek,"{'fabricante': ['Mitsubishi'], 'modelo': ['Airtrek']}"
Mitsubishi,Colt,Colt,https://www.carrosnaweb.com.br/catalogomodelo.asp?fabricante=Mitsubishi&modelo=Colt,catalogomodelo.asp?fabricante=Mitsubishi&modelo=Colt,Colt,"{'fabricante': ['Mitsubishi'], 'modelo': ['Colt']}"
Mitsubishi,Diamante,Diamante,https://www.carrosnaweb.com.br/catalogomodelo.asp?fabricante=Mitsubishi&modelo=Diamante,catalogomodelo.asp?fabricante=Mitsubishi&modelo=Diamante,Diamante,"{'fabricante': ['Mitsubishi'], 'modelo': ['Diamante']}"
Mitsubishi,Eclipse,Eclipse,https://www.carrosnaweb.com.br/catalogomodelo.asp?fabricante=Mitsubishi&modelo=Eclipse,catalogomodelo.asp?fabricante=Mitsubishi&modelo=Eclipse,Eclipse,"{'fabricante': ['Mitsubishi'], 'modelo': ['Eclipse']}"
Mitsubishi,Eclipse Cross,Eclipse Cross,https://www.carrosnaweb.com.br/catalogomodelo.asp?fabricante=Mitsubishi&modelo=Eclipse Cross,catalogomodelo.asp?fabricante=Mitsubishi&modelo=Eclipse Cross,Eclipse Cross,"{'fabricante': ['Mitsubishi'], 'modelo': ['Eclipse Cross']}"
Mitsubishi,Expo,Expo,https://www.carrosnaweb.com.br/catalogomodelo.asp?fabricante=Mitsubishi&modelo=Expo,catalogomodelo.asp?fabricante=Mitsubishi&modelo=Expo,Expo,"{'fabricante': ['Mitsubishi'], 'modelo': ['Expo']}"
Mitsubishi,Galant,Galant,https://www.carrosnaweb.com.br/catalogomodelo.asp?fabricante=Mitsubishi&modelo=Galant,catalogomodelo.asp?fabricante=Mitsubishi&modelo=Galant,Galant,"{'fabricante': ['Mitsubishi'], 'modelo': ['Galant']}"
Mitsubishi,Grandis,Grandis,https://www.carrosnaweb.com.br/catalogomodelo.asp?fabricante=Mitsubishi&modelo=Grandis,catalogomodelo.asp?fabricante=Mitsubishi&modelo=Grandis,Grandis,"{'fabricante': ['Mitsubishi'], 'modelo': ['Grandis']}"
Mitsubishi,L200,L200,https://www.carrosnaweb.com.br/catalogomodelo.asp?fabricante=Mitsubishi&modelo=L200,catalogomodelo.asp?fabricante=Mitsubishi&modelo=L200,L200,"{'fabricante': ['Mitsubishi'], 'modelo': ['L200']}"
Mitsubishi,L300,L300,https://www.carrosnaweb.com.br/catalogomodelo.asp?fabricante=Mitsubishi&modelo=L300,catalogomodelo.asp?fabricante=Mitsubishi&modelo=L300,L300,"{'fabricante': ['Mitsubishi'], 'modelo': ['L300']}"
Mitsubishi,Lancer,Lancer,https://www.carrosnaweb.com.br/catalogomodelo.asp?fabricante=Mitsubishi&modelo=Lancer,catalogomodelo.asp?fabricante=Mitsubishi&modelo=Lancer,Lancer,"{'fabricante': ['Mitsubishi'], 'modelo': ['Lancer']}"
Mitsubishi,Lancer Sportback,Lancer Sportback,https://www.carrosnaweb.com.br/catalogomodelo.asp?fabricante=Mitsubishi&modelo=Lancer Sportback,catalogomodelo.asp?fabricante=Mitsubishi&modelo=Lancer Sportback,Lancer Sportback,"{'fabricante': ['Mitsubishi'], 'modelo': ['Lancer Sportback']}"
Mitsubishi,Outlander,Outlander,https://www.carrosnaweb.com.br/catalogomodelo.asp?fabricante=Mitsubishi&modelo=Outlander,catalogomodelo.asp?fabricante=Mitsubishi&modelo=Outlander,Outlander,"{'fabricante': ['Mitsubishi'], 'modelo': ['Outlander']}"
Mitsubishi,Outlander Sport,Outlander Sport,https://www.carrosnaweb.com.br/catalogomodelo.asp?fabricante=Mitsubishi&modelo=Outlander Sport,catalogomodelo.asp?fabricante=Mitsubishi&modelo=Outlander Sport,Outlander Sport,"{'fabricante': ['Mitsubishi'], 'modelo': ['Outlander Sport']}"
Mitsubishi,Pajero,Pajero,https://www.carrosnaweb.com.br/catalogomodelo.asp?fabricante=Mitsubishi&modelo=Pajero,catalogomodelo.asp?fabricante=Mitsubishi&modelo=Pajero,Pajero,"{'fabricante': ['Mitsubishi'], 'modelo': ['Pajero']}"
Mitsubishi,Pajero Dakar,Pajero Dakar,https://www.carrosnaweb.com.br/catalogomodelo.asp?fabricante=Mitsubishi&modelo=Pajero Dakar,catalogomodelo.asp?fabricante=Mitsubishi&modelo=Pajero Dakar,Pajero Dakar,"{'fabricante': ['Mitsubishi'], 'modelo': ['Pajero Dakar']}"
Mitsubishi,Pajero Full,Pajero Full,https://www.carrosnaweb.com.br/catalogomodelo.asp?fabricante=Mitsubishi&modelo=Pajero Full,catalogomodelo.asp?fabricante=Mitsubishi&modelo=Pajero Full,Pajero Full,"{'fabricante': ['Mitsubishi'], 'modelo': ['Pajero Full']}"
Mitsubishi,Pajero Sport,Pajero Sport,https://www.carrosnaweb.com.br/catalogomodelo.asp?fabricante=Mitsubishi&modelo=Pajero Sport,catalogomodelo.asp?fabricante=Mitsubishi&modelo=Pajero Sport,Pajero Sport,"{'fabricante': ['Mitsubishi'], 'modelo': ['Pajero Sport']}"
Mitsubishi,Pajero TR4,Pajero TR4,https://www.carrosnaweb.com.br/catalogomodelo.asp?fabricante=Mitsubishi&modelo=Pajero TR4,catalogomodelo.asp?fabricante=Mitsubishi&modelo=Pajero TR4,Pajero TR4,"{'fabricante': ['Mitsubishi'], 'modelo': ['Pajero TR4']}"
Mitsubishi,Pajero iO,Pajero iO,https://www.carrosnaweb.com.br/catalogomodelo.asp?fabricante=Mitsubishi&modelo=Pajero iO,catalogomodelo.asp?fabricante=Mitsubishi&modelo=Pajero iO,Pajero iO,"{'fabricante': ['Mitsubishi'], 'modelo': ['Pajero iO']}"
Mitsubishi,Space Wagon,Space Wagon,https://www.carrosnaweb.com.br/catalogomodelo.asp?fabricante=Mitsubishi&modelo=Space Wagon,catalogomodelo.asp?fabricante=Mitsubishi&modelo=Space Wagon,Space Wagon,"{'fabricante': ['Mitsubishi'], 'modelo': ['Space Wagon']}"
Mitsubishi,Triton,Triton,https://www.carrosnaweb.com.br/catalogomodelo.asp?fabricante=Mitsubishi&modelo=Triton,catalogomodelo.asp?fabricante=Mitsubishi&modelo=Triton,Triton,"{'fabricante': ['Mitsubishi'], 'modelo': ['Triton']}"
Miura,Coupe,Coupe,https://www.carrosnaweb.com.br/catalogomodelo.asp?fabricante=Miura&modelo=Coupe,catalogomodelo.asp?fabricante=Miura&modelo=Coupe,Coupe,"{'fabricante': ['Miura'], 'modelo': ['Coupe']}"
Miura,MTS,MTS,https://www.carrosnaweb.com.br/catalogomodelo.asp?fabricante=Miura&modelo=MTS,catalogomodelo.asp?fabricante=Miura&modelo=MTS,MTS,"{'fabricante': ['Miura'], 'modelo': ['MTS']}"
Miura,Saga,Saga,https://www.carrosnaweb.com.br/catalogomodelo.asp?fabricante=Miura&modelo=Saga,catalogomodelo.asp?fabricante=Miura&modelo=Saga,Saga,"{'fabricante': ['Miura'], 'modelo': ['Saga']}"
Miura,Spider,Spider,https://www.carrosnaweb.com.br/catalogomodelo.asp?fabricante=Miura&modelo=Spider,catalogomodelo.asp?fabricante=Miura&modelo=Spider,Spider,"{'fabricante': ['Miura'], 'modelo': ['Spider']}"
Miura,Targa,Targa,https://www.carrosnaweb.com.br/catalogomodelo.asp?fabricante=Miura&modelo=Targa,catalogomodelo.asp?fabricante=Miura&modelo=Targa,Targa,"{'fabricante': ['Miura'], 'modelo': ['Targa']}"
Miura,Top Sport,Top Sport,https://www.carrosnaweb.com.br/catalogomodelo.asp?fabricante=Miura&modelo=Top Sport,catalogomodelo.asp?fabricante=Miura&modelo=Top Sport,Top Sport,"{'fabricante': ['Miura'], 'modelo': ['Top Sport']}"
Miura,X11,X11,https://www.carrosnaweb.com.br/catalogomodelo.asp?fabricante=Miura&modelo=X11,catalogomodelo.asp?fabricante=Miura&modelo=X11,X11,"{'fabricante': ['Miura'], 'modelo': ['X11']}"
Miura,X8,X8,https://www.carrosnaweb.com.br/catalogomodelo.asp?fabricante=Miura&modelo=X8,catalogomodelo.asp?fabricante=Miura&modelo=X8,X8,"{'fabricante': ['Miura'], 'modelo': ['X8']}"
Neta,Aya,Aya,https://www.carrosnaweb.com.br/catalogomodelo.asp?fabricante=Neta&modelo=Aya,catalogomodelo.asp?fabricante=Neta&modelo=Aya,Aya,"{'fabricante': ['Neta'], 'modelo': ['Aya']}"
Neta,Neta X,Neta X,https://www.carrosnaweb.com.br/catalogomodelo.asp?fabricante=Neta&modelo=Neta X,catalogomodelo.asp?fabricante=Neta&modelo=Neta X,Neta X,"{'fabricante': ['Neta'], 'modelo': ['Neta X']}"
Nissan,300ZX,300ZX,https://www.carrosnaweb.com.br/catalogomodelo.asp?fabricante=Nissan&modelo=300ZX,catalogomodelo.asp?fabricante=Nissan&modelo=300ZX,300ZX,"{'fabricante': ['Nissan'], 'modelo': ['300ZX']}"
Nissan,350Z,350Z,https://www.carrosnaweb.com.br/catalogomodelo.asp?fabricante=Nissan&modelo=350Z,catalogomodelo.asp?fabricante=Nissan&modelo=350Z,350Z,"{'fabricante': ['Nissan'], 'modelo': ['350Z']}"
Nissan,370Z,370Z,https://www.carrosnaweb.com.br/catalogomodelo.asp?fabricante=Nissan&modelo=370Z,catalogomodelo.asp?fabricante=Nissan&modelo=370Z,370Z,"{'fabricante': ['Nissan'], 'modelo': ['370Z']}"
Nissan,370Z Roadster,370Z Roadster,https://www.carrosnaweb.com.br/catalogomodelo.asp?fabricante=Nissan&modelo=370Z Roadster,catalogomodelo.asp?fabricante=Nissan&modelo=370Z Roadster,370Z Roadster,"{'fabricante': ['Nissan'], 'modelo': ['370Z Roadster']}"
Nissan,Altima,Altima,https://www.carrosnaweb.com.br/catalogomodelo.asp?fabricante=Nissan&modelo=Altima,catalogomodelo.asp?fabricante=Nissan&modelo=Altima,Altima,"{'fabricante': ['Nissan'], 'modelo': ['Altima']}"
Nissan,Ariya,Ariya,https://www.carrosnaweb.com.br/catalogomodelo.asp?fabricante=Nissan&modelo=Ariya,catalogomodelo.asp?fabricante=Nissan&modelo=Ariya,Ariya,"{'fabricante': ['Nissan'], 'modelo': ['Ariya']}"
Nissan,D21,D21,https://www.carrosnaweb.com.br/catalogomodelo.asp?fabricante=Nissan&modelo=D21,catalogomodelo.asp?fabricante=Nissan&modelo=D21,D21,"{'fabricante': ['Nissan'], 'modelo': ['D21']}"
Nissan,Frontier,Frontier,https://www.carrosnaweb.com.br/catalogomodelo.asp?fabricante=Nissan&modelo=Frontier,catalogomodelo.asp?fabricante=Nissan&modelo=Frontier,Frontier,"{'fabricante': ['Nissan'], 'modelo': ['Frontier']}"
Nissan,GT-R,GT-R,https://www.carrosnaweb.com.br/catalogomodelo.asp?fabricante=Nissan&modelo=GT-R,catalogomodelo.asp?fabricante=Nissan&modelo=GT-R,GT-R,"{'fabricante': ['Nissan'], 'modelo': ['GT-R']}"
Nissan,Kait,Kait,https://www.carrosnaweb.com.br/catalogomodelo.asp?fabricante=Nissan&modelo=Kait,catalogomodelo.asp?fabricante=Nissan&modelo=Kait,Kait,"{'fabricante': ['Nissan'], 'modelo': ['Kait']}"
Nissan,Kicks,Kicks,https://www.carrosnaweb.com.br/catalogomodelo.asp?fabricante=Nissan&modelo=Kicks,catalogomodelo.asp?fabricante=Nissan&modelo=Kicks,Kicks,"{'fabricante': ['Nissan'], 'modelo': ['Kicks']}"
Nissan,Leaf,Leaf,https://www.carrosnaweb.com.br/catalogomodelo.asp?fabricante=Nissan&modelo=Leaf,catalogomodelo.asp?fabricante=Nissan&modelo=Leaf,Leaf,"{'fabricante': ['Nissan'], 'modelo': ['Leaf']}"
Nissan,Livina,Livina,https://www.carrosnaweb.com.br/catalogomodelo.asp?fabricante=Nissan&modelo=Livina,catalogomodelo.asp?fabricante=Nissan&modelo=Livina,Livina,"{'fabricante': ['Nissan'], 'modelo': ['Livina']}"
Nissan,March,March,https://www.carrosnaweb.com.br/catalogomodelo.asp?fabricante=Nissan&modelo=March,catalogomodelo.asp?fabricante=Nissan&modelo=March,March,"{'fabricante': ['Nissan'], 'modelo': ['March']}"
Nissan,Maxima,Maxima,https://www.carrosnaweb.com.br/catalogomodelo.asp?fabricante=Nissan&modelo=Maxima,catalogomodelo.asp?fabricante=Nissan&modelo=Maxima,Maxima,"{'fabricante': ['Nissan'], 'modelo': ['Maxima']}"
Nissan,Murano,Murano,https://www.carrosnaweb.com.br/catalogomodelo.asp?fabricante=Nissan&modelo=Murano,catalogomodelo.asp?fabricante=Nissan&modelo=Murano,Murano,"{'fabricante': ['Nissan'], 'modelo': ['Murano']}"
Nissan,NX2000,NX2000,https://www.carrosnaweb.com.br/catalogomodelo.asp?fabricante=Nissan&modelo=NX2000,catalogomodelo.asp?fabricante=Nissan&modelo=NX2000,NX2000,"{'fabricante': ['Nissan'], 'modelo': ['NX2000']}"
Nissan,Pathfinder,Pathfinder,https://www.carrosnaweb.com.br/catalogomodelo.asp?fabricante=Nissan&modelo=Pathfinder,catalogomodelo.asp?fabricante=Nissan&modelo=Pathfinder,Pathfinder,"{'fabricante': ['Nissan'], 'modelo': ['Pathfinder']}"
Nissan,Primera,Primera,https://www.carrosnaweb.com.br/catalogomodelo.asp?fabricante=Nissan&modelo=Primera,catalogomodelo.asp?fabricante=Nissan&modelo=Primera,Primera,"{'fabricante': ['Nissan'], 'modelo': ['Primera']}"
Nissan,Quest,Quest,https://www.carrosnaweb.com.br/catalogomodelo.asp?fabricante=Nissan&modelo=Quest,catalogomodelo.asp?fabricante=Nissan&modelo=Quest,Quest,"{'fabricante': ['Nissan'], 'modelo': ['Quest']}"
Nissan,Sentra,Sentra,https://www.carrosnaweb.com.br/catalogomodelo.asp?fabricante=Nissan&modelo=Sentra,catalogomodelo.asp?fabricante=Nissan&modelo=Sentra,Sentra,"{'fabricante': ['Nissan'], 'modelo': ['Sentra']}"
Nissan,Silvia,Silvia,https://www.carrosnaweb.com.br/catalogomodelo.asp?fabricante=Nissan&modelo=Silvia,catalogomodelo.asp?fabricante=Nissan&modelo=Silvia,Silvia,"{'fabricante': ['Nissan'], 'modelo': ['Silvia']}"
Nissan,Skyline,Skyline,https://www.carrosnaweb.com.br/catalogomodelo.asp?fabricante=Nissan&modelo=Skyline,catalogomodelo.asp?fabricante=Nissan&modelo=Skyline,Skyline,"{'fabricante': ['Nissan'], 'modelo': ['Skyline']}"
Nissan,Terrano,Terrano,https://www.carrosnaweb.com.br/catalogomodelo.asp?fabricante=Nissan&modelo=Terrano,catalogomodelo.asp?fabricante=Nissan&modelo=Terrano,Terrano,"{'fabricante': ['Nissan'], 'modelo': ['Terrano']}"
Nissan,Tiida,Tiida,https://www.carrosnaweb.com.br/catalogomodelo.asp?fabricante=Nissan&modelo=Tiida,catalogomodelo.asp?fabricante=Nissan&modelo=Tiida,Tiida,"{'fabricante': ['Nissan'], 'modelo': ['Tiida']}"
Nissan,Tiida Sedan,Tiida Sedan,https://www.carrosnaweb.com.br/catalogomodelo.asp?fabricante=Nissan&modelo=Tiida Sedan,catalogomodelo.asp?fabricante=Nissan&modelo=Tiida Sedan,Tiida Sedan,"{'fabricante': ['Nissan'], 'modelo': ['Tiida Sedan']}"
Nissan,V-Drive,V-Drive,https://www.carrosnaweb.com.br/catalogomodelo.asp?fabricante=Nissan&modelo=V-Drive,catalogomodelo.asp?fabricante=Nissan&modelo=V-Drive,V-Drive,"{'fabricante': ['Nissan'], 'modelo': ['V-Drive']}"
Nissan,Versa,Versa,https://www.carrosnaweb.com.br/catalogomodelo.asp?fabricante=Nissan&modelo=Versa,catalogomodelo.asp?fabricante=Nissan&modelo=Versa,Versa,"{'fabricante': ['Nissan'], 'modelo': ['Versa']}"
Nissan,X-Trail,X-Trail,https://www.carrosnaweb.com.br/catalogomodelo.asp?fabricante=Nissan&modelo=X-Trail,catalogomodelo.asp?fabricante=Nissan&modelo=X-Trail,X-Trail,"{'fabricante': ['Nissan'], 'modelo': ['X-Trail']}"
Nissan,Xterra,Xterra,https://www.carrosnaweb.com.br/catalogomodelo.asp?fabricante=Nissan&modelo=Xterra,catalogomodelo.asp?fabricante=Nissan&modelo=Xterra,Xterra,"{'fabricante': ['Nissan'], 'modelo': ['Xterra']}"
Omoda,E5,E5,https://www.carrosnaweb.com.br/catalogomodelo.asp?fabricante=Omoda&modelo=E5,catalogomodelo.asp?fabricante=Omoda&modelo=E5,E5,"{'fabricante': ['Omoda'], 'modelo': ['E5']}"
Omoda,Omoda 4,Omoda 4,https://www.carrosnaweb.com.br/catalogomodelo.asp?fabricante=Omoda&modelo=Omoda 4,catalogomodelo.asp?fabricante=Omoda&modelo=Omoda 4,Omoda 4,"{'fabricante': ['Omoda'], 'modelo': ['Omoda 4']}"
Omoda,Omoda 5,Omoda 5,https://www.carrosnaweb.com.br/catalogomodelo.asp?fabricante=Omoda&modelo=Omoda 5,catalogomodelo.asp?fabricante=Omoda&modelo=Omoda 5,Omoda 5,"{'fabricante': ['Omoda'], 'modelo': ['Omoda 5']}"
Omoda,Omoda 7,Omoda 7,https://www.carrosnaweb.com.br/catalogomodelo.asp?fabricante=Omoda&modelo=Omoda 7,catalogomodelo.asp?fabricante=Omoda&modelo=Omoda 7,Omoda 7,"{'fabricante': ['Omoda'], 'modelo': ['Omoda 7']}"
Pagani,Huayra,Huayra,https://www.carrosnaweb.com.br/catalogomodelo.asp?fabricante=Pagani&modelo=Huayra,catalogomodelo.asp?fabricante=Pagani&modelo=Huayra,Huayra,"{'fabricante': ['Pagani'], 'modelo': ['Huayra']}"
Pagani,Utopia,Utopia,https://www.carrosnaweb.com.br/catalogomodelo.asp?fabricante=Pagani&modelo=Utopia,catalogomodelo.asp?fabricante=Pagani&modelo=Utopia,Utopia,"{'fabricante': ['Pagani'], 'modelo': ['Utopia']}"
Pagani,Zonda,Zonda,https://www.carrosnaweb.com.br/catalogomodelo.asp?fabricante=Pagani&modelo=Zonda,catalogomodelo.asp?fabricante=Pagani&modelo=Zonda,Zonda,"{'fabricante': ['Pagani'], 'modelo': ['Zonda']}"
Peugeot,106,106,https://www.carrosnaweb.com.br/catalogomodelo.asp?fabricante=Peugeot&modelo=106,catalogomodelo.asp?fabricante=Peugeot&modelo=106,106,"{'fabricante': ['Peugeot'], 'modelo': ['106']}"
Peugeot,2008,2008,https://www.carrosnaweb.com.br/catalogomodelo.asp?fabricante=Peugeot&modelo=2008,catalogomodelo.asp?fabricante=Peugeot&modelo=2008,2008,"{'fabricante': ['Peugeot'], 'modelo': ['2008']}"
Peugeot,205,205,https://www.carrosnaweb.com.br/catalogomodelo.asp?fabricante=Peugeot&modelo=205,catalogomodelo.asp?fabricante=Peugeot&modelo=205,205,"{'fabricante': ['Peugeot'], 'modelo': ['205']}"
Peugeot,206,206,https://www.carrosnaweb.com.br/catalogomodelo.asp?fabricante=Peugeot&modelo=206,catalogomodelo.asp?fabricante=Peugeot&modelo=206,206,"{'fabricante': ['Peugeot'], 'modelo': ['206']}"
Peugeot,206 Cabriolet,206 Cabriolet,https://www.carrosnaweb.com.br/catalogomodelo.asp?fabricante=Peugeot&modelo=206 Cabriolet,catalogomodelo.asp?fabricante=Peugeot&modelo=206 Cabriolet,206 Cabriolet,"{'fabricante': ['Peugeot'], 'modelo': ['206 Cabriolet']}"
Peugeot,206 SW,206 SW,https://www.carrosnaweb.com.br/catalogomodelo.asp?fabricante=Peugeot&modelo=206 SW,catalogomodelo.asp?fabricante=Peugeot&modelo=206 SW,206 SW,"{'fabricante': ['Peugeot'], 'modelo': ['206 SW']}"
Peugeot,207,207,https://www.carrosnaweb.com.br/catalogomodelo.asp?fabricante=Peugeot&modelo=207,catalogomodelo.asp?fabricante=Peugeot&modelo=207,207,"{'fabricante': ['Peugeot'], 'modelo': ['207']}"
Peugeot,207 Passion,207 Passion,https://www.carrosnaweb.com.br/catalogomodelo.asp?fabricante=Peugeot&modelo=207 Passion,catalogomodelo.asp?fabricante=Peugeot&modelo=207 Passion,207 Passion,"{'fabricante': ['Peugeot'], 'modelo': ['207 Passion']}"
Peugeot,207 SW,207 SW,https://www.carrosnaweb.com.br/catalogomodelo.asp?fabricante=Peugeot&modelo=207 SW,catalogomodelo.asp?fabricante=Peugeot&modelo=207 SW,207 SW,"{'fabricante': ['Peugeot'], 'modelo': ['207 SW']}"
Peugeot,208,208,https://www.carrosnaweb.com.br/catalogomodelo.asp?fabricante=Peugeot&modelo=208,catalogomodelo.asp?fabricante=Peugeot&modelo=208,208,"{'fabricante': ['Peugeot'], 'modelo': ['208']}"
Peugeot,3008,3008,https://www.carrosnaweb.com.br/catalogomodelo.asp?fabricante=Peugeot&modelo=3008,catalogomodelo.asp?fabricante=Peugeot&modelo=3008,3008,"{'fabricante': ['Peugeot'], 'modelo': ['3008']}"
Peugeot,306,306,https://www.carrosnaweb.com.br/catalogomodelo.asp?fabricante=Peugeot&modelo=306,catalogomodelo.asp?fabricante=Peugeot&modelo=306,306,"{'fabricante': ['Peugeot'], 'modelo': ['306']}"
Peugeot,306 Break,306 Break,https://www.carrosnaweb.com.br/catalogomodelo.asp?fabricante=Peugeot&modelo=306 Break,catalogomodelo.asp?fabricante=Peugeot&modelo=306 Break,306 Break,"{'fabricante': ['Peugeot'], 'modelo': ['306 Break']}"
Peugeot,306 Cabriolet,306 Cabriolet,https://www.carrosnaweb.com.br/catalogomodelo.asp?fabricante=Peugeot&modelo=306 Cabriolet,catalogomodelo.asp?fabricante=Peugeot&modelo=306 Cabriolet,306 Cabriolet,"{'fabricante': ['Peugeot'], 'modelo': ['306 Cabriolet']}"
Peugeot,306 Sedan,306 Sedan,https://www.carrosnaweb.com.br/catalogomodelo.asp?fabricante=Peugeot&modelo=306 Sedan,catalogomodelo.asp?fabricante=Peugeot&modelo=306 Sedan,306 Sedan,"{'fabricante': ['Peugeot'], 'modelo': ['306 Sedan']}"
Peugeot,307,307,https://www.carrosnaweb.com.br/catalogomodelo.asp?fabricante=Peugeot&modelo=307,catalogomodelo.asp?fabricante=Peugeot&modelo=307,307,"{'fabricante': ['Peugeot'], 'modelo': ['307']}"
Peugeot,307 Cabriolet,307 Cabriolet,https://www.carrosnaweb.com.br/catalogomodelo.asp?fabricante=Peugeot&modelo=307 Cabriolet,catalogomodelo.asp?fabricante=Peugeot&modelo=307 Cabriolet,307 Cabriolet,"{'fabricante': ['Peugeot'], 'modelo': ['307 Cabriolet']}"
Peugeot,307 SW,307 SW,https://www.carrosnaweb.com.br/catalogomodelo.asp?fabricante=Peugeot&modelo=307 SW,catalogomodelo.asp?fabricante=Peugeot&modelo=307 SW,307 SW,"{'fabricante': ['Peugeot'], 'modelo': ['307 SW']}"
Peugeot,307 Sedan,307 Sedan,https://www.carrosnaweb.com.br/catalogomodelo.asp?fabricante=Peugeot&modelo=307 Sedan,catalogomodelo.asp?fabricante=Peugeot&modelo=307 Sedan,307 Sedan,"{'fabricante': ['Peugeot'], 'modelo': ['307 Sedan']}"
Peugeot,308,308,https://www.carrosnaweb.com.br/catalogomodelo.asp?fabricante=Peugeot&modelo=308,catalogomodelo.asp?fabricante=Peugeot&modelo=308,308,"{'fabricante': ['Peugeot'], 'modelo': ['308']}"
Peugeot,308 Cabriolet,308 Cabriolet,https://www.carrosnaweb.com.br/catalogomodelo.asp?fabricante=Peugeot&modelo=308 Cabriolet,catalogomodelo.asp?fabricante=Peugeot&modelo=308 Cabriolet,308 Cabriolet,"{'fabricante': ['Peugeot'], 'modelo': ['308 Cabriolet']}"
Peugeot,405,405,https://www.carrosnaweb.com.br/catalogomodelo.asp?fabricante=Peugeot&modelo=405,catalogomodelo.asp?fabricante=Peugeot&modelo=405,405,"{'fabricante': ['Peugeot'], 'modelo': ['405']}"
Peugeot,405 Break,405 Break,https://www.carrosnaweb.com.br/catalogomodelo.asp?fabricante=Peugeot&modelo=405 Break,catalogomodelo.asp?fabricante=Peugeot&modelo=405 Break,405 Break,"{'fabricante': ['Peugeot'], 'modelo': ['405 Break']}"
Peugeot,406,406,https://www.carrosnaweb.com.br/catalogomodelo.asp?fabricante=Peugeot&modelo=406,catalogomodelo.asp?fabricante=Peugeot&modelo=406,406,"{'fabricante': ['Peugeot'], 'modelo': ['406']}"
Peugeot,406 Break,406 Break,https://www.carrosnaweb.com.br/catalogomodelo.asp?fabricante=Peugeot&modelo=406 Break,catalogomodelo.asp?fabricante=Peugeot&modelo=406 Break,406 Break,"{'fabricante': ['Peugeot'], 'modelo': ['406 Break']}"
Peugeot,406 Coupe,406 Coupe,https://www.carrosnaweb.com.br/catalogomodelo.asp?fabricante=Peugeot&modelo=406 Coupe,catalogomodelo.asp?fabricante=Peugeot&modelo=406 Coupe,406 Coupe,"{'fabricante': ['Peugeot'], 'modelo': ['406 Coupe']}"
Peugeot,407,407,https://www.carrosnaweb.com.br/catalogomodelo.asp?fabricante=Peugeot&modelo=407,catalogomodelo.asp?fabricante=Peugeot&modelo=407,407,"{'fabricante': ['Peugeot'], 'modelo': ['407']}"
Peugeot,407 SW,407 SW,https://www.carrosnaweb.com.br/catalogomodelo.asp?fabricante=Peugeot&modelo=407 SW,catalogomodelo.asp?fabricante=Peugeot&modelo=407 SW,407 SW,"{'fabricante': ['Peugeot'], 'modelo': ['407 SW']}"
Peugeot,408,408,https://www.carrosnaweb.com.br/catalogomodelo.asp?fabricante=Peugeot&modelo=408,catalogomodelo.asp?fabricante=Peugeot&modelo=408,408,"{'fabricante': ['Peugeot'], 'modelo': ['408']}"
Peugeot,5008,5008,https://www.carrosnaweb.com.br/catalogomodelo.asp?fabricante=Peugeot&modelo=5008,catalogomodelo.asp?fabricante=Peugeot&modelo=5008,5008,"{'fabricante': ['Peugeot'], 'modelo': ['5008']}"
Peugeot,504,504,https://www.carrosnaweb.com.br/catalogomodelo.asp?fabricante=Peugeot&modelo=504,catalogomodelo.asp?fabricante=Peugeot&modelo=504,504,"{'fabricante': ['Peugeot'], 'modelo': ['504']}"
Peugeot,508,508,https://www.carrosnaweb.com.br/catalogomodelo.asp?fabricante=Peugeot&modelo=508,catalogomodelo.asp?fabricante=Peugeot&modelo=508,508,"{'fabricante': ['Peugeot'], 'modelo': ['508']}"
Peugeot,605,605,https://www.carrosnaweb.com.br/catalogomodelo.asp?fabricante=Peugeot&modelo=605,catalogomodelo.asp?fabricante=Peugeot&modelo=605,605,"{'fabricante': ['Peugeot'], 'modelo': ['605']}"
Peugeot,607,607,https://www.carrosnaweb.com.br/catalogomodelo.asp?fabricante=Peugeot&modelo=607,catalogomodelo.asp?fabricante=Peugeot&modelo=607,607,"{'fabricante': ['Peugeot'], 'modelo': ['607']}"
Peugeot,806,806,https://www.carrosnaweb.com.br/catalogomodelo.asp?fabricante=Peugeot&modelo=806,catalogomodelo.asp?fabricante=Peugeot&modelo=806,806,"{'fabricante': ['Peugeot'], 'modelo': ['806']}"
Peugeot,807,807,https://www.carrosnaweb.com.br/catalogomodelo.asp?fabricante=Peugeot&modelo=807,catalogomodelo.asp?fabricante=Peugeot&modelo=807,807,"{'fabricante': ['Peugeot'], 'modelo': ['807']}"
Peugeot,Boxer,Boxer,https://www.carrosnaweb.com.br/catalogomodelo.asp?fabricante=Peugeot&modelo=Boxer,catalogomodelo.asp?fabricante=Peugeot&modelo=Boxer,Boxer,"{'fabricante': ['Peugeot'], 'modelo': ['Boxer']}"
Peugeot,Expert,Expert,https://www.carrosnaweb.com.br/catalogomodelo.asp?fabricante=Peugeot&modelo=Expert,catalogomodelo.asp?fabricante=Peugeot&modelo=Expert,Expert,"{'fabricante': ['Peugeot'], 'modelo': ['Expert']}"
Peugeot,Hoggar,Hoggar,https://www.carrosnaweb.com.br/catalogomodelo.asp?fabricante=Peugeot&modelo=Hoggar,catalogomodelo.asp?fabricante=Peugeot&modelo=Hoggar,Hoggar,"{'fabricante': ['Peugeot'], 'modelo': ['Hoggar']}"
Peugeot,Partner,Partner,https://www.carrosnaweb.com.br/catalogomodelo.asp?fabricante=Peugeot&modelo=Partner,catalogomodelo.asp?fabricante=Peugeot&modelo=Partner,Partner,"{'fabricante': ['Peugeot'], 'modelo': ['Partner']}"
Peugeot,Partner Rapid,Partner Rapid,https://www.carrosnaweb.com.br/catalogomodelo.asp?fabricante=Peugeot&modelo=Partner Rapid,catalogomodelo.asp?fabricante=Peugeot&modelo=Partner Rapid,Partner Rapid,"{'fabricante': ['Peugeot'], 'modelo': ['Partner Rapid']}"
Peugeot,RCZ,RCZ,https://www.carrosnaweb.com.br/catalogomodelo.asp?fabricante=Peugeot&modelo=RCZ,catalogomodelo.asp?fabricante=Peugeot&modelo=RCZ,RCZ,"{'fabricante': ['Peugeot'], 'modelo': ['RCZ']}"
Peugeot,e-2008,e-2008,https://www.carrosnaweb.com.br/catalogomodelo.asp?fabricante=Peugeot&modelo=e-2008,catalogomodelo.asp?fabricante=Peugeot&modelo=e-2008,e-2008,"{'fabricante': ['Peugeot'], 'modelo': ['e-2008']}"
Peugeot,e-208,e-208,https://www.carrosnaweb.com.br/catalogomodelo.asp?fabricante=Peugeot&modelo=e-208,catalogomodelo.asp?fabricante=Peugeot&modelo=e-208,e-208,"{'fabricante': ['Peugeot'], 'modelo': ['e-208']}"
Peugeot,e-Expert,e-Expert,https://www.carrosnaweb.com.br/catalogomodelo.asp?fabricante=Peugeot&modelo=e-Expert,catalogomodelo.asp?fabricante=Peugeot&modelo=e-Expert,e-Expert,"{'fabricante': ['Peugeot'], 'modelo': ['e-Expert']}"
Plymouth,Grand Voyager,Grand Voyager,https://www.carrosnaweb.com.br/catalogomodelo.asp?fabricante=Plymouth&modelo=Grand Voyager,catalogomodelo.asp?fabricante=Plymouth&modelo=Grand Voyager,Grand Voyager,"{'fabricante': ['Plymouth'], 'modelo': ['Grand Voyager']}"
Pontiac,Firebird,Firebird,https://www.carrosnaweb.com.br/catalogomodelo.asp?fabricante=Pontiac&modelo=Firebird,catalogomodelo.asp?fabricante=Pontiac&modelo=Firebird,Firebird,"{'fabricante': ['Pontiac'], 'modelo': ['Firebird']}"
Pontiac,Solstice,Solstice,https://www.carrosnaweb.com.br/catalogomodelo.asp?fabricante=Pontiac&modelo=Solstice,catalogomodelo.asp?fabricante=Pontiac&modelo=Solstice,Solstice,"{'fabricante': ['Pontiac'], 'modelo': ['Solstice']}"
Pontiac,Trans Sport,Trans Sport,https://www.carrosnaweb.com.br/catalogomodelo.asp?fabricante=Pontiac&modelo=Trans Sport,catalogomodelo.asp?fabricante=Pontiac&modelo=Trans Sport,Trans Sport,"{'fabricante': ['Pontiac'], 'modelo': ['Trans Sport']}"
Porsche,911,911,https://www.carrosnaweb.com.br/catalogomodelo.asp?fabricante=Porsche&modelo=911,catalogomodelo.asp?fabricante=Porsche&modelo=911,911,"{'fabricante': ['Porsche'], 'modelo': ['911']}"
Porsche,911 Cabriolet,911 Cabriolet,https://www.carrosnaweb.com.br/catalogomodelo.asp?fabricante=Porsche&modelo=911 Cabriolet,catalogomodelo.asp?fabricante=Porsche&modelo=911 Cabriolet,911 Cabriolet,"{'fabricante': ['Porsche'], 'modelo': ['911 Cabriolet']}"
Porsche,911 Targa,911 Targa,https://www.carrosnaweb.com.br/catalogomodelo.asp?fabricante=Porsche&modelo=911 Targa,catalogomodelo.asp?fabricante=Porsche&modelo=911 Targa,911 Targa,"{'fabricante': ['Porsche'], 'modelo': ['911 Targa']}"
Porsche,918,918,https://www.carrosnaweb.com.br/catalogomodelo.asp?fabricante=Porsche&modelo=918,catalogomodelo.asp?fabricante=Porsche&modelo=918,918,"{'fabricante': ['Porsche'], 'modelo': ['918']}"
Porsche,928,928,https://www.carrosnaweb.com.br/catalogomodelo.asp?fabricante=Porsche&modelo=928,catalogomodelo.asp?fabricante=Porsche&modelo=928,928,"{'fabricante': ['Porsche'], 'modelo': ['928']}"
Porsche,959,959,https://www.carrosnaweb.com.br/catalogomodelo.asp?fabricante=Porsche&modelo=959,catalogomodelo.asp?fabricante=Porsche&modelo=959,959,"{'fabricante': ['Porsche'], 'modelo': ['959']}"
Porsche,968,968,https://www.carrosnaweb.com.br/catalogomodelo.asp?fabricante=Porsche&modelo=968,catalogomodelo.asp?fabricante=Porsche&modelo=968,968,"{'fabricante': ['Porsche'], 'modelo': ['968']}"
Porsche,Boxster,Boxster,https://www.carrosnaweb.com.br/catalogomodelo.asp?fabricante=Porsche&modelo=Boxster,catalogomodelo.asp?fabricante=Porsche&modelo=Boxster,Boxster,"{'fabricante': ['Porsche'], 'modelo': ['Boxster']}"
Porsche,Carrera GT,Carrera GT,https://www.carrosnaweb.com.br/catalogomodelo.asp?fabricante=Porsche&modelo=Carrera GT,catalogomodelo.asp?fabricante=Porsche&modelo=Carrera GT,Carrera GT,"{'fabricante': ['Porsche'], 'modelo': ['Carrera GT']}"
Porsche,Cayenne,Cayenne,https://www.carrosnaweb.com.br/catalogomodelo.asp?fabricante=Porsche&modelo=Cayenne,catalogomodelo.asp?fabricante=Porsche&modelo=Cayenne,Cayenne,"{'fabricante': ['Porsche'], 'modelo': ['Cayenne']}"
Porsche,Cayenne Coupe,Cayenne Coupe,https://www.carrosnaweb.com.br/catalogomodelo.asp?fabricante=Porsche&modelo=Cayenne Coupe,catalogomodelo.asp?fabricante=Porsche&modelo=Cayenne Coupe,Cayenne Coupe,"{'fabricante': ['Porsche'], 'modelo': ['Cayenne Coupe']}"
Porsche,Cayenne Coupe Electric,Cayenne Coupe Electric,https://www.carrosnaweb.com.br/catalogomodelo.asp?fabricante=Porsche&modelo=Cayenne Coupe Electric,catalogomodelo.asp?fabricante=Porsche&modelo=Cayenne Coupe Electric,Cayenne Coupe Electric,"{'fabricante': ['Porsche'], 'modelo': ['Cayenne Coupe Electric']}"
Porsche,Cayenne Electric,Cayenne Electric,https://www.carrosnaweb.com.br/catalogomodelo.asp?fabricante=Porsche&modelo=Cayenne Electric,catalogomodelo.asp?fabricante=Porsche&modelo=Cayenne Electric,Cayenne Electric,"{'fabricante': ['Porsche'], 'modelo': ['Cayenne Electric']}"
Porsche,Cayman,Cayman,https://www.carrosnaweb.com.br/catalogomodelo.asp?fabricante=Porsche&modelo=Cayman,catalogomodelo.asp?fabricante=Porsche&modelo=Cayman,Cayman,"{'fabricante': ['Porsche'], 'modelo': ['Cayman']}"
Porsche,Macan,Macan,https://www.carrosnaweb.com.br/catalogomodelo.asp?fabricante=Porsche&modelo=Macan,catalogomodelo.asp?fabricante=Porsche&modelo=Macan,Macan,"{'fabricante': ['Porsche'], 'modelo': ['Macan']}"
Porsche,Macan Electric,Macan Electric,https://www.carrosnaweb.com.br/catalogomodelo.asp?fabricante=Porsche&modelo=Macan Electric,catalogomodelo.asp?fabricante=Porsche&modelo=Macan Electric,Macan Electric,"{'fabricante': ['Porsche'], 'modelo': ['Macan Electric']}"
Porsche,Panamera,Panamera,https://www.carrosnaweb.com.br/catalogomodelo.asp?fabricante=Porsche&modelo=Panamera,catalogomodelo.asp?fabricante=Porsche&modelo=Panamera,Panamera,"{'fabricante': ['Porsche'], 'modelo': ['Panamera']}"
Porsche,Panamera Sport Turismo,Panamera Sport Turismo,https://www.carrosnaweb.com.br/catalogomodelo.asp?fabricante=Porsche&modelo=Panamera Sport Turismo,catalogomodelo.asp?fabricante=Porsche&modelo=Panamera Sport Turismo,Panamera Sport Turismo,"{'fabricante': ['Porsche'], 'modelo': ['Panamera Sport Turismo']}"
Porsche,Taycan,Taycan,https://www.carrosnaweb.com.br/catalogomodelo.asp?fabricante=Porsche&modelo=Taycan,catalogomodelo.asp?fabricante=Porsche&modelo=Taycan,Taycan,"{'fabricante': ['Porsche'], 'modelo': ['Taycan']}"
Porsche,Taycan Cross Turismo,Taycan Cross Turismo,https://www.carrosnaweb.com.br/catalogomodelo.asp?fabricante=Porsche&modelo=Taycan Cross Turismo,catalogomodelo.asp?fabricante=Porsche&modelo=Taycan Cross Turismo,Taycan Cross Turismo,"{'fabricante': ['Porsche'], 'modelo': ['Taycan Cross Turismo']}"
Puma,GT,GT,https://www.carrosnaweb.com.br/catalogomodelo.asp?fabricante=Puma&modelo=GT,catalogomodelo.asp?fabricante=Puma&modelo=GT,GT,"{'fabricante': ['Puma'], 'modelo': ['GT']}"
Puma,GTB,GTB,https://www.carrosnaweb.com.br/catalogomodelo.asp?fabricante=Puma&modelo=GTB,catalogomodelo.asp?fabricante=Puma&modelo=GTB,GTB,"{'fabricante': ['Puma'], 'modelo': ['GTB']}"
Puma,GTC,GTC,https://www.carrosnaweb.com.br/catalogomodelo.asp?fabricante=Puma&modelo=GTC,catalogomodelo.asp?fabricante=Puma&modelo=GTC,GTC,"{'fabricante': ['Puma'], 'modelo': ['GTC']}"
Puma,GTE,GTE,https://www.carrosnaweb.com.br/catalogomodelo.asp?fabricante=Puma&modelo=GTE,catalogomodelo.asp?fabricante=Puma&modelo=GTE,GTE,"{'fabricante': ['Puma'], 'modelo': ['GTE']}"
Puma,GTI,GTI,https://www.carrosnaweb.com.br/catalogomodelo.asp?fabricante=Puma&modelo=GTI,catalogomodelo.asp?fabricante=Puma&modelo=GTI,GTI,"{'fabricante': ['Puma'], 'modelo': ['GTI']}"
Puma,GTS,GTS,https://www.carrosnaweb.com.br/catalogomodelo.asp?fabricante=Puma&modelo=GTS,catalogomodelo.asp?fabricante=Puma&modelo=GTS,GTS,"{'fabricante': ['Puma'], 'modelo': ['GTS']}"
Ragge,California,California,https://www.carrosnaweb.com.br/catalogomodelo.asp?fabricante=Ragge&modelo=California,catalogomodelo.asp?fabricante=Ragge&modelo=California,California,"{'fabricante': ['Ragge'], 'modelo': ['California']}"
Ram,1500,1500,https://www.carrosnaweb.com.br/catalogomodelo.asp?fabricante=Ram&modelo=1500,catalogomodelo.asp?fabricante=Ram&modelo=1500,1500,"{'fabricante': ['Ram'], 'modelo': ['1500']}"
Ram,2500,2500,https://www.carrosnaweb.com.br/catalogomodelo.asp?fabricante=Ram&modelo=2500,catalogomodelo.asp?fabricante=Ram&modelo=2500,2500,"{'fabricante': ['Ram'], 'modelo': ['2500']}"
Ram,3500,3500,https://www.carrosnaweb.com.br/catalogomodelo.asp?fabricante=Ram&modelo=3500,catalogomodelo.asp?fabricante=Ram&modelo=3500,3500,"{'fabricante': ['Ram'], 'modelo': ['3500']}"
Ram,Dakota,Dakota,https://www.carrosnaweb.com.br/catalogomodelo.asp?fabricante=Ram&modelo=Dakota,catalogomodelo.asp?fabricante=Ram&modelo=Dakota,Dakota,"{'fabricante': ['Ram'], 'modelo': ['Dakota']}"
Ram,Rampage,Rampage,https://www.carrosnaweb.com.br/catalogomodelo.asp?fabricante=Ram&modelo=Rampage,catalogomodelo.asp?fabricante=Ram&modelo=Rampage,Rampage,"{'fabricante': ['Ram'], 'modelo': ['Rampage']}"
Rely,Link,Link,https://www.carrosnaweb.com.br/catalogomodelo.asp?fabricante=Rely&modelo=Link,catalogomodelo.asp?fabricante=Rely&modelo=Link,Link,"{'fabricante': ['Rely'], 'modelo': ['Link']}"
Rely,Pick-up,Pick-up,https://www.carrosnaweb.com.br/catalogomodelo.asp?fabricante=Rely&modelo=Pick-up,catalogomodelo.asp?fabricante=Rely&modelo=Pick-up,Pick-up,"{'fabricante': ['Rely'], 'modelo': ['Pick-up']}"
Rely,Van,Van,https://www.carrosnaweb.com.br/catalogomodelo.asp?fabricante=Rely&modelo=Van,catalogomodelo.asp?fabricante=Rely&modelo=Van,Van,"{'fabricante': ['Rely'], 'modelo': ['Van']}"
Renault,19,19,https://www.carrosnaweb.com.br/catalogomodelo.asp?fabricante=Renault&modelo=19,catalogomodelo.asp?fabricante=Renault&modelo=19,19,"{'fabricante': ['Renault'], 'modelo': ['19']}"
Renault,19 Cabriolet,19 Cabriolet,https://www.carrosnaweb.com.br/catalogomodelo.asp?fabricante=Renault&modelo=19 Cabriolet,catalogomodelo.asp?fabricante=Renault&modelo=19 Cabriolet,19 Cabriolet,"{'fabricante': ['Renault'], 'modelo': ['19 Cabriolet']}"
Renault,19 Sedan,19 Sedan,https://www.carrosnaweb.com.br/catalogomodelo.asp?fabricante=Renault&modelo=19 Sedan,catalogomodelo.asp?fabricante=Renault&modelo=19 Sedan,19 Sedan,"{'fabricante': ['Renault'], 'modelo': ['19 Sedan']}"
Renault,21,21,https://www.carrosnaweb.com.br/catalogomodelo.asp?fabricante=Renault&modelo=21,catalogomodelo.asp?fabricante=Renault&modelo=21,21,"{'fabricante': ['Renault'], 'modelo': ['21']}"
Renault,21 Nevada,21 Nevada,https://www.carrosnaweb.com.br/catalogomodelo.asp?fabricante=Renault&modelo=21 Nevada,catalogomodelo.asp?fabricante=Renault&modelo=21 Nevada,21 Nevada,"{'fabricante': ['Renault'], 'modelo': ['21 Nevada']}"
Renault,Boreal,Boreal,https://www.carrosnaweb.com.br/catalogomodelo.asp?fabricante=Renault&modelo=Boreal,catalogomodelo.asp?fabricante=Renault&modelo=Boreal,Boreal,"{'fabricante': ['Renault'], 'modelo': ['Boreal']}"
Renault,Captur,Captur,https://www.carrosnaweb.com.br/catalogomodelo.asp?fabricante=Renault&modelo=Captur,catalogomodelo.asp?fabricante=Renault&modelo=Captur,Captur,"{'fabricante': ['Renault'], 'modelo': ['Captur']}"
Renault,Clio,Clio,https://www.carrosnaweb.com.br/catalogomodelo.asp?fabricante=Renault&modelo=Clio,catalogomodelo.asp?fabricante=Renault&modelo=Clio,Clio,"{'fabricante': ['Renault'], 'modelo': ['Clio']}"
Renault,Clio Sedan,Clio Sedan,https://www.carrosnaweb.com.br/catalogomodelo.asp?fabricante=Renault&modelo=Clio Sedan,catalogomodelo.asp?fabricante=Renault&modelo=Clio Sedan,Clio Sedan,"{'fabricante': ['Renault'], 'modelo': ['Clio Sedan']}"
Renault,Duster,Duster,https://www.carrosnaweb.com.br/catalogomodelo.asp?fabricante=Renault&modelo=Duster,catalogomodelo.asp?fabricante=Renault&modelo=Duster,Duster,"{'fabricante': ['Renault'], 'modelo': ['Duster']}"
Renault,Express,Express,https://www.carrosnaweb.com.br/catalogomodelo.asp?fabricante=Renault&modelo=Express,catalogomodelo.asp?fabricante=Renault&modelo=Express,Express,"{'fabricante': ['Renault'], 'modelo': ['Express']}"
Renault,Fluence,Fluence,https://www.carrosnaweb.com.br/catalogomodelo.asp?fabricante=Renault&modelo=Fluence,catalogomodelo.asp?fabricante=Renault&modelo=Fluence,Fluence,"{'fabricante': ['Renault'], 'modelo': ['Fluence']}"
Renault,Kangoo,Kangoo,https://www.carrosnaweb.com.br/catalogomodelo.asp?fabricante=Renault&modelo=Kangoo,catalogomodelo.asp?fabricante=Renault&modelo=Kangoo,Kangoo,"{'fabricante': ['Renault'], 'modelo': ['Kangoo']}"
Renault,Kangoo E-Tech,Kangoo E-Tech,https://www.carrosnaweb.com.br/catalogomodelo.asp?fabricante=Renault&modelo=Kangoo E-Tech,catalogomodelo.asp?fabricante=Renault&modelo=Kangoo E-Tech,Kangoo E-Tech,"{'fabricante': ['Renault'], 'modelo': ['Kangoo E-Tech']}"
Renault,Kangoo Z.E.,Kangoo Z.E.,https://www.carrosnaweb.com.br/catalogomodelo.asp?fabricante=Renault&modelo=Kangoo Z.E.,catalogomodelo.asp?fabricante=Renault&modelo=Kangoo Z.E.,Kangoo Z.E.,"{'fabricante': ['Renault'], 'modelo': ['Kangoo Z.E.']}"
Renault,Kardian,Kardian,https://www.carrosnaweb.com.br/catalogomodelo.asp?fabricante=Renault&modelo=Kardian,catalogomodelo.asp?fabricante=Renault&modelo=Kardian,Kardian,"{'fabricante': ['Renault'], 'modelo': ['Kardian']}"
Renault,Koleos,Koleos,https://www.carrosnaweb.com.br/catalogomodelo.asp?fabricante=Renault&modelo=Koleos,catalogomodelo.asp?fabricante=Renault&modelo=Koleos,Koleos,"{'fabricante': ['Renault'], 'modelo': ['Koleos']}"
Renault,Kwid,Kwid,https://www.carrosnaweb.com.br/catalogomodelo.asp?fabricante=Renault&modelo=Kwid,catalogomodelo.asp?fabricante=Renault&modelo=Kwid,Kwid,"{'fabricante': ['Renault'], 'modelo': ['Kwid']}"
Renault,Kwid E-Tech,Kwid E-Tech,https://www.carrosnaweb.com.br/catalogomodelo.asp?fabricante=Renault&modelo=Kwid E-Tech,catalogomodelo.asp?fabricante=Renault&modelo=Kwid E-Tech,Kwid E-Tech,"{'fabricante': ['Renault'], 'modelo': ['Kwid E-Tech']}"
Renault,Laguna,Laguna,https://www.carrosnaweb.com.br/catalogomodelo.asp?fabricante=Renault&modelo=Laguna,catalogomodelo.asp?fabricante=Renault&modelo=Laguna,Laguna,"{'fabricante': ['Renault'], 'modelo': ['Laguna']}"
Renault,Laguna Grand Tour,Laguna Grand Tour,https://www.carrosnaweb.com.br/catalogomodelo.asp?fabricante=Renault&modelo=Laguna Grand Tour,catalogomodelo.asp?fabricante=Renault&modelo=Laguna Grand Tour,Laguna Grand Tour,"{'fabricante': ['Renault'], 'modelo': ['Laguna Grand Tour']}"
Renault,Laguna Nevada,Laguna Nevada,https://www.carrosnaweb.com.br/catalogomodelo.asp?fabricante=Renault&modelo=Laguna Nevada,catalogomodelo.asp?fabricante=Renault&modelo=Laguna Nevada,Laguna Nevada,"{'fabricante': ['Renault'], 'modelo': ['Laguna Nevada']}"
Renault,Logan,Logan,https://www.carrosnaweb.com.br/catalogomodelo.asp?fabricante=Renault&modelo=Logan,catalogomodelo.asp?fabricante=Renault&modelo=Logan,Logan,"{'fabricante': ['Renault'], 'modelo': ['Logan']}"
Renault,Master,Master,https://www.carrosnaweb.com.br/catalogomodelo.asp?fabricante=Renault&modelo=Master,catalogomodelo.asp?fabricante=Renault&modelo=Master,Master,"{'fabricante': ['Renault'], 'modelo': ['Master']}"
Renault,Megane,Megane,https://www.carrosnaweb.com.br/catalogomodelo.asp?fabricante=Renault&modelo=Megane,catalogomodelo.asp?fabricante=Renault&modelo=Megane,Megane,"{'fabricante': ['Renault'], 'modelo': ['Megane']}"
Renault,Megane Cabriolet,Megane Cabriolet,https://www.carrosnaweb.com.br/catalogomodelo.asp?fabricante=Renault&modelo=Megane Cabriolet,catalogomodelo.asp?fabricante=Renault&modelo=Megane Cabriolet,Megane Cabriolet,"{'fabricante': ['Renault'], 'modelo': ['Megane Cabriolet']}"
Renault,Megane E-Tech,Megane E-Tech,https://www.carrosnaweb.com.br/catalogomodelo.asp?fabricante=Renault&modelo=Megane E-Tech,catalogomodelo.asp?fabricante=Renault&modelo=Megane E-Tech,Megane E-Tech,"{'fabricante': ['Renault'], 'modelo': ['Megane E-Tech']}"
Renault,Megane Grand Tour,Megane Grand Tour,https://www.carrosnaweb.com.br/catalogomodelo.asp?fabricante=Renault&modelo=Megane Grand Tour,catalogomodelo.asp?fabricante=Renault&modelo=Megane Grand Tour,Megane Grand Tour,"{'fabricante': ['Renault'], 'modelo': ['Megane Grand Tour']}"
Renault,Megane Hatch,Megane Hatch,https://www.carrosnaweb.com.br/catalogomodelo.asp?fabricante=Renault&modelo=Megane Hatch,catalogomodelo.asp?fabricante=Renault&modelo=Megane Hatch,Megane Hatch,"{'fabricante': ['Renault'], 'modelo': ['Megane Hatch']}"
Renault,Niagara,Niagara,https://www.carrosnaweb.com.br/catalogomodelo.asp?fabricante=Renault&modelo=Niagara,catalogomodelo.asp?fabricante=Renault&modelo=Niagara,Niagara,"{'fabricante': ['Renault'], 'modelo': ['Niagara']}"
Renault,Oroch,Oroch,https://www.carrosnaweb.com.br/catalogomodelo.asp?fabricante=Renault&modelo=Oroch,catalogomodelo.asp?fabricante=Renault&modelo=Oroch,Oroch,"{'fabricante': ['Renault'], 'modelo': ['Oroch']}"
Renault,Sandero,Sandero,https://www.carrosnaweb.com.br/catalogomodelo.asp?fabricante=Renault&modelo=Sandero,catalogomodelo.asp?fabricante=Renault&modelo=Sandero,Sandero,"{'fabricante': ['Renault'], 'modelo': ['Sandero']}"
Renault,Scenic,Scenic,https://www.carrosnaweb.com.br/catalogomodelo.asp?fabricante=Renault&modelo=Scenic,catalogomodelo.asp?fabricante=Renault&modelo=Scenic,Scenic,"{'fabricante': ['Renault'], 'modelo': ['Scenic']}"
Renault,Symbol,Symbol,https://www.carrosnaweb.com.br/catalogomodelo.asp?fabricante=Renault&modelo=Symbol,catalogomodelo.asp?fabricante=Renault&modelo=Symbol,Symbol,"{'fabricante': ['Renault'], 'modelo': ['Symbol']}"
Renault,Trafic,Trafic,https://www.carrosnaweb.com.br/catalogomodelo.asp?fabricante=Renault&modelo=Trafic,catalogomodelo.asp?fabricante=Renault&modelo=Trafic,Trafic,"{'fabricante': ['Renault'], 'modelo': ['Trafic']}"
Renault,Twingo,Twingo,https://www.carrosnaweb.com.br/catalogomodelo.asp?fabricante=Renault&modelo=Twingo,catalogomodelo.asp?fabricante=Renault&modelo=Twingo,Twingo,"{'fabricante': ['Renault'], 'modelo': ['Twingo']}"
Renault,Zoe,Zoe,https://www.carrosnaweb.com.br/catalogomodelo.asp?fabricante=Renault&modelo=Zoe,catalogomodelo.asp?fabricante=Renault&modelo=Zoe,Zoe,"{'fabricante': ['Renault'], 'modelo': ['Zoe']}"
Riddara,RD6,RD6,https://www.carrosnaweb.com.br/catalogomodelo.asp?fabricante=Riddara&modelo=RD6,catalogomodelo.asp?fabricante=Riddara&modelo=RD6,RD6,"{'fabricante': ['Riddara'], 'modelo': ['RD6']}"
Rimac,Nevera,Nevera,https://www.carrosnaweb.com.br/catalogomodelo.asp?fabricante=Rimac&modelo=Nevera,catalogomodelo.asp?fabricante=Rimac&modelo=Nevera,Nevera,"{'fabricante': ['Rimac'], 'modelo': ['Nevera']}"
Rivian,R1T,R1T,https://www.carrosnaweb.com.br/catalogomodelo.asp?fabricante=Rivian&modelo=R1T,catalogomodelo.asp?fabricante=Rivian&modelo=R1T,R1T,"{'fabricante': ['Rivian'], 'modelo': ['R1T']}"
Rolls-Royce,Cullinan,Cullinan,https://www.carrosnaweb.com.br/catalogomodelo.asp?fabricante=Rolls-Royce&modelo=Cullinan,catalogomodelo.asp?fabricante=Rolls-Royce&modelo=Cullinan,Cullinan,"{'fabricante': ['Rolls-Royce'], 'modelo': ['Cullinan']}"
Rolls-Royce,Dawn,Dawn,https://www.carrosnaweb.com.br/catalogomodelo.asp?fabricante=Rolls-Royce&modelo=Dawn,catalogomodelo.asp?fabricante=Rolls-Royce&modelo=Dawn,Dawn,"{'fabricante': ['Rolls-Royce'], 'modelo': ['Dawn']}"
Rolls-Royce,Droptail,Droptail,https://www.carrosnaweb.com.br/catalogomodelo.asp?fabricante=Rolls-Royce&modelo=Droptail,catalogomodelo.asp?fabricante=Rolls-Royce&modelo=Droptail,Droptail,"{'fabricante': ['Rolls-Royce'], 'modelo': ['Droptail']}"
Rolls-Royce,Ghost,Ghost,https://www.carrosnaweb.com.br/catalogomodelo.asp?fabricante=Rolls-Royce&modelo=Ghost,catalogomodelo.asp?fabricante=Rolls-Royce&modelo=Ghost,Ghost,"{'fabricante': ['Rolls-Royce'], 'modelo': ['Ghost']}"
Rolls-Royce,Phantom,Phantom,https://www.carrosnaweb.com.br/catalogomodelo.asp?fabricante=Rolls-Royce&modelo=Phantom,catalogomodelo.asp?fabricante=Rolls-Royce&modelo=Phantom,Phantom,"{'fabricante': ['Rolls-Royce'], 'modelo': ['Phantom']}"
Rolls-Royce,Wraith,Wraith,https://www.carrosnaweb.com.br/catalogomodelo.asp?fabricante=Rolls-Royce&modelo=Wraith,catalogomodelo.asp?fabricante=Rolls-Royce&modelo=Wraith,Wraith,"{'fabricante': ['Rolls-Royce'], 'modelo': ['Wraith']}"
SAIC,Maxus,Maxus,https://www.carrosnaweb.com.br/catalogomodelo.asp?fabricante=SAIC&modelo=Maxus,catalogomodelo.asp?fabricante=SAIC&modelo=Maxus,Maxus,"{'fabricante': ['SAIC'], 'modelo': ['Maxus']}"
SSC,Tuatara,Tuatara,https://www.carrosnaweb.com.br/catalogomodelo.asp?fabricante=SSC&modelo=Tuatara,catalogomodelo.asp?fabricante=SSC&modelo=Tuatara,Tuatara,"{'fabricante': ['SSC'], 'modelo': ['Tuatara']}"
Saab,9000,9000,https://www.carrosnaweb.com.br/catalogomodelo.asp?fabricante=Saab&modelo=9000,catalogomodelo.asp?fabricante=Saab&modelo=9000,9000,"{'fabricante': ['Saab'], 'modelo': ['9000']}"
Saleen,S7,S7,https://www.carrosnaweb.com.br/catalogomodelo.asp?fabricante=Saleen&modelo=S7,catalogomodelo.asp?fabricante=Saleen&modelo=S7,S7,"{'fabricante': ['Saleen'], 'modelo': ['S7']}"
Santa Matilde,SM,SM,https://www.carrosnaweb.com.br/catalogomodelo.asp?fabricante=Santa Matilde&modelo=SM,catalogomodelo.asp?fabricante=Santa Matilde&modelo=SM,SM,"{'fabricante': ['Santa Matilde'], 'modelo': ['SM']}"
Saturn,SC,SC,https://www.carrosnaweb.com.br/catalogomodelo.asp?fabricante=Saturn&modelo=SC,catalogomodelo.asp?fabricante=Saturn&modelo=SC,SC,"{'fabricante': ['Saturn'], 'modelo': ['SC']}"
Saturn,SL,SL,https://www.carrosnaweb.com.br/catalogomodelo.asp?fabricante=Saturn&modelo=SL,catalogomodelo.asp?fabricante=Saturn&modelo=SL,SL,"{'fabricante': ['Saturn'], 'modelo': ['SL']}"
Saturn,SW,SW,https://www.carrosnaweb.com.br/catalogomodelo.asp?fabricante=Saturn&modelo=SW,catalogomodelo.asp?fabricante=Saturn&modelo=SW,SW,"{'fabricante': ['Saturn'], 'modelo': ['SW']}"
Seat,Cordoba,Cordoba,https://www.carrosnaweb.com.br/catalogomodelo.asp?fabricante=Seat&modelo=Cordoba,catalogomodelo.asp?fabricante=Seat&modelo=Cordoba,Cordoba,"{'fabricante': ['Seat'], 'modelo': ['Cordoba']}"
Seat,Cordoba Vario,Cordoba Vario,https://www.carrosnaweb.com.br/catalogomodelo.asp?fabricante=Seat&modelo=Cordoba Vario,catalogomodelo.asp?fabricante=Seat&modelo=Cordoba Vario,Cordoba Vario,"{'fabricante': ['Seat'], 'modelo': ['Cordoba Vario']}"
Seat,Ibiza,Ibiza,https://www.carrosnaweb.com.br/catalogomodelo.asp?fabricante=Seat&modelo=Ibiza,catalogomodelo.asp?fabricante=Seat&modelo=Ibiza,Ibiza,"{'fabricante': ['Seat'], 'modelo': ['Ibiza']}"
Seat,Inca,Inca,https://www.carrosnaweb.com.br/catalogomodelo.asp?fabricante=Seat&modelo=Inca,catalogomodelo.asp?fabricante=Seat&modelo=Inca,Inca,"{'fabricante': ['Seat'], 'modelo': ['Inca']}"
Seres,Seres 3,Seres 3,https://www.carrosnaweb.com.br/catalogomodelo.asp?fabricante=Seres&modelo=Seres 3,catalogomodelo.asp?fabricante=Seres&modelo=Seres 3,Seres 3,"{'fabricante': ['Seres'], 'modelo': ['Seres 3']}"
Seres,Seres 5,Seres 5,https://www.carrosnaweb.com.br/catalogomodelo.asp?fabricante=Seres&modelo=Seres 5,catalogomodelo.asp?fabricante=Seres&modelo=Seres 5,Seres 5,"{'fabricante': ['Seres'], 'modelo': ['Seres 5']}"
Shineray,Picape,Picape,https://www.carrosnaweb.com.br/catalogomodelo.asp?fabricante=Shineray&modelo=Picape,catalogomodelo.asp?fabricante=Shineray&modelo=Picape,Picape,"{'fabricante': ['Shineray'], 'modelo': ['Picape']}"
Shineray,Van,Van,https://www.carrosnaweb.com.br/catalogomodelo.asp?fabricante=Shineray&modelo=Van,catalogomodelo.asp?fabricante=Shineray&modelo=Van,Van,"{'fabricante': ['Shineray'], 'modelo': ['Van']}"
Smart,ForTwo,ForTwo,https://www.carrosnaweb.com.br/catalogomodelo.asp?fabricante=Smart&modelo=ForTwo,catalogomodelo.asp?fabricante=Smart&modelo=ForTwo,ForTwo,"{'fabricante': ['Smart'], 'modelo': ['ForTwo']}"
Ssangyong,Actyon,Actyon,https://www.carrosnaweb.com.br/catalogomodelo.asp?fabricante=Ssangyong&modelo=Actyon,catalogomodelo.asp?fabricante=Ssangyong&modelo=Actyon,Actyon,"{'fabricante': ['Ssangyong'], 'modelo': ['Actyon']}"
Ssangyong,Actyon Sports,Actyon Sports,https://www.carrosnaweb.com.br/catalogomodelo.asp?fabricante=Ssangyong&modelo=Actyon Sports,catalogomodelo.asp?fabricante=Ssangyong&modelo=Actyon Sports,Actyon Sports,"{'fabricante': ['Ssangyong'], 'modelo': ['Actyon Sports']}"
Ssangyong,Korando,Korando,https://www.carrosnaweb.com.br/catalogomodelo.asp?fabricante=Ssangyong&modelo=Korando,catalogomodelo.asp?fabricante=Ssangyong&modelo=Korando,Korando,"{'fabricante': ['Ssangyong'], 'modelo': ['Korando']}"
Ssangyong,Kyron,Kyron,https://www.carrosnaweb.com.br/catalogomodelo.asp?fabricante=Ssangyong&modelo=Kyron,catalogomodelo.asp?fabricante=Ssangyong&modelo=Kyron,Kyron,"{'fabricante': ['Ssangyong'], 'modelo': ['Kyron']}"
Ssangyong,Musso,Musso,https://www.carrosnaweb.com.br/catalogomodelo.asp?fabricante=Ssangyong&modelo=Musso,catalogomodelo.asp?fabricante=Ssangyong&modelo=Musso,Musso,"{'fabricante': ['Ssangyong'], 'modelo': ['Musso']}"
Ssangyong,Rexton,Rexton,https://www.carrosnaweb.com.br/catalogomodelo.asp?fabricante=Ssangyong&modelo=Rexton,catalogomodelo.asp?fabricante=Ssangyong&modelo=Rexton,Rexton,"{'fabricante': ['Ssangyong'], 'modelo': ['Rexton']}"
Ssangyong,Tivoli,Tivoli,https://www.carrosnaweb.com.br/catalogomodelo.asp?fabricante=Ssangyong&modelo=Tivoli,catalogomodelo.asp?fabricante=Ssangyong&modelo=Tivoli,Tivoli,"{'fabricante': ['Ssangyong'], 'modelo': ['Tivoli']}"
Ssangyong,XLV,XLV,https://www.carrosnaweb.com.br/catalogomodelo.asp?fabricante=Ssangyong&modelo=XLV,catalogomodelo.asp?fabricante=Ssangyong&modelo=XLV,XLV,"{'fabricante': ['Ssangyong'], 'modelo': ['XLV']}"
Subaru,BRZ,BRZ,https://www.carrosnaweb.com.br/catalogomodelo.asp?fabricante=Subaru&modelo=BRZ,catalogomodelo.asp?fabricante=Subaru&modelo=BRZ,BRZ,"{'fabricante': ['Subaru'], 'modelo': ['BRZ']}"
Subaru,Forester,Forester,https://www.carrosnaweb.com.br/catalogomodelo.asp?fabricante=Subaru&modelo=Forester,catalogomodelo.asp?fabricante=Subaru&modelo=Forester,Forester,"{'fabricante': ['Subaru'], 'modelo': ['Forester']}"
Subaru,Impreza,Impreza,https://www.carrosnaweb.com.br/catalogomodelo.asp?fabricante=Subaru&modelo=Impreza,catalogomodelo.asp?fabricante=Subaru&modelo=Impreza,Impreza,"{'fabricante': ['Subaru'], 'modelo': ['Impreza']}"
Subaru,Impreza Hatch,Impreza Hatch,https://www.carrosnaweb.com.br/catalogomodelo.asp?fabricante=Subaru&modelo=Impreza Hatch,catalogomodelo.asp?fabricante=Subaru&modelo=Impreza Hatch,Impreza Hatch,"{'fabricante': ['Subaru'], 'modelo': ['Impreza Hatch']}"
Subaru,Impreza SW,Impreza SW,https://www.carrosnaweb.com.br/catalogomodelo.asp?fabricante=Subaru&modelo=Impreza SW,catalogomodelo.asp?fabricante=Subaru&modelo=Impreza SW,Impreza SW,"{'fabricante': ['Subaru'], 'modelo': ['Impreza SW']}"
Subaru,Legacy,Legacy,https://www.carrosnaweb.com.br/catalogomodelo.asp?fabricante=Subaru&modelo=Legacy,catalogomodelo.asp?fabricante=Subaru&modelo=Legacy,Legacy,"{'fabricante': ['Subaru'], 'modelo': ['Legacy']}"
Subaru,Legacy TW,Legacy TW,https://www.carrosnaweb.com.br/catalogomodelo.asp?fabricante=Subaru&modelo=Legacy TW,catalogomodelo.asp?fabricante=Subaru&modelo=Legacy TW,Legacy TW,"{'fabricante': ['Subaru'], 'modelo': ['Legacy TW']}"
Subaru,Outback,Outback,https://www.carrosnaweb.com.br/catalogomodelo.asp?fabricante=Subaru&modelo=Outback,catalogomodelo.asp?fabricante=Subaru&modelo=Outback,Outback,"{'fabricante': ['Subaru'], 'modelo': ['Outback']}"
Subaru,SVX,SVX,https://www.carrosnaweb.com.br/catalogomodelo.asp?fabricante=Subaru&modelo=SVX,catalogomodelo.asp?fabricante=Subaru&modelo=SVX,SVX,"{'fabricante': ['Subaru'], 'modelo': ['SVX']}"
Subaru,Tribeca,Tribeca,https://www.carrosnaweb.com.br/catalogomodelo.asp?fabricante=Subaru&modelo=Tribeca,catalogomodelo.asp?fabricante=Subaru&modelo=Tribeca,Tribeca,"{'fabricante': ['Subaru'], 'modelo': ['Tribeca']}"
Subaru,Vivio,Vivio,https://www.carrosnaweb.com.br/catalogomodelo.asp?fabricante=Subaru&modelo=Vivio,catalogomodelo.asp?fabricante=Subaru&modelo=Vivio,Vivio,"{'fabricante': ['Subaru'], 'modelo': ['Vivio']}"
Subaru,WRX,WRX,https://www.carrosnaweb.com.br/catalogomodelo.asp?fabricante=Subaru&modelo=WRX,catalogomodelo.asp?fabricante=Subaru&modelo=WRX,WRX,"{'fabricante': ['Subaru'], 'modelo': ['WRX']}"
Subaru,XV,XV,https://www.carrosnaweb.com.br/catalogomodelo.asp?fabricante=Subaru&modelo=XV,catalogomodelo.asp?fabricante=Subaru&modelo=XV,XV,"{'fabricante': ['Subaru'], 'modelo': ['XV']}"
Suzuki,Baleno,Baleno,https://www.carrosnaweb.com.br/catalogomodelo.asp?fabricante=Suzuki&modelo=Baleno,catalogomodelo.asp?fabricante=Suzuki&modelo=Baleno,Baleno,"{'fabricante': ['Suzuki'], 'modelo': ['Baleno']}"
Suzuki,Baleno Hatch,Baleno Hatch,https://www.carrosnaweb.com.br/catalogomodelo.asp?fabricante=Suzuki&modelo=Baleno Hatch,catalogomodelo.asp?fabricante=Suzuki&modelo=Baleno Hatch,Baleno Hatch,"{'fabricante': ['Suzuki'], 'modelo': ['Baleno Hatch']}"
Suzuki,Baleno Wagon,Baleno Wagon,https://www.carrosnaweb.com.br/catalogomodelo.asp?fabricante=Suzuki&modelo=Baleno Wagon,catalogomodelo.asp?fabricante=Suzuki&modelo=Baleno Wagon,Baleno Wagon,"{'fabricante': ['Suzuki'], 'modelo': ['Baleno Wagon']}"
Suzuki,Grand Vitara,Grand Vitara,https://www.carrosnaweb.com.br/catalogomodelo.asp?fabricante=Suzuki&modelo=Grand Vitara,catalogomodelo.asp?fabricante=Suzuki&modelo=Grand Vitara,Grand Vitara,"{'fabricante': ['Suzuki'], 'modelo': ['Grand Vitara']}"
Suzuki,Ignis,Ignis,https://www.carrosnaweb.com.br/catalogomodelo.asp?fabricante=Suzuki&modelo=Ignis,catalogomodelo.asp?fabricante=Suzuki&modelo=Ignis,Ignis,"{'fabricante': ['Suzuki'], 'modelo': ['Ignis']}"
Suzuki,Jimny,Jimny,https://www.carrosnaweb.com.br/catalogomodelo.asp?fabricante=Suzuki&modelo=Jimny,catalogomodelo.asp?fabricante=Suzuki&modelo=Jimny,Jimny,"{'fabricante': ['Suzuki'], 'modelo': ['Jimny']}"
Suzuki,Jimny Sierra,Jimny Sierra,https://www.carrosnaweb.com.br/catalogomodelo.asp?fabricante=Suzuki&modelo=Jimny Sierra,catalogomodelo.asp?fabricante=Suzuki&modelo=Jimny Sierra,Jimny Sierra,"{'fabricante': ['Suzuki'], 'modelo': ['Jimny Sierra']}"
Suzuki,S-Cross,S-Cross,https://www.carrosnaweb.com.br/catalogomodelo.asp?fabricante=Suzuki&modelo=S-Cross,catalogomodelo.asp?fabricante=Suzuki&modelo=S-Cross,S-Cross,"{'fabricante': ['Suzuki'], 'modelo': ['S-Cross']}"
Suzuki,SX4,SX4,https://www.carrosnaweb.com.br/catalogomodelo.asp?fabricante=Suzuki&modelo=SX4,catalogomodelo.asp?fabricante=Suzuki&modelo=SX4,SX4,"{'fabricante': ['Suzuki'], 'modelo': ['SX4']}"
Suzuki,Samurai,Samurai,https://www.carrosnaweb.com.br/catalogomodelo.asp?fabricante=Suzuki&modelo=Samurai,catalogomodelo.asp?fabricante=Suzuki&modelo=Samurai,Samurai,"{'fabricante': ['Suzuki'], 'modelo': ['Samurai']}"
Suzuki,Sidekick,Sidekick,https://www.carrosnaweb.com.br/catalogomodelo.asp?fabricante=Suzuki&modelo=Sidekick,catalogomodelo.asp?fabricante=Suzuki&modelo=Sidekick,Sidekick,"{'fabricante': ['Suzuki'], 'modelo': ['Sidekick']}"
Suzuki,Super Carry,Super Carry,https://www.carrosnaweb.com.br/catalogomodelo.asp?fabricante=Suzuki&modelo=Super Carry,catalogomodelo.asp?fabricante=Suzuki&modelo=Super Carry,Super Carry,"{'fabricante': ['Suzuki'], 'modelo': ['Super Carry']}"
Suzuki,Swift,Swift,https://www.carrosnaweb.com.br/catalogomodelo.asp?fabricante=Suzuki&modelo=Swift,catalogomodelo.asp?fabricante=Suzuki&modelo=Swift,Swift,"{'fabricante': ['Suzuki'], 'modelo': ['Swift']}"
Suzuki,Swift Cabriolet,Swift Cabriolet,https://www.carrosnaweb.com.br/catalogomodelo.asp?fabricante=Suzuki&modelo=Swift Cabriolet,catalogomodelo.asp?fabricante=Suzuki&modelo=Swift Cabriolet,Swift Cabriolet,"{'fabricante': ['Suzuki'], 'modelo': ['Swift Cabriolet']}"
Suzuki,Swift Sedan,Swift Sedan,https://www.carrosnaweb.com.br/catalogomodelo.asp?fabricante=Suzuki&modelo=Swift Sedan,catalogomodelo.asp?fabricante=Suzuki&modelo=Swift Sedan,Swift Sedan,"{'fabricante': ['Suzuki'], 'modelo': ['Swift Sedan']}"
Suzuki,Vitara,Vitara,https://www.carrosnaweb.com.br/catalogomodelo.asp?fabricante=Suzuki&modelo=Vitara,catalogomodelo.asp?fabricante=Suzuki&modelo=Vitara,Vitara,"{'fabricante': ['Suzuki'], 'modelo': ['Vitara']}"
Suzuki,Wagon R,Wagon R,https://www.carrosnaweb.com.br/catalogomodelo.asp?fabricante=Suzuki&modelo=Wagon R,catalogomodelo.asp?fabricante=Suzuki&modelo=Wagon R,Wagon R,"{'fabricante': ['Suzuki'], 'modelo': ['Wagon R']}"
Suzuki,e-Vitara,e-Vitara,https://www.carrosnaweb.com.br/catalogomodelo.asp?fabricante=Suzuki&modelo=e-Vitara,catalogomodelo.asp?fabricante=Suzuki&modelo=e-Vitara,e-Vitara,"{'fabricante': ['Suzuki'], 'modelo': ['e-Vitara']}"
TAC,Stark,Stark,https://www.carrosnaweb.com.br/catalogomodelo.asp?fabricante=TAC&modelo=Stark,catalogomodelo.asp?fabricante=TAC&modelo=Stark,Stark,"{'fabricante': ['TAC'], 'modelo': ['Stark']}"
Tesla,Cybertruck,Cybertruck,https://www.carrosnaweb.com.br/catalogomodelo.asp?fabricante=Tesla&modelo=Cybertruck,catalogomodelo.asp?fabricante=Tesla&modelo=Cybertruck,Cybertruck,"{'fabricante': ['Tesla'], 'modelo': ['Cybertruck']}"
Tesla,Model 3,Model 3,https://www.carrosnaweb.com.br/catalogomodelo.asp?fabricante=Tesla&modelo=Model 3,catalogomodelo.asp?fabricante=Tesla&modelo=Model 3,Model 3,"{'fabricante': ['Tesla'], 'modelo': ['Model 3']}"
Tesla,Model S,Model S,https://www.carrosnaweb.com.br/catalogomodelo.asp?fabricante=Tesla&modelo=Model S,catalogomodelo.asp?fabricante=Tesla&modelo=Model S,Model S,"{'fabricante': ['Tesla'], 'modelo': ['Model S']}"
Tesla,Model X,Model X,https://www.carrosnaweb.com.br/catalogomodelo.asp?fabricante=Tesla&modelo=Model X,catalogomodelo.asp?fabricante=Tesla&modelo=Model X,Model X,"{'fabricante': ['Tesla'], 'modelo': ['Model X']}"
Tesla,Model Y,Model Y,https://www.carrosnaweb.com.br/catalogomodelo.asp?fabricante=Tesla&modelo=Model Y,catalogomodelo.asp?fabricante=Tesla&modelo=Model Y,Model Y,"{'fabricante': ['Tesla'], 'modelo': ['Model Y']}"
Toyota,86,86,https://www.carrosnaweb.com.br/catalogomodelo.asp?fabricante=Toyota&modelo=86,catalogomodelo.asp?fabricante=Toyota&modelo=86,86,"{'fabricante': ['Toyota'], 'modelo': ['86']}"
Toyota,Avalon,Avalon,https://www.carrosnaweb.com.br/catalogomodelo.asp?fabricante=Toyota&modelo=Avalon,catalogomodelo.asp?fabricante=Toyota&modelo=Avalon,Avalon,"{'fabricante': ['Toyota'], 'modelo': ['Avalon']}"
Toyota,Bandeirante,Bandeirante,https://www.carrosnaweb.com.br/catalogomodelo.asp?fabricante=Toyota&modelo=Bandeirante,catalogomodelo.asp?fabricante=Toyota&modelo=Bandeirante,Bandeirante,"{'fabricante': ['Toyota'], 'modelo': ['Bandeirante']}"
Toyota,Camry,Camry,https://www.carrosnaweb.com.br/catalogomodelo.asp?fabricante=Toyota&modelo=Camry,catalogomodelo.asp?fabricante=Toyota&modelo=Camry,Camry,"{'fabricante': ['Toyota'], 'modelo': ['Camry']}"
Toyota,Camry Wagon,Camry Wagon,https://www.carrosnaweb.com.br/catalogomodelo.asp?fabricante=Toyota&modelo=Camry Wagon,catalogomodelo.asp?fabricante=Toyota&modelo=Camry Wagon,Camry Wagon,"{'fabricante': ['Toyota'], 'modelo': ['Camry Wagon']}"
Toyota,Corolla,Corolla,https://www.carrosnaweb.com.br/catalogomodelo.asp?fabricante=Toyota&modelo=Corolla,catalogomodelo.asp?fabricante=Toyota&modelo=Corolla,Corolla,"{'fabricante': ['Toyota'], 'modelo': ['Corolla']}"
Toyota,Corolla Cross,Corolla Cross,https://www.carrosnaweb.com.br/catalogomodelo.asp?fabricante=Toyota&modelo=Corolla Cross,catalogomodelo.asp?fabricante=Toyota&modelo=Corolla Cross,Corolla Cross,"{'fabricante': ['Toyota'], 'modelo': ['Corolla Cross']}"
Toyota,Corolla Hatch,Corolla Hatch,https://www.carrosnaweb.com.br/catalogomodelo.asp?fabricante=Toyota&modelo=Corolla Hatch,catalogomodelo.asp?fabricante=Toyota&modelo=Corolla Hatch,Corolla Hatch,"{'fabricante': ['Toyota'], 'modelo': ['Corolla Hatch']}"
Toyota,Corolla Wagon,Corolla Wagon,https://www.carrosnaweb.com.br/catalogomodelo.asp?fabricante=Toyota&modelo=Corolla Wagon,catalogomodelo.asp?fabricante=Toyota&modelo=Corolla Wagon,Corolla Wagon,"{'fabricante': ['Toyota'], 'modelo': ['Corolla Wagon']}"
Toyota,Corona,Corona,https://www.carrosnaweb.com.br/catalogomodelo.asp?fabricante=Toyota&modelo=Corona,catalogomodelo.asp?fabricante=Toyota&modelo=Corona,Corona,"{'fabricante': ['Toyota'], 'modelo': ['Corona']}"
Toyota,Etios,Etios,https://www.carrosnaweb.com.br/catalogomodelo.asp?fabricante=Toyota&modelo=Etios,catalogomodelo.asp?fabricante=Toyota&modelo=Etios,Etios,"{'fabricante': ['Toyota'], 'modelo': ['Etios']}"
Toyota,Etios Sedan,Etios Sedan,https://www.carrosnaweb.com.br/catalogomodelo.asp?fabricante=Toyota&modelo=Etios Sedan,catalogomodelo.asp?fabricante=Toyota&modelo=Etios Sedan,Etios Sedan,"{'fabricante': ['Toyota'], 'modelo': ['Etios Sedan']}"
Toyota,FJ Cruiser,FJ Cruiser,https://www.carrosnaweb.com.br/catalogomodelo.asp?fabricante=Toyota&modelo=FJ Cruiser,catalogomodelo.asp?fabricante=Toyota&modelo=FJ Cruiser,FJ Cruiser,"{'fabricante': ['Toyota'], 'modelo': ['FJ Cruiser']}"
Toyota,Fielder,Fielder,https://www.carrosnaweb.com.br/catalogomodelo.asp?fabricante=Toyota&modelo=Fielder,catalogomodelo.asp?fabricante=Toyota&modelo=Fielder,Fielder,"{'fabricante': ['Toyota'], 'modelo': ['Fielder']}"
Toyota,Hiace,Hiace,https://www.carrosnaweb.com.br/catalogomodelo.asp?fabricante=Toyota&modelo=Hiace,catalogomodelo.asp?fabricante=Toyota&modelo=Hiace,Hiace,"{'fabricante': ['Toyota'], 'modelo': ['Hiace']}"
Toyota,Hilux,Hilux,https://www.carrosnaweb.com.br/catalogomodelo.asp?fabricante=Toyota&modelo=Hilux,catalogomodelo.asp?fabricante=Toyota&modelo=Hilux,Hilux,"{'fabricante': ['Toyota'], 'modelo': ['Hilux']}"
Toyota,Land Cruiser Prado,Land Cruiser Prado,https://www.carrosnaweb.com.br/catalogomodelo.asp?fabricante=Toyota&modelo=Land Cruiser Prado,catalogomodelo.asp?fabricante=Toyota&modelo=Land Cruiser Prado,Land Cruiser Prado,"{'fabricante': ['Toyota'], 'modelo': ['Land Cruiser Prado']}"
Toyota,MR2,MR2,https://www.carrosnaweb.com.br/catalogomodelo.asp?fabricante=Toyota&modelo=MR2,catalogomodelo.asp?fabricante=Toyota&modelo=MR2,MR2,"{'fabricante': ['Toyota'], 'modelo': ['MR2']}"
Toyota,Paseo,Paseo,https://www.carrosnaweb.com.br/catalogomodelo.asp?fabricante=Toyota&modelo=Paseo,catalogomodelo.asp?fabricante=Toyota&modelo=Paseo,Paseo,"{'fabricante': ['Toyota'], 'modelo': ['Paseo']}"
Toyota,Previa,Previa,https://www.carrosnaweb.com.br/catalogomodelo.asp?fabricante=Toyota&modelo=Previa,catalogomodelo.asp?fabricante=Toyota&modelo=Previa,Previa,"{'fabricante': ['Toyota'], 'modelo': ['Previa']}"
Toyota,Prius,Prius,https://www.carrosnaweb.com.br/catalogomodelo.asp?fabricante=Toyota&modelo=Prius,catalogomodelo.asp?fabricante=Toyota&modelo=Prius,Prius,"{'fabricante': ['Toyota'], 'modelo': ['Prius']}"
Toyota,RAV4,RAV4,https://www.carrosnaweb.com.br/catalogomodelo.asp?fabricante=Toyota&modelo=RAV4,catalogomodelo.asp?fabricante=Toyota&modelo=RAV4,RAV4,"{'fabricante': ['Toyota'], 'modelo': ['RAV4']}"
Toyota,SW4,SW4,https://www.carrosnaweb.com.br/catalogomodelo.asp?fabricante=Toyota&modelo=SW4,catalogomodelo.asp?fabricante=Toyota&modelo=SW4,SW4,"{'fabricante': ['Toyota'], 'modelo': ['SW4']}"
Toyota,Sienna,Sienna,https://www.carrosnaweb.com.br/catalogomodelo.asp?fabricante=Toyota&modelo=Sienna,catalogomodelo.asp?fabricante=Toyota&modelo=Sienna,Sienna,"{'fabricante': ['Toyota'], 'modelo': ['Sienna']}"
Toyota,Supra,Supra,https://www.carrosnaweb.com.br/catalogomodelo.asp?fabricante=Toyota&modelo=Supra,catalogomodelo.asp?fabricante=Toyota&modelo=Supra,Supra,"{'fabricante': ['Toyota'], 'modelo': ['Supra']}"
Toyota,Tundra,Tundra,https://www.carrosnaweb.com.br/catalogomodelo.asp?fabricante=Toyota&modelo=Tundra,catalogomodelo.asp?fabricante=Toyota&modelo=Tundra,Tundra,"{'fabricante': ['Toyota'], 'modelo': ['Tundra']}"
Toyota,Yaris,Yaris,https://www.carrosnaweb.com.br/catalogomodelo.asp?fabricante=Toyota&modelo=Yaris,catalogomodelo.asp?fabricante=Toyota&modelo=Yaris,Yaris,"{'fabricante': ['Toyota'], 'modelo': ['Yaris']}"
Toyota,Yaris Cross,Yaris Cross,https://www.carrosnaweb.com.br/catalogomodelo.asp?fabricante=Toyota&modelo=Yaris Cross,catalogomodelo.asp?fabricante=Toyota&modelo=Yaris Cross,Yaris Cross,"{'fabricante': ['Toyota'], 'modelo': ['Yaris Cross']}"
Toyota,Yaris GR,Yaris GR,https://www.carrosnaweb.com.br/catalogomodelo.asp?fabricante=Toyota&modelo=Yaris GR,catalogomodelo.asp?fabricante=Toyota&modelo=Yaris GR,Yaris GR,"{'fabricante': ['Toyota'], 'modelo': ['Yaris GR']}"
Toyota,Yaris Sedan,Yaris Sedan,https://www.carrosnaweb.com.br/catalogomodelo.asp?fabricante=Toyota&modelo=Yaris Sedan,catalogomodelo.asp?fabricante=Toyota&modelo=Yaris Sedan,Yaris Sedan,"{'fabricante': ['Toyota'], 'modelo': ['Yaris Sedan']}"
Toyota,bZ4X,bZ4X,https://www.carrosnaweb.com.br/catalogomodelo.asp?fabricante=Toyota&modelo=bZ4X,catalogomodelo.asp?fabricante=Toyota&modelo=bZ4X,bZ4X,"{'fabricante': ['Toyota'], 'modelo': ['bZ4X']}"
Troller,Pantanal,Pantanal,https://www.carrosnaweb.com.br/catalogomodelo.asp?fabricante=Troller&modelo=Pantanal,catalogomodelo.asp?fabricante=Troller&modelo=Pantanal,Pantanal,"{'fabricante': ['Troller'], 'modelo': ['Pantanal']}"
Troller,RF,RF,https://www.carrosnaweb.com.br/catalogomodelo.asp?fabricante=Troller&modelo=RF,catalogomodelo.asp?fabricante=Troller&modelo=RF,RF,"{'fabricante': ['Troller'], 'modelo': ['RF']}"
Troller,T4,T4,https://www.carrosnaweb.com.br/catalogomodelo.asp?fabricante=Troller&modelo=T4,catalogomodelo.asp?fabricante=Troller&modelo=T4,T4,"{'fabricante': ['Troller'], 'modelo': ['T4']}"
Volkswagen,1600,1600,https://www.carrosnaweb.com.br/catalogomodelo.asp?fabricante=Volkswagen&modelo=1600,catalogomodelo.asp?fabricante=Volkswagen&modelo=1600,1600,"{'fabricante': ['Volkswagen'], 'modelo': ['1600']}"
Volkswagen,Amarok,Amarok,https://www.carrosnaweb.com.br/catalogomodelo.asp?fabricante=Volkswagen&modelo=Amarok,catalogomodelo.asp?fabricante=Volkswagen&modelo=Amarok,Amarok,"{'fabricante': ['Volkswagen'], 'modelo': ['Amarok']}"
Volkswagen,Apollo,Apollo,https://www.carrosnaweb.com.br/catalogomodelo.asp?fabricante=Volkswagen&modelo=Apollo,catalogomodelo.asp?fabricante=Volkswagen&modelo=Apollo,Apollo,"{'fabricante': ['Volkswagen'], 'modelo': ['Apollo']}"
Volkswagen,Arteon,Arteon,https://www.carrosnaweb.com.br/catalogomodelo.asp?fabricante=Volkswagen&modelo=Arteon,catalogomodelo.asp?fabricante=Volkswagen&modelo=Arteon,Arteon,"{'fabricante': ['Volkswagen'], 'modelo': ['Arteon']}"
Volkswagen,Arteon Shooting Brake,Arteon Shooting Brake,https://www.carrosnaweb.com.br/catalogomodelo.asp?fabricante=Volkswagen&modelo=Arteon Shooting Brake,catalogomodelo.asp?fabricante=Volkswagen&modelo=Arteon Shooting Brake,Arteon Shooting Brake,"{'fabricante': ['Volkswagen'], 'modelo': ['Arteon Shooting Brake']}"
Volkswagen,Bora,Bora,https://www.carrosnaweb.com.br/catalogomodelo.asp?fabricante=Volkswagen&modelo=Bora,catalogomodelo.asp?fabricante=Volkswagen&modelo=Bora,Bora,"{'fabricante': ['Volkswagen'], 'modelo': ['Bora']}"
Volkswagen,Brasilia,Brasilia,https://www.carrosnaweb.com.br/catalogomodelo.asp?fabricante=Volkswagen&modelo=Brasilia,catalogomodelo.asp?fabricante=Volkswagen&modelo=Brasilia,Brasilia,"{'fabricante': ['Volkswagen'], 'modelo': ['Brasilia']}"
Volkswagen,CC,CC,https://www.carrosnaweb.com.br/catalogomodelo.asp?fabricante=Volkswagen&modelo=CC,catalogomodelo.asp?fabricante=Volkswagen&modelo=CC,CC,"{'fabricante': ['Volkswagen'], 'modelo': ['CC']}"
Volkswagen,Caravelle,Caravelle,https://www.carrosnaweb.com.br/catalogomodelo.asp?fabricante=Volkswagen&modelo=Caravelle,catalogomodelo.asp?fabricante=Volkswagen&modelo=Caravelle,Caravelle,"{'fabricante': ['Volkswagen'], 'modelo': ['Caravelle']}"
Volkswagen,Corrado,Corrado,https://www.carrosnaweb.com.br/catalogomodelo.asp?fabricante=Volkswagen&modelo=Corrado,catalogomodelo.asp?fabricante=Volkswagen&modelo=Corrado,Corrado,"{'fabricante': ['Volkswagen'], 'modelo': ['Corrado']}"
Volkswagen,CrossFox,CrossFox,https://www.carrosnaweb.com.br/catalogomodelo.asp?fabricante=Volkswagen&modelo=CrossFox,catalogomodelo.asp?fabricante=Volkswagen&modelo=CrossFox,CrossFox,"{'fabricante': ['Volkswagen'], 'modelo': ['CrossFox']}"
Volkswagen,Delivery,Delivery,https://www.carrosnaweb.com.br/catalogomodelo.asp?fabricante=Volkswagen&modelo=Delivery,catalogomodelo.asp?fabricante=Volkswagen&modelo=Delivery,Delivery,"{'fabricante': ['Volkswagen'], 'modelo': ['Delivery']}"
Volkswagen,Eos,Eos,https://www.carrosnaweb.com.br/catalogomodelo.asp?fabricante=Volkswagen&modelo=Eos,catalogomodelo.asp?fabricante=Volkswagen&modelo=Eos,Eos,"{'fabricante': ['Volkswagen'], 'modelo': ['Eos']}"
Volkswagen,Eurovan,Eurovan,https://www.carrosnaweb.com.br/catalogomodelo.asp?fabricante=Volkswagen&modelo=Eurovan,catalogomodelo.asp?fabricante=Volkswagen&modelo=Eurovan,Eurovan,"{'fabricante': ['Volkswagen'], 'modelo': ['Eurovan']}"
Volkswagen,Fox,Fox,https://www.carrosnaweb.com.br/catalogomodelo.asp?fabricante=Volkswagen&modelo=Fox,catalogomodelo.asp?fabricante=Volkswagen&modelo=Fox,Fox,"{'fabricante': ['Volkswagen'], 'modelo': ['Fox']}"
Volkswagen,Fusca,Fusca,https://www.carrosnaweb.com.br/catalogomodelo.asp?fabricante=Volkswagen&modelo=Fusca,catalogomodelo.asp?fabricante=Volkswagen&modelo=Fusca,Fusca,"{'fabricante': ['Volkswagen'], 'modelo': ['Fusca']}"
Volkswagen,Gol,Gol,https://www.carrosnaweb.com.br/catalogomodelo.asp?fabricante=Volkswagen&modelo=Gol,catalogomodelo.asp?fabricante=Volkswagen&modelo=Gol,Gol,"{'fabricante': ['Volkswagen'], 'modelo': ['Gol']}"
Volkswagen,Golf,Golf,https://www.carrosnaweb.com.br/catalogomodelo.asp?fabricante=Volkswagen&modelo=Golf,catalogomodelo.asp?fabricante=Volkswagen&modelo=Golf,Golf,"{'fabricante': ['Volkswagen'], 'modelo': ['Golf']}"
Volkswagen,Golf Cabriolet,Golf Cabriolet,https://www.carrosnaweb.com.br/catalogomodelo.asp?fabricante=Volkswagen&modelo=Golf Cabriolet,catalogomodelo.asp?fabricante=Volkswagen&modelo=Golf Cabriolet,Golf Cabriolet,"{'fabricante': ['Volkswagen'], 'modelo': ['Golf Cabriolet']}"
Volkswagen,Golf Variant,Golf Variant,https://www.carrosnaweb.com.br/catalogomodelo.asp?fabricante=Volkswagen&modelo=Golf Variant,catalogomodelo.asp?fabricante=Volkswagen&modelo=Golf Variant,Golf Variant,"{'fabricante': ['Volkswagen'], 'modelo': ['Golf Variant']}"
Volkswagen,ID.4,ID.4,https://www.carrosnaweb.com.br/catalogomodelo.asp?fabricante=Volkswagen&modelo=ID.4,catalogomodelo.asp?fabricante=Volkswagen&modelo=ID.4,ID.4,"{'fabricante': ['Volkswagen'], 'modelo': ['ID.4']}"
Volkswagen,ID.Buzz,ID.Buzz,https://www.carrosnaweb.com.br/catalogomodelo.asp?fabricante=Volkswagen&modelo=ID.Buzz,catalogomodelo.asp?fabricante=Volkswagen&modelo=ID.Buzz,ID.Buzz,"{'fabricante': ['Volkswagen'], 'modelo': ['ID.Buzz']}"
Volkswagen,Jetta,Jetta,https://www.carrosnaweb.com.br/catalogomodelo.asp?fabricante=Volkswagen&modelo=Jetta,catalogomodelo.asp?fabricante=Volkswagen&modelo=Jetta,Jetta,"{'fabricante': ['Volkswagen'], 'modelo': ['Jetta']}"
Volkswagen,Jetta Variant,Jetta Variant,https://www.carrosnaweb.com.br/catalogomodelo.asp?fabricante=Volkswagen&modelo=Jetta Variant,catalogomodelo.asp?fabricante=Volkswagen&modelo=Jetta Variant,Jetta Variant,"{'fabricante': ['Volkswagen'], 'modelo': ['Jetta Variant']}"
Volkswagen,Karmann-Ghia,Karmann-Ghia,https://www.carrosnaweb.com.br/catalogomodelo.asp?fabricante=Volkswagen&modelo=Karmann-Ghia,catalogomodelo.asp?fabricante=Volkswagen&modelo=Karmann-Ghia,Karmann-Ghia,"{'fabricante': ['Volkswagen'], 'modelo': ['Karmann-Ghia']}"
Volkswagen,Kombi,Kombi,https://www.carrosnaweb.com.br/catalogomodelo.asp?fabricante=Volkswagen&modelo=Kombi,catalogomodelo.asp?fabricante=Volkswagen&modelo=Kombi,Kombi,"{'fabricante': ['Volkswagen'], 'modelo': ['Kombi']}"
Volkswagen,Logus,Logus,https://www.carrosnaweb.com.br/catalogomodelo.asp?fabricante=Volkswagen&modelo=Logus,catalogomodelo.asp?fabricante=Volkswagen&modelo=Logus,Logus,"{'fabricante': ['Volkswagen'], 'modelo': ['Logus']}"
Volkswagen,New Beetle,New Beetle,https://www.carrosnaweb.com.br/catalogomodelo.asp?fabricante=Volkswagen&modelo=New Beetle,catalogomodelo.asp?fabricante=Volkswagen&modelo=New Beetle,New Beetle,"{'fabricante': ['Volkswagen'], 'modelo': ['New Beetle']}"
Volkswagen,Nivus,Nivus,https://www.carrosnaweb.com.br/catalogomodelo.asp?fabricante=Volkswagen&modelo=Nivus,catalogomodelo.asp?fabricante=Volkswagen&modelo=Nivus,Nivus,"{'fabricante': ['Volkswagen'], 'modelo': ['Nivus']}"
Volkswagen,Parati,Parati,https://www.carrosnaweb.com.br/catalogomodelo.asp?fabricante=Volkswagen&modelo=Parati,catalogomodelo.asp?fabricante=Volkswagen&modelo=Parati,Parati,"{'fabricante': ['Volkswagen'], 'modelo': ['Parati']}"
Volkswagen,Passat,Passat,https://www.carrosnaweb.com.br/catalogomodelo.asp?fabricante=Volkswagen&modelo=Passat,catalogomodelo.asp?fabricante=Volkswagen&modelo=Passat,Passat,"{'fabricante': ['Volkswagen'], 'modelo': ['Passat']}"
Volkswagen,Passat Variant,Passat Variant,https://www.carrosnaweb.com.br/catalogomodelo.asp?fabricante=Volkswagen&modelo=Passat Variant,catalogomodelo.asp?fabricante=Volkswagen&modelo=Passat Variant,Passat Variant,"{'fabricante': ['Volkswagen'], 'modelo': ['Passat Variant']}"
Volkswagen,Phaeton,Phaeton,https://www.carrosnaweb.com.br/catalogomodelo.asp?fabricante=Volkswagen&modelo=Phaeton,catalogomodelo.asp?fabricante=Volkswagen&modelo=Phaeton,Phaeton,"{'fabricante': ['Volkswagen'], 'modelo': ['Phaeton']}"
Volkswagen,Pointer,Pointer,https://www.carrosnaweb.com.br/catalogomodelo.asp?fabricante=Volkswagen&modelo=Pointer,catalogomodelo.asp?fabricante=Volkswagen&modelo=Pointer,Pointer,"{'fabricante': ['Volkswagen'], 'modelo': ['Pointer']}"
Volkswagen,Polo,Polo,https://www.carrosnaweb.com.br/catalogomodelo.asp?fabricante=Volkswagen&modelo=Polo,catalogomodelo.asp?fabricante=Volkswagen&modelo=Polo,Polo,"{'fabricante': ['Volkswagen'], 'modelo': ['Polo']}"
Volkswagen,Polo Classic,Polo Classic,https://www.carrosnaweb.com.br/catalogomodelo.asp?fabricante=Volkswagen&modelo=Polo Classic,catalogomodelo.asp?fabricante=Volkswagen&modelo=Polo Classic,Polo Classic,"{'fabricante': ['Volkswagen'], 'modelo': ['Polo Classic']}"
Volkswagen,Polo Sedan,Polo Sedan,https://www.carrosnaweb.com.br/catalogomodelo.asp?fabricante=Volkswagen&modelo=Polo Sedan,catalogomodelo.asp?fabricante=Volkswagen&modelo=Polo Sedan,Polo Sedan,"{'fabricante': ['Volkswagen'], 'modelo': ['Polo Sedan']}"
Volkswagen,Quantum,Quantum,https://www.carrosnaweb.com.br/catalogomodelo.asp?fabricante=Volkswagen&modelo=Quantum,catalogomodelo.asp?fabricante=Volkswagen&modelo=Quantum,Quantum,"{'fabricante': ['Volkswagen'], 'modelo': ['Quantum']}"
Volkswagen,SP,SP,https://www.carrosnaweb.com.br/catalogomodelo.asp?fabricante=Volkswagen&modelo=SP,catalogomodelo.asp?fabricante=Volkswagen&modelo=SP,SP,"{'fabricante': ['Volkswagen'], 'modelo': ['SP']}"
Volkswagen,Santana,Santana,https://www.carrosnaweb.com.br/catalogomodelo.asp?fabricante=Volkswagen&modelo=Santana,catalogomodelo.asp?fabricante=Volkswagen&modelo=Santana,Santana,"{'fabricante': ['Volkswagen'], 'modelo': ['Santana']}"
Volkswagen,Saveiro,Saveiro,https://www.carrosnaweb.com.br/catalogomodelo.asp?fabricante=Volkswagen&modelo=Saveiro,catalogomodelo.asp?fabricante=Volkswagen&modelo=Saveiro,Saveiro,"{'fabricante': ['Volkswagen'], 'modelo': ['Saveiro']}"
Volkswagen,Space Cross,Space Cross,https://www.carrosnaweb.com.br/catalogomodelo.asp?fabricante=Volkswagen&modelo=Space Cross,catalogomodelo.asp?fabricante=Volkswagen&modelo=Space Cross,Space Cross,"{'fabricante': ['Volkswagen'], 'modelo': ['Space Cross']}"
Volkswagen,SpaceFox,SpaceFox,https://www.carrosnaweb.com.br/catalogomodelo.asp?fabricante=Volkswagen&modelo=SpaceFox,catalogomodelo.asp?fabricante=Volkswagen&modelo=SpaceFox,SpaceFox,"{'fabricante': ['Volkswagen'], 'modelo': ['SpaceFox']}"
Volkswagen,T-Cross,T-Cross,https://www.carrosnaweb.com.br/catalogomodelo.asp?fabricante=Volkswagen&modelo=T-Cross,catalogomodelo.asp?fabricante=Volkswagen&modelo=T-Cross,T-Cross,"{'fabricante': ['Volkswagen'], 'modelo': ['T-Cross']}"
Volkswagen,TL,TL,https://www.carrosnaweb.com.br/catalogomodelo.asp?fabricante=Volkswagen&modelo=TL,catalogomodelo.asp?fabricante=Volkswagen&modelo=TL,TL,"{'fabricante': ['Volkswagen'], 'modelo': ['TL']}"
Volkswagen,Taos,Taos,https://www.carrosnaweb.com.br/catalogomodelo.asp?fabricante=Volkswagen&modelo=Taos,catalogomodelo.asp?fabricante=Volkswagen&modelo=Taos,Taos,"{'fabricante': ['Volkswagen'], 'modelo': ['Taos']}"
Volkswagen,Tera,Tera,https://www.carrosnaweb.com.br/catalogomodelo.asp?fabricante=Volkswagen&modelo=Tera,catalogomodelo.asp?fabricante=Volkswagen&modelo=Tera,Tera,"{'fabricante': ['Volkswagen'], 'modelo': ['Tera']}"
Volkswagen,Tiguan,Tiguan,https://www.carrosnaweb.com.br/catalogomodelo.asp?fabricante=Volkswagen&modelo=Tiguan,catalogomodelo.asp?fabricante=Volkswagen&modelo=Tiguan,Tiguan,"{'fabricante': ['Volkswagen'], 'modelo': ['Tiguan']}"
Volkswagen,Touareg,Touareg,https://www.carrosnaweb.com.br/catalogomodelo.asp?fabricante=Volkswagen&modelo=Touareg,catalogomodelo.asp?fabricante=Volkswagen&modelo=Touareg,Touareg,"{'fabricante': ['Volkswagen'], 'modelo': ['Touareg']}"
Volkswagen,Tukan,Tukan,https://www.carrosnaweb.com.br/catalogomodelo.asp?fabricante=Volkswagen&modelo=Tukan,catalogomodelo.asp?fabricante=Volkswagen&modelo=Tukan,Tukan,"{'fabricante': ['Volkswagen'], 'modelo': ['Tukan']}"
Volkswagen,Up,Up,https://www.carrosnaweb.com.br/catalogomodelo.asp?fabricante=Volkswagen&modelo=Up,catalogomodelo.asp?fabricante=Volkswagen&modelo=Up,Up,"{'fabricante': ['Volkswagen'], 'modelo': ['Up']}"
Volkswagen,Van,Van,https://www.carrosnaweb.com.br/catalogomodelo.asp?fabricante=Volkswagen&modelo=Van,catalogomodelo.asp?fabricante=Volkswagen&modelo=Van,Van,"{'fabricante': ['Volkswagen'], 'modelo': ['Van']}"
Volkswagen,Variant,Variant,https://www.carrosnaweb.com.br/catalogomodelo.asp?fabricante=Volkswagen&modelo=Variant,catalogomodelo.asp?fabricante=Volkswagen&modelo=Variant,Variant,"{'fabricante': ['Volkswagen'], 'modelo': ['Variant']}"
Volkswagen,Virtus,Virtus,https://www.carrosnaweb.com.br/catalogomodelo.asp?fabricante=Volkswagen&modelo=Virtus,catalogomodelo.asp?fabricante=Volkswagen&modelo=Virtus,Virtus,"{'fabricante': ['Volkswagen'], 'modelo': ['Virtus']}"
Volkswagen,Voyage,Voyage,https://www.carrosnaweb.com.br/catalogomodelo.asp?fabricante=Volkswagen&modelo=Voyage,catalogomodelo.asp?fabricante=Volkswagen&modelo=Voyage,Voyage,"{'fabricante': ['Volkswagen'], 'modelo': ['Voyage']}"
Volvo,460,460,https://www.carrosnaweb.com.br/catalogomodelo.asp?fabricante=Volvo&modelo=460,catalogomodelo.asp?fabricante=Volvo&modelo=460,460,"{'fabricante': ['Volvo'], 'modelo': ['460']}"
Volvo,850,850,https://www.carrosnaweb.com.br/catalogomodelo.asp?fabricante=Volvo&modelo=850,catalogomodelo.asp?fabricante=Volvo&modelo=850,850,"{'fabricante': ['Volvo'], 'modelo': ['850']}"
Volvo,850 SW,850 SW,https://www.carrosnaweb.com.br/catalogomodelo.asp?fabricante=Volvo&modelo=850 SW,catalogomodelo.asp?fabricante=Volvo&modelo=850 SW,850 SW,"{'fabricante': ['Volvo'], 'modelo': ['850 SW']}"
Volvo,940,940,https://www.carrosnaweb.com.br/catalogomodelo.asp?fabricante=Volvo&modelo=940,catalogomodelo.asp?fabricante=Volvo&modelo=940,940,"{'fabricante': ['Volvo'], 'modelo': ['940']}"
Volvo,940 SW,940 SW,https://www.carrosnaweb.com.br/catalogomodelo.asp?fabricante=Volvo&modelo=940 SW,catalogomodelo.asp?fabricante=Volvo&modelo=940 SW,940 SW,"{'fabricante': ['Volvo'], 'modelo': ['940 SW']}"
Volvo,960,960,https://www.carrosnaweb.com.br/catalogomodelo.asp?fabricante=Volvo&modelo=960,catalogomodelo.asp?fabricante=Volvo&modelo=960,960,"{'fabricante': ['Volvo'], 'modelo': ['960']}"
Volvo,C30,C30,https://www.carrosnaweb.com.br/catalogomodelo.asp?fabricante=Volvo&modelo=C30,catalogomodelo.asp?fabricante=Volvo&modelo=C30,C30,"{'fabricante': ['Volvo'], 'modelo': ['C30']}"
Volvo,C40,C40,https://www.carrosnaweb.com.br/catalogomodelo.asp?fabricante=Volvo&modelo=C40,catalogomodelo.asp?fabricante=Volvo&modelo=C40,C40,"{'fabricante': ['Volvo'], 'modelo': ['C40']}"
Volvo,C70,C70,https://www.carrosnaweb.com.br/catalogomodelo.asp?fabricante=Volvo&modelo=C70,catalogomodelo.asp?fabricante=Volvo&modelo=C70,C70,"{'fabricante': ['Volvo'], 'modelo': ['C70']}"
Volvo,C70 Cabriolet,C70 Cabriolet,https://www.carrosnaweb.com.br/catalogomodelo.asp?fabricante=Volvo&modelo=C70 Cabriolet,catalogomodelo.asp?fabricante=Volvo&modelo=C70 Cabriolet,C70 Cabriolet,"{'fabricante': ['Volvo'], 'modelo': ['C70 Cabriolet']}"
Volvo,EC40,EC40,https://www.carrosnaweb.com.br/catalogomodelo.asp?fabricante=Volvo&modelo=EC40,catalogomodelo.asp?fabricante=Volvo&modelo=EC40,EC40,"{'fabricante': ['Volvo'], 'modelo': ['EC40']}"
Volvo,EX30,EX30,https://www.carrosnaweb.com.br/catalogomodelo.asp?fabricante=Volvo&modelo=EX30,catalogomodelo.asp?fabricante=Volvo&modelo=EX30,EX30,"{'fabricante': ['Volvo'], 'modelo': ['EX30']}"
Volvo,EX40,EX40,https://www.carrosnaweb.com.br/catalogomodelo.asp?fabricante=Volvo&modelo=EX40,catalogomodelo.asp?fabricante=Volvo&modelo=EX40,EX40,"{'fabricante': ['Volvo'], 'modelo': ['EX40']}"
Volvo,EX60,EX60,https://www.carrosnaweb.com.br/catalogomodelo.asp?fabricante=Volvo&modelo=EX60,catalogomodelo.asp?fabricante=Volvo&modelo=EX60,EX60,"{'fabricante': ['Volvo'], 'modelo': ['EX60']}"
Volvo,EX90,EX90,https://www.carrosnaweb.com.br/catalogomodelo.asp?fabricante=Volvo&modelo=EX90,catalogomodelo.asp?fabricante=Volvo&modelo=EX90,EX90,"{'fabricante': ['Volvo'], 'modelo': ['EX90']}"
Volvo,S40,S40,https://www.carrosnaweb.com.br/catalogomodelo.asp?fabricante=Volvo&modelo=S40,catalogomodelo.asp?fabricante=Volvo&modelo=S40,S40,"{'fabricante': ['Volvo'], 'modelo': ['S40']}"
Volvo,S60,S60,https://www.carrosnaweb.com.br/catalogomodelo.asp?fabricante=Volvo&modelo=S60,catalogomodelo.asp?fabricante=Volvo&modelo=S60,S60,"{'fabricante': ['Volvo'], 'modelo': ['S60']}"
Volvo,S70,S70,https://www.carrosnaweb.com.br/catalogomodelo.asp?fabricante=Volvo&modelo=S70,catalogomodelo.asp?fabricante=Volvo&modelo=S70,S70,"{'fabricante': ['Volvo'], 'modelo': ['S70']}"
Volvo,S80,S80,https://www.carrosnaweb.com.br/catalogomodelo.asp?fabricante=Volvo&modelo=S80,catalogomodelo.asp?fabricante=Volvo&modelo=S80,S80,"{'fabricante': ['Volvo'], 'modelo': ['S80']}"
Volvo,S90,S90,https://www.carrosnaweb.com.br/catalogomodelo.asp?fabricante=Volvo&modelo=S90,catalogomodelo.asp?fabricante=Volvo&modelo=S90,S90,"{'fabricante': ['Volvo'], 'modelo': ['S90']}"
Volvo,V40,V40,https://www.carrosnaweb.com.br/catalogomodelo.asp?fabricante=Volvo&modelo=V40,catalogomodelo.asp?fabricante=Volvo&modelo=V40,V40,"{'fabricante': ['Volvo'], 'modelo': ['V40']}"
Volvo,V40 SW,V40 SW,https://www.carrosnaweb.com.br/catalogomodelo.asp?fabricante=Volvo&modelo=V40 SW,catalogomodelo.asp?fabricante=Volvo&modelo=V40 SW,V40 SW,"{'fabricante': ['Volvo'], 'modelo': ['V40 SW']}"
Volvo,V50,V50,https://www.carrosnaweb.com.br/catalogomodelo.asp?fabricante=Volvo&modelo=V50,catalogomodelo.asp?fabricante=Volvo&modelo=V50,V50,"{'fabricante': ['Volvo'], 'modelo': ['V50']}"
Volvo,V60,V60,https://www.carrosnaweb.com.br/catalogomodelo.asp?fabricante=Volvo&modelo=V60,catalogomodelo.asp?fabricante=Volvo&modelo=V60,V60,"{'fabricante': ['Volvo'], 'modelo': ['V60']}"
Volvo,V70,V70,https://www.carrosnaweb.com.br/catalogomodelo.asp?fabricante=Volvo&modelo=V70,catalogomodelo.asp?fabricante=Volvo&modelo=V70,V70,"{'fabricante': ['Volvo'], 'modelo': ['V70']}"
Volvo,XC40,XC40,https://www.carrosnaweb.com.br/catalogomodelo.asp?fabricante=Volvo&modelo=XC40,catalogomodelo.asp?fabricante=Volvo&modelo=XC40,XC40,"{'fabricante': ['Volvo'], 'modelo': ['XC40']}"
Volvo,XC60,XC60,https://www.carrosnaweb.com.br/catalogomodelo.asp?fabricante=Volvo&modelo=XC60,catalogomodelo.asp?fabricante=Volvo&modelo=XC60,XC60,"{'fabricante': ['Volvo'], 'modelo': ['XC60']}"
Volvo,XC70,XC70,https://www.carrosnaweb.com.br/catalogomodelo.asp?fabricante=Volvo&modelo=XC70,catalogomodelo.asp?fabricante=Volvo&modelo=XC70,XC70,"{'fabricante': ['Volvo'], 'modelo': ['XC70']}"
Volvo,XC90,XC90,https://www.carrosnaweb.com.br/catalogomodelo.asp?fabricante=Volvo&modelo=XC90,catalogomodelo.asp?fabricante=Volvo&modelo=XC90,XC90,"{'fabricante': ['Volvo'], 'modelo': ['XC90']}"
W Motors,Fenyr SuperSport,Fenyr SuperSport,https://www.carrosnaweb.com.br/catalogomodelo.asp?fabricante=W Motors&modelo=Fenyr SuperSport,catalogomodelo.asp?fabricante=W Motors&modelo=Fenyr SuperSport,Fenyr SuperSport,"{'fabricante': ['W Motors'], 'modelo': ['Fenyr SuperSport']}"
W Motors,Lykan HyperSport,Lykan HyperSport,https://www.carrosnaweb.com.br/catalogomodelo.asp?fabricante=W Motors&modelo=Lykan HyperSport,catalogomodelo.asp?fabricante=W Motors&modelo=Lykan HyperSport,Lykan HyperSport,"{'fabricante': ['W Motors'], 'modelo': ['Lykan HyperSport']}"
Xiaomi,SU7,SU7,https://www.carrosnaweb.com.br/catalogomodelo.asp?fabricante=Xiaomi&modelo=SU7,catalogomodelo.asp?fabricante=Xiaomi&modelo=SU7,SU7,"{'fabricante': ['Xiaomi'], 'modelo': ['SU7']}"
Zeekr,001,001,https://www.carrosnaweb.com.br/catalogomodelo.asp?fabricante=Zeekr&modelo=001,catalogomodelo.asp?fabricante=Zeekr&modelo=001,001,"{'fabricante': ['Zeekr'], 'modelo': ['001']}"
Zeekr,7X,7X,https://www.carrosnaweb.com.br/catalogomodelo.asp?fabricante=Zeekr&modelo=7X,catalogomodelo.asp?fabricante=Zeekr&modelo=7X,7X,"{'fabricante': ['Zeekr'], 'modelo': ['7X']}"
Zeekr,X,X,https://www.carrosnaweb.com.br/catalogomodelo.asp?fabricante=Zeekr&modelo=X,catalogomodelo.asp?fabricante=Zeekr&modelo=X,X,"{'fabricante': ['Zeekr'], 'modelo': ['X']}"
